wait_hours,required_consecutive_hits,configuration_count,finite_Sharpe_count,undefined_Sharpe_count,beat_BH_Sharpe_count,beat_BH_Sharpe_pct,tie_BH_Sharpe_count,strict_gt_BH_Sharpe_count,below_BH_Sharpe_count,near_tie_within_1e_10_count,BH_cash_excess_Sharpe,median_finite_Sharpe,best_finite_Sharpe,cash_nominal_annual_rate,commission_bps,slippage_bps,median_completed_round_trips,median_one_way_orders
0.0,1,289,289,0,200,69.20415224913495,0,200,89,0,0.04332982424247732,0.13462088219419155,0.45961470358133305,0.03,1,3,144.0,288.0
0.5,2,289,289,0,208,71.97231833910034,0,208,81,0,0.04332982424247732,0.13824141834486464,0.47074868154133986,0.03,1,3,92.0,184.0
1.0,3,289,289,0,193,66.78200692041523,0,193,96,0,0.04332982424247732,0.1288902744672961,0.5019277388347532,0.03,1,3,76.0,152.0
1.5,4,289,289,0,192,66.43598615916954,0,192,97,0,0.04332982424247732,0.12866199275330611,0.49389703556223635,0.03,1,3,66.0,132.0
2.0,5,289,289,0,187,64.70588235294117,0,187,102,0,0.04332982424247732,0.10527014426108446,0.4958117403984282,0.03,1,3,62.0,124.0
2.5,6,289,289,0,180,62.28373702422145,0,180,109,0,0.04332982424247732,0.10564184016329925,0.49096301635426454,0.03,1,3,59.0,118.0
3.0,7,289,289,0,181,62.62975778546713,0,181,108,0,0.04332982424247732,0.10393039382630193,0.47881397646042123,0.03,1,3,55.0,110.0
3.5,8,289,289,0,173,59.86159169550173,0,173,116,0,0.04332982424247732,0.09609767594883498,0.4695465816186195,0.03,1,3,53.0,106.0
4.0,9,289,289,0,169,58.477508650519034,0,169,120,0,0.04332982424247732,0.10049269103699192,0.48172061513186687,0.03,1,3,51.0,102.0
4.5,10,289,289,0,171,59.16955017301038,0,171,118,0,0.04332982424247732,0.08974684902754444,0.46882793635018527,0.03,1,3,49.0,98.0
5.0,11,289,289,0,169,58.477508650519034,0,169,120,0,0.04332982424247732,0.08450772985247391,0.4634011682620365,0.03,1,3,45.0,90.0
5.5,12,289,289,0,159,55.017301038062286,0,159,130,0,0.04332982424247732,0.06300558160160259,0.45891363026468346,0.03,1,3,44.0,88.0
6.0,13,289,289,0,165,57.09342560553633,0,165,124,0,0.04332982424247732,0.08755879096273328,0.4660270415768414,0.03,1,3,43.0,86.0
