development_shortlist_order,family_selection_rank,candidate_id,entry_family,exit_family,family_cell,entry_rule,exit_rule,entry_confirmation_hours,exit_confirmation_hours,entry_required_checks,exit_required_checks,cash_excess_sharpe,cash_excess_Sharpe,cagr,max_drawdown,annualized_volatility,exposure_fraction,total_turnover,annualized_turnover,trade_count,order_count,average_holding_hours,total_commission,total_slippage,cost_drag_return,terminal_equity,gross_terminal_equity,cash_terminal_equity,total_return,scored_sessions,start_session,end_session,sampling_minutes,commission_bps,slippage_bps,quality_profile,daily_valuation_hour_ny,daily_quote_kind,unknown_missing_slots,halt_affected_slots,quality_classification_complete,tradable_price_coverage_complete,source_row_presence_complete,raw_intraday_price_coverage_complete,all_slots_signal_eligible,cancelled_blackout_order_count,cancelled_terminal_order_count,post_gap_confirmed_buy_count,post_gap_confirmed_sell_count,post_gap_confirmed_signal_count,has_post_gap_confirmed_signal
1,1,v5_30m__entry_sma_100__exit_sma_50__entry_hours_6p5__exit_hours_0,SMA,SMA,SMA/SMA,sma_100,sma_50,6.5,0.0,14.0,1.0,0.49918780713065075,0.49918780713065075,0.08120198620004682,-0.1843367424882122,0.13513742071256715,0.47131358109265287,127.97440831744092,11.636029590587661,64,128,709.5,20.855115857091167,62.565463173678594,0.12397858154597362,2359.9962757307,2483.9748572766734,1243.8907190194404,1.3599962757306998,2767,2001-01-02,2011-12-30,30,1.0,3.0,observed_only_blackout_v1,17,provider_daily_raw_close_not_NOCP,14,0,True,False,False,False,False,0,0,0,0,0,False
2,2,v5_30m__entry_sma_10__exit_sma_20__entry_hours_0p5__exit_hours_0,SMA,SMA,SMA/SMA,sma_10,sma_20,0.5,0.0,2.0,1.0,0.444344360670142,0.444344360670142,0.08354221185503774,-0.18312433344127654,0.1676454072026821,0.5257697717022944,491.9016319701637,44.725988738821336,246,492,205.91260162601625,82.6711203703105,248.01350459466838,0.5256526438196851,2416.787966155414,2942.440609975099,1243.8907190194404,1.4167879661554137,2767,2001-01-02,2011-12-30,30,1.0,3.0,observed_only_blackout_v1,17,provider_daily_raw_close_not_NOCP,14,0,True,False,False,False,False,0,1,0,0,0,False
3,3,v5_30m__entry_sma_20__exit_sma_50__entry_hours_3__exit_hours_0,SMA,SMA,SMA/SMA,sma_20,sma_50,3.0,0.0,7.0,1.0,0.4267026592704566,0.4267026592704566,0.07739543963053852,-0.18333753213511195,0.15746932225343674,0.5257957205208447,183.96321195632135,16.726792536469766,92,184,550.6195652173913,25.13602099186341,75.4081749974968,0.17338972681487574,2270.2071221899414,2443.596849004817,1243.8907190194404,1.2702071221899414,2767,2001-01-02,2011-12-30,30,1.0,3.0,observed_only_blackout_v1,17,provider_daily_raw_close_not_NOCP,14,0,True,False,False,False,False,0,0,0,0,0,False
4,4,v5_30m__entry_sma_10__exit_sma_50__entry_hours_2__exit_hours_0,SMA,SMA,SMA/SMA,sma_10,sma_50,2.0,0.0,5.0,1.0,0.42350091844806675,0.42350091844806675,0.07728580068499635,-0.18940639487489208,0.1589850005290694,0.5345923700093935,213.95721390572157,19.45398697176375,107,214,481.35046728971963,30.478432489167204,91.4354114057777,0.2026625758833852,2267.667596622203,2470.330172505588,1243.8907190194404,1.2676675966222026,2767,2001-01-02,2011-12-30,30,1.0,3.0,observed_only_blackout_v1,17,provider_daily_raw_close_not_NOCP,14,0,True,False,False,False,False,0,0,0,0,0,False
5,5,v5_30m__entry_sma_50__exit_sma_50__entry_hours_6p5__exit_hours_0,SMA,SMA,SMA/SMA,sma_50,sma_50,6.5,0.0,14.0,1.0,0.4077606262709865,0.4077606262709865,0.0737555804892478,-0.21190107446943773,0.15585889134870518,0.5188206780945264,159.96801039680116,14.545036988234578,80,160,624.8125,22.65170715263443,67.95522461970698,0.14456164651038989,2187.265793603396,2331.827440113786,1243.8907190194404,1.187265793603396,2767,2001-01-02,2011-12-30,30,1.0,3.0,observed_only_blackout_v1,17,provider_daily_raw_close_not_NOCP,14,0,True,False,False,False,False,0,0,0,0,0,False
6,1,v5_30m__entry_sma_20__exit_ema_100__entry_hours_0__exit_hours_3,SMA,EMA,SMA/EMA,sma_20,ema_100,0.0,3.0,1.0,7.0,0.4912139481801165,0.4912139481801165,0.08496948811122462,-0.185039967363962,0.1482513947892155,0.5934183416629041,117.97640766764084,10.726964778823,59,118,969.0169491525423,19.661696525606686,58.98521671761851,0.11851074705426527,2452.0316050293673,2570.5423520836325,1243.8907190194404,1.4520316050293673,2767,2001-01-02,2011-12-30,30,1.0,3.0,observed_only_blackout_v1,17,provider_daily_raw_close_not_NOCP,14,0,True,False,False,False,False,0,0,0,0,0,False
7,2,v5_30m__entry_sma_10__exit_ema_100__entry_hours_1p5__exit_hours_1,SMA,EMA,SMA/EMA,sma_10,ema_100,1.5,1.0,4.0,3.0,0.4580452338830965,0.4580452338830965,0.07882729232893393,-0.2214877343755559,0.14577989740701056,0.5838068992718761,133.97320870732096,12.181468477646458,67,134,839.4925373134329,21.37806715126353,64.13431577292843,0.12684255583836512,2303.6107971654874,2430.4533530038525,1243.8907190194404,1.3036107971654873,2767,2001-01-02,2011-12-30,30,1.0,3.0,observed_only_blackout_v1,17,provider_daily_raw_close_not_NOCP,14,0,True,False,False,False,False,0,0,0,0,0,False
8,3,v5_30m__entry_sma_250__exit_ema_100__entry_hours_1p5__exit_hours_1,SMA,EMA,SMA/EMA,sma_250,ema_100,1.5,1.0,4.0,3.0,0.4247529196666079,0.4247529196666079,0.06732915590847721,-0.23075262642717764,0.12543478141168418,0.5274408756169332,109.97800714780078,9.99971292941127,55,110,923.9181818181818,18.29716894637478,54.891595977008535,0.09210241122833418,2047.5230623225737,2139.625473550908,1243.8907190194404,1.0475230623225738,2767,2001-01-02,2011-12-30,30,1.0,3.0,observed_only_blackout_v1,17,provider_daily_raw_close_not_NOCP,14,0,True,False,False,False,False,0,0,0,0,0,False
9,4,v5_30m__entry_sma_50__exit_ema_250__entry_hours_0__exit_hours_5p5,SMA,EMA,SMA/EMA,sma_50,ema_250,0.0,5.5,1.0,12.0,0.40622893470931737,0.40622893470931737,0.06955100916833068,-0.2170444620349583,0.14158918831922193,0.6135961429676107,45.990802989080294,4.181698134117438,23,46,2570.2608695652175,7.694950889229893,23.084944567920555,0.03890281126385708,2094.8914165390593,2133.7942278029163,1243.8907190194404,1.0948914165390593,2767,2001-01-02,2011-12-30,30,1.0,3.0,observed_only_blackout_v1,17,provider_daily_raw_close_not_NOCP,14,0,True,False,False,False,False,0,0,0,0,0,False
10,5,v5_30m__entry_sma_20__exit_ema_250__entry_hours_0__exit_hours_5p5,SMA,EMA,SMA/EMA,sma_20,ema_250,0.0,5.5,1.0,12.0,0.3683704312753386,0.3683704312753386,0.06391812137054198,-0.2261267257791294,0.14190371940785282,0.6182513610155329,51.98960337896034,4.727137021176234,26,52,2290.9423076923076,8.49170956355236,25.475210458708066,0.041545828215739905,1976.6946388324047,2018.2404670481446,1243.8907190194404,0.9766946388324047,2767,2001-01-02,2011-12-30,30,1.0,3.0,observed_only_blackout_v1,17,provider_daily_raw_close_not_NOCP,14,0,True,False,False,False,False,0,0,0,0,0,False
11,1,v5_30m__entry_sma_250__exit_macd_96_208_72__entry_hours_1__exit_hours_0p5,SMA,MACD,SMA/MACD,sma_250,macd_96_208_72,1.0,0.5,3.0,2.0,0.5056114291368018,0.5056114291368018,0.07432431600618417,-0.17569749934452839,0.11606023572667448,0.41694042670237225,33.9932022093202,3.0908203599998436,17,34,2362.9117647058824,5.746681177116917,17.24013892489365,0.030124946461111447,2200.041209315465,2230.1661557765765,1243.8907190194404,1.200041209315465,2767,2001-01-02,2011-12-30,30,1.0,3.0,observed_only_blackout_v1,17,provider_daily_raw_close_not_NOCP,14,0,True,False,False,False,False,0,0,0,0,0,False
12,2,v5_30m__entry_sma_250__exit_macd_12_26_9__entry_hours_0__exit_hours_0p5,SMA,MACD,SMA/MACD,sma_250,macd_12_26_9,0.0,0.5,1.0,2.0,0.3726343688117209,0.3726343688117209,0.05082309224316672,-0.12355373441832784,0.09103885572231002,0.32406441534716923,259.9480168948019,23.635685105881194,130,260,240.16538461538462,35.715510934519955,107.14659501517883,0.189059063884514,1724.984256547234,1914.043320431748,1243.8907190194404,0.724984256547234,2767,2001-01-02,2011-12-30,30,1.0,3.0,observed_only_blackout_v1,17,provider_daily_raw_close_not_NOCP,14,0,True,False,False,False,False,1,0,1,1,2,True
13,3,v5_30m__entry_sma_100__exit_macd_96_208_72__entry_hours_3p5__exit_hours_0,SMA,MACD,SMA/MACD,sma_100,macd_96_208_72,3.5,0.0,8.0,1.0,0.3646194912661416,0.3646194912661416,0.06814902429437253,-0.3568440071941591,0.16291728270106734,0.5228116063875612,27.994401819440167,2.545381472941048,14,28,3597.8214285714284,3.7346328928944112,11.203984911078031,0.023256735374684468,2064.8875199849526,2088.144255359637,1243.8907190194404,1.0648875199849526,2767,2001-01-02,2011-12-30,30,1.0,3.0,observed_only_blackout_v1,17,provider_daily_raw_close_not_NOCP,14,0,True,False,False,False,False,0,0,0,0,0,False
14,4,v5_30m__entry_sma_100__exit_macd_48_104_36__entry_hours_6p5__exit_hours_6p5,SMA,MACD,SMA/MACD,sma_100,macd_48_104_36,6.5,6.5,14.0,14.0,0.3351643537425848,0.3351643537425848,0.058833796900067625,-0.198976486387359,0.14139995943213549,0.43513054850612654,47.99040311904031,4.36351109647037,24,48,1746.75,6.744656535342526,20.234037036097778,0.0363526535894714,1875.2491673684015,1911.6018209578729,1243.8907190194404,0.8752491673684015,2767,2001-01-02,2011-12-30,30,1.0,3.0,observed_only_blackout_v1,17,provider_daily_raw_close_not_NOCP,14,0,True,False,False,False,False,0,0,0,0,0,False
15,5,v5_30m__entry_sma_250__exit_macd_6_13_5__entry_hours_4p5__exit_hours_6p5,SMA,MACD,SMA/MACD,sma_250,macd_6_13_5,4.5,6.5,10.0,14.0,0.32057266008767926,0.32057266008767926,0.04660264006979342,-0.13159223425014954,0.09416848078653967,0.3350459553576526,227.95441481544168,20.726677708234277,114,228,283.1535087719298,31.47732125009261,94.43201795962833,0.15758395670668052,1650.2997155743265,1807.883672281007,1243.8907190194404,0.6502997155743264,2767,2001-01-02,2011-12-30,30,1.0,3.0,observed_only_blackout_v1,17,provider_daily_raw_close_not_NOCP,14,0,True,False,False,False,False,0,0,0,0,0,False
16,1,v5_30m__entry_ema_100__exit_sma_50__entry_hours_3__exit_hours_0,EMA,SMA,EMA/SMA,ema_100,sma_50,3.0,0.0,7.0,1.0,0.49731766270036837,0.49731766270036837,0.0812766695496232,-0.16701044481249838,0.13603129200919667,0.5014194003747009,177.9644115664413,16.18135364941097,89,178,542.7921348314607,29.3778236700515,88.13359061904201,0.17429055503127164,2361.789755797105,2536.0803108283767,1243.8907190194404,1.3617897557971053,2767,2001-01-02,2011-12-30,30,1.0,3.0,observed_only_blackout_v1,17,provider_daily_raw_close_not_NOCP,14,0,True,False,False,False,False,0,0,0,0,0,False
17,2,v5_30m__entry_ema_200__exit_sma_50__entry_hours_4p5__exit_hours_0,EMA,SMA,EMA/SMA,ema_200,sma_50,4.5,0.0,10.0,1.0,0.4775792354476906,0.4775792354476906,0.06998172052355534,-0.17228502516095345,0.11382312188654595,0.44694245071021915,149.9700097470011,13.635972176469917,75,150,574.1333333333333,23.677445126890742,71.03242912101855,0.13011574317511349,2104.1883370968912,2234.3040802720047,1243.8907190194404,1.1041883370968915,2767,2001-01-02,2011-12-30,30,1.0,3.0,observed_only_blackout_v1,17,provider_daily_raw_close_not_NOCP,14,0,True,False,False,False,False,0,0,0,0,0,False
18,3,v5_30m__entry_ema_10__exit_sma_20__entry_hours_0p5__exit_hours_0,EMA,SMA,EMA/SMA,ema_10,sma_20,0.5,0.0,2.0,1.0,0.44975019687985285,0.44975019687985285,0.08471166170066446,-0.19689896338004964,0.16825848194668433,0.5334142936472103,513.8972333997239,46.725931324703595,257,514,199.96498054474708,85.53289315750985,256.5988268936556,0.5582440926275708,2445.630744037489,3003.87483666506,1243.8907190194404,1.445630744037489,2767,2001-01-02,2011-12-30,30,1.0,3.0,observed_only_blackout_v1,17,provider_daily_raw_close_not_NOCP,14,0,True,False,False,False,False,0,1,0,0,0,False
19,4,v5_30m__entry_ema_250__exit_sma_50__entry_hours_4p5__exit_hours_0,EMA,SMA,EMA/SMA,ema_250,sma_50,4.5,0.0,10.0,1.0,0.4446400098047903,0.4446400098047903,0.06406977886054088,-0.1781475858532976,0.10842945102112728,0.43001863125171913,151.9696098769611,13.817785138822849,76,152,545.125,23.56190952874101,70.68581095021429,0.12410618606531307,1979.7957908400467,2103.90197690536,1243.8907190194404,0.9797957908400468,2767,2001-01-02,2011-12-30,30,1.0,3.0,observed_only_blackout_v1,17,provider_daily_raw_close_not_NOCP,14,0,True,False,False,False,False,0,0,0,0,0,False
20,5,v5_30m__entry_ema_10__exit_sma_50__entry_hours_2p5__exit_hours_0,EMA,SMA,EMA/SMA,ema_10,sma_50,2.5,0.0,6.0,1.0,0.4358275041635789,0.4358275041635789,0.07952510869344409,-0.18670976216209445,0.15941782466732912,0.5335440377399617,207.95841351584153,18.908548084704954,104,208,494.2644230769231,29.577073395766696,88.73133838901633,0.20128567800311883,2320.0515387598543,2521.337216762973,1243.8907190194404,1.3200515387598544,2767,2001-01-02,2011-12-30,30,1.0,3.0,observed_only_blackout_v1,17,provider_daily_raw_close_not_NOCP,14,0,True,False,False,False,False,0,0,0,0,0,False
21,1,v5_30m__entry_ema_200__exit_ema_100__entry_hours_5p5__exit_hours_2p5,EMA,EMA,EMA/EMA,ema_200,ema_100,5.5,2.5,12.0,6.0,0.48042277574959164,0.48042277574959164,0.07584197021500128,-0.19532870669803637,0.12818745467793258,0.5383860872814461,85.9828055882806,7.817957381176083,43,86,1206.2790697674418,14.713082964691026,44.139353837887285,0.07820296899747382,2234.4647619051416,2312.6677309026154,1243.8907190194404,1.2344647619051416,2767,2001-01-02,2011-12-30,30,1.0,3.0,observed_only_blackout_v1,17,provider_daily_raw_close_not_NOCP,14,0,True,False,False,False,False,0,0,0,0,0,False
22,2,v5_30m__entry_ema_20__exit_ema_100__entry_hours_1p5__exit_hours_3,EMA,EMA,EMA/EMA,ema_20,ema_100,1.5,3.0,4.0,7.0,0.47311326472907944,0.47311326472907944,0.08158305549594624,-0.20191667230300625,0.14687413324059717,0.5871439173374436,105.97880688788075,9.636087004705406,53,106,1067.311320754717,18.096310256734682,54.28904957548525,0.1026124153033311,2369.1604234052525,2471.7728387085835,1243.8907190194404,1.3691604234052526,2767,2001-01-02,2011-12-30,30,1.0,3.0,observed_only_blackout_v1,17,provider_daily_raw_close_not_NOCP,14,0,True,False,False,False,False,0,0,0,0,0,False
23,3,v5_30m__entry_ema_10__exit_ema_100__entry_hours_2__exit_hours_1p5,EMA,EMA,EMA/EMA,ema_10,ema_100,2.0,1.5,5.0,4.0,0.46633755912380165,0.46633755912380165,0.08041328986996499,-0.21383722297405816,0.14659189430600233,0.5844348606807932,115.97680753768083,10.545151816470067,58,116,970.801724137931,19.401173977337095,58.20363874771957,0.1111881251379873,2341.1315939065776,2452.319719044565,1243.8907190194404,1.3411315939065775,2767,2001-01-02,2011-12-30,30,1.0,3.0,observed_only_blackout_v1,17,provider_daily_raw_close_not_NOCP,14,0,True,False,False,False,False,0,0,0,0,0,False
24,4,v5_30m__entry_ema_50__exit_ema_100__entry_hours_1__exit_hours_3,EMA,EMA,EMA/EMA,ema_50,ema_100,1.0,3.0,3.0,7.0,0.4259942809877919,0.4259942809877919,0.07438710704623053,-0.20252300690112235,0.14770779219365102,0.5875020110334377,105.97880688788075,9.636087004705406,53,106,1067.9622641509434,16.657377793368955,49.97223688077595,0.09534884049951779,2201.4558244362556,2296.8046649357734,1243.8907190194404,1.2014558244362554,2767,2001-01-02,2011-12-30,30,1.0,3.0,observed_only_blackout_v1,17,provider_daily_raw_close_not_NOCP,14,0,True,False,False,False,False,0,0,0,0,0,False
25,5,v5_30m__entry_ema_250__exit_ema_100__entry_hours_2__exit_hours_1,EMA,EMA,EMA/EMA,ema_250,ema_100,2.0,1.0,5.0,3.0,0.4200307149619561,0.4200307149619561,0.06637359701699941,-0.21648459895150673,0.12439725888798642,0.5246228339223715,111.9776072777608,10.181525891764203,56,112,902.5714285714286,18.382039183921478,55.14620519257915,0.09289518182148754,2027.4523234510414,2120.347505272529,1243.8907190194404,1.0274523234510413,2767,2001-01-02,2011-12-30,30,1.0,3.0,observed_only_blackout_v1,17,provider_daily_raw_close_not_NOCP,14,0,True,False,False,False,False,0,0,0,0,0,False
26,1,v5_30m__entry_ema_200__exit_macd_96_208_72__entry_hours_1__exit_hours_0p5,EMA,MACD,EMA/MACD,ema_200,macd_96_208_72,1.0,0.5,3.0,2.0,0.5452559227594296,0.5452559227594296,0.08033182243480907,-0.16070684971879268,0.1183549804291271,0.42562290138929976,33.9932022093202,3.0908203599998436,17,34,2412.1176470588234,5.823401344293156,17.47031201687229,0.0320303083267554,2339.190821698332,2371.2211300250874,1243.8907190194404,1.339190821698332,2767,2001-01-02,2011-12-30,30,1.0,3.0,observed_only_blackout_v1,17,provider_daily_raw_close_not_NOCP,14,0,True,False,False,False,False,0,0,0,0,0,False
27,2,v5_30m__entry_ema_250__exit_macd_96_208_72__entry_hours_1__exit_hours_0p5,EMA,MACD,EMA/MACD,ema_250,macd_96_208_72,1.0,0.5,3.0,2.0,0.5062642217259442,0.5062642217259442,0.07345702547516009,-0.1494812772792713,0.11379478357656604,0.40897413940743277,33.9932022093202,3.0908203599998436,17,34,2317.764705882353,5.564421735541657,16.693359060341766,0.029858554062655456,2180.5864277029,2210.4449817655554,1243.8907190194404,1.1805864277029001,2767,2001-01-02,2011-12-30,30,1.0,3.0,observed_only_blackout_v1,17,provider_daily_raw_close_not_NOCP,14,0,True,False,False,False,False,0,0,0,0,0,False
28,3,v5_30m__entry_ema_250__exit_macd_6_13_5__entry_hours_5__exit_hours_6,EMA,MACD,EMA/MACD,ema_250,macd_6_13_5,5.0,6.0,11.0,13.0,0.43846340462280925,0.43846340462280925,0.05753046257809458,-0.11778737089069946,0.09215136621242939,0.33239917586552287,229.9540149454017,20.90849067058721,115,230,278.47391304347826,32.36696283314524,97.10096094332857,0.17827667522350021,1850.0181603610847,2028.294835584585,1243.8907190194404,0.8500181603610848,2767,2001-01-02,2011-12-30,30,1.0,3.0,observed_only_blackout_v1,17,provider_daily_raw_close_not_NOCP,14,0,True,False,False,False,False,0,0,0,0,0,False
29,4,v5_30m__entry_ema_250__exit_macd_12_26_9__entry_hours_2__exit_hours_0p5,EMA,MACD,EMA/MACD,ema_250,macd_12_26_9,2.0,0.5,5.0,2.0,0.4349321191470532,0.4349321191470532,0.05525747837484585,-0.09560853374630673,0.08684112672345128,0.3173125327603834,189.9620123462014,17.272231423528563,95,190,321.8,27.13225150812358,81.39682072286875,0.14266588528746707,1806.753178364546,1949.4190636520132,1243.8907190194404,0.8067531783645461,2767,2001-01-02,2011-12-30,30,1.0,3.0,observed_only_blackout_v1,17,provider_daily_raw_close_not_NOCP,14,0,True,False,False,False,False,0,0,0,0,0,False
30,5,v5_30m__entry_ema_200__exit_macd_6_13_5__entry_hours_5p5__exit_hours_6,EMA,MACD,EMA/MACD,ema_200,macd_6_13_5,5.5,6.0,12.0,13.0,0.4320746726329974,0.4320746726329974,0.057092390767276235,-0.11626711675842549,0.09267100364941173,0.32525806100048266,227.95441481544168,20.726677708234277,114,228,274.88157894736844,32.707393597206206,98.12225220265948,0.1758515380448789,1841.6071615649998,2017.4586996098787,1243.8907190194404,0.8416071615649998,2767,2001-01-02,2011-12-30,30,1.0,3.0,observed_only_blackout_v1,17,provider_daily_raw_close_not_NOCP,14,0,True,False,False,False,False,0,0,0,0,0,False
31,1,v5_30m__entry_macd_96_208_72__exit_sma_50__entry_hours_6p5__exit_hours_0,MACD,SMA,MACD/SMA,macd_96_208_72,sma_50,6.5,0.0,14.0,1.0,0.582507837434033,0.582507837434033,0.08863812904322721,-0.14174212689601196,0.12541253648195985,0.36467950614208533,93.98120610812066,8.545209230587812,47,94,747.5425531914893,14.60317828821774,43.80966114756008,0.09750517249197674,2544.7755349188114,2642.280707410788,1243.8907190194404,1.5447755349188115,2767,2001-01-02,2011-12-30,30,1.0,3.0,observed_only_blackout_v1,17,provider_daily_raw_close_not_NOCP,14,0,True,False,False,False,False,0,0,0,0,0,False
32,2,v5_30m__entry_macd_96_208_72__exit_sma_200__entry_hours_1__exit_hours_0p5,MACD,SMA,MACD/SMA,macd_96_208_72,sma_200,1.0,0.5,3.0,2.0,0.4095560006108104,0.4095560006108104,0.06533740728209048,-0.20704253355888258,0.12551972043244747,0.4909827855537737,49.990003249000324,4.545324058823302,25,50,1892.12,6.219670524620581,18.659093676398737,0.04052167219292619,2005.8902619470323,2046.4119341399585,1243.8907190194404,1.0058902619470325,2767,2001-01-02,2011-12-30,30,1.0,3.0,observed_only_blackout_v1,17,provider_daily_raw_close_not_NOCP,14,0,True,False,False,False,False,0,0,0,0,0,False
33,3,v5_30m__entry_macd_24_52_18__exit_sma_250__entry_hours_0__exit_hours_1p5,MACD,SMA,MACD/SMA,macd_24_52_18,sma_250,0.0,1.5,1.0,4.0,0.4087798549294291,0.4087798549294291,0.0684876540968673,-0.19010268749863624,0.13653922887402392,0.5802778599490365,69.98600454860048,6.363453682352625,35,70,1597.3142857142857,10.17287196783915,30.518706188439104,0.05883865749734514,2072.0985355341404,2130.9371930314855,1243.8907190194404,1.0720985355341406,2767,2001-01-02,2011-12-30,30,1.0,3.0,observed_only_blackout_v1,17,provider_daily_raw_close_not_NOCP,14,0,True,False,False,False,False,0,0,0,0,0,False
34,4,v5_30m__entry_macd_12_26_9__exit_sma_50__entry_hours_3p5__exit_hours_0,MACD,SMA,MACD/SMA,macd_12_26_9,sma_50,3.5,0.0,8.0,1.0,0.4071457864751363,0.4071457864751363,0.0735349557804259,-0.17004079858404142,0.15542629606448594,0.5100966852979184,151.9696098769611,13.817785138822849,76,152,646.6381578947369,20.49735608137438,61.49217046155595,0.13680219986879594,2182.328118079463,2319.130317948259,1243.8907190194404,1.1823281180794627,2767,2001-01-02,2011-12-30,30,1.0,3.0,observed_only_blackout_v1,17,provider_daily_raw_close_not_NOCP,14,0,True,False,False,False,False,0,0,0,0,0,False
35,5,v5_30m__entry_macd_96_208_72__exit_sma_100__entry_hours_4__exit_hours_6p5,MACD,SMA,MACD/SMA,macd_96_208_72,sma_100,4.0,6.5,9.0,14.0,0.4034057166769627,0.4034057166769627,0.06936938130041459,-0.24045204768152517,0.14241374041257512,0.48165159040308897,41.99160272916026,3.818072209411573,21,42,2209.714285714286,5.43382003942525,16.301548086627157,0.035425240238761944,2090.9821780893762,2126.407418328138,1243.8907190194404,1.090982178089376,2767,2001-01-02,2011-12-30,30,1.0,3.0,observed_only_blackout_v1,17,provider_daily_raw_close_not_NOCP,14,0,True,False,False,False,False,0,0,0,0,0,False
36,1,v5_30m__entry_macd_96_208_72__exit_ema_100__entry_hours_2__exit_hours_1p5,MACD,EMA,MACD/EMA,macd_96_208_72,ema_100,2.0,1.5,5.0,4.0,0.44614409461221477,0.44614409461221477,0.07307694375192986,-0.2549492297050524,0.1339530400872798,0.4630359079751099,73.9852048085205,6.7270796070584895,37,74,1205.6891891891892,10.960256417791008,32.88086492890768,0.06525547262212057,2172.1099511752286,2237.365423797349,1243.8907190194404,1.1721099511752286,2767,2001-01-02,2011-12-30,30,1.0,3.0,observed_only_blackout_v1,17,provider_daily_raw_close_not_NOCP,14,0,True,False,False,False,False,0,0,0,0,0,False
37,2,v5_30m__entry_macd_12_26_9__exit_ema_100__entry_hours_2__exit_hours_3p5,MACD,EMA,MACD/EMA,macd_12_26_9,ema_100,2.0,3.5,5.0,8.0,0.4301237784697565,0.4301237784697565,0.07429093141699905,-0.19154273452904402,0.14523928342626868,0.5805113993159892,91.98160597816064,8.36339626823488,46,92,1215.8369565217392,14.180870919882409,42.54271550080974,0.08244147233082276,2199.2894266714457,2281.7308990022684,1243.8907190194404,1.1992894266714456,2767,2001-01-02,2011-12-30,30,1.0,3.0,observed_only_blackout_v1,17,provider_daily_raw_close_not_NOCP,14,0,True,False,False,False,False,0,0,0,0,0,False
38,3,v5_30m__entry_macd_96_208_72__exit_ema_200__entry_hours_1__exit_hours_6p5,MACD,EMA,MACD/EMA,macd_96_208_72,ema_200,1.0,6.5,3.0,14.0,0.4072956693549663,0.4072956693549663,0.0651682117186565,-0.22932990909448692,0.12597489026819292,0.5008640956577247,29.99400194940018,2.72719443529398,15,30,3217.0,4.016016199044391,12.048129294693545,0.024173423095358658,2002.3893394271022,2026.5627625224608,1243.8907190194404,1.0023893394271024,2767,2001-01-02,2011-12-30,30,1.0,3.0,observed_only_blackout_v1,17,provider_daily_raw_close_not_NOCP,14,0,True,False,False,False,False,0,0,0,0,0,False
39,4,v5_30m__entry_macd_6_13_5__exit_ema_250__entry_hours_5__exit_hours_5p5,MACD,EMA,MACD/EMA,macd_6_13_5,ema_250,5.0,5.5,11.0,12.0,0.3987966131400248,0.3987966131400248,0.06805419039020522,-0.23290373661801456,0.14022923669144133,0.6112399902432443,37.99240246924023,3.4544462847057082,19,38,3099.4210526315787,6.402489639452589,19.20755750432691,0.031595172491259746,2062.872154813856,2094.4673273051158,1243.8907190194404,1.062872154813856,2767,2001-01-02,2011-12-30,30,1.0,3.0,observed_only_blackout_v1,17,provider_daily_raw_close_not_NOCP,14,0,True,False,False,False,False,0,0,0,0,0,False
40,5,v5_30m__entry_macd_24_52_18__exit_ema_100__entry_hours_1__exit_hours_3,MACD,EMA,MACD/EMA,macd_24_52_18,ema_100,1.0,3.0,3.0,7.0,0.3966180649286662,0.3966180649286662,0.06830163181313331,-0.1926596688432689,0.14233512761254533,0.5402284533985168,81.98360532836057,7.454331456470219,41,82,1269.4512195121952,12.272300613142807,36.8169906748497,0.06895956512981502,2068.134420634122,2137.093985763937,1243.8907190194404,1.068134420634122,2767,2001-01-02,2011-12-30,30,1.0,3.0,observed_only_blackout_v1,17,provider_daily_raw_close_not_NOCP,14,0,True,False,False,False,False,0,0,0,0,0,False
41,1,v5_30m__entry_macd_96_208_72__exit_macd_48_104_36__entry_hours_0p5__exit_hours_6p5,MACD,MACD,MACD/MACD,macd_96_208_72,macd_48_104_36,0.5,6.5,2.0,14.0,0.3280885335815248,0.3280885335815248,0.058820580714586734,-0.27357741844283645,0.14676578609065644,0.39215411522313387,37.99240246924023,3.4544462847057082,19,38,1988.5,4.467278767641802,13.401903774080434,0.028717576024897197,1874.9917555242987,1903.709331549196,1243.8907190194404,0.8749917555242988,2767,2001-01-02,2011-12-30,30,1.0,3.0,observed_only_blackout_v1,17,provider_daily_raw_close_not_NOCP,14,0,True,False,False,False,False,0,0,0,0,0,False
42,2,v5_30m__entry_macd_12_26_9__exit_macd_96_208_72__entry_hours_0__exit_hours_0,MACD,MACD,MACD/MACD,macd_12_26_9,macd_96_208_72,0.0,0.0,1.0,1.0,0.18932454793521306,0.18932454793521306,0.03842649121627617,-0.4877134742990842,0.1812128273741424,0.5520144067840591,45.990802989080294,4.181698134117438,23,46,2312.304347826087,4.567069742148513,13.701249148775663,0.02811395669244871,1513.9185227644891,1542.0324794569378,1243.8907190194404,0.5139185227644891,2767,2001-01-02,2011-12-30,30,1.0,3.0,observed_only_blackout_v1,17,provider_daily_raw_close_not_NOCP,14,0,True,False,False,False,False,0,0,0,0,0,False
43,3,v5_30m__entry_macd_96_208_72__exit_macd_12_26_9__entry_hours_3p5__exit_hours_0p5,MACD,MACD,MACD/MACD,macd_96_208_72,macd_12_26_9,3.5,0.5,8.0,2.0,0.18750498461162757,0.18750498461162757,0.034683490560575736,-0.20189029212778042,0.10638572691713373,0.2577288556052043,151.9696098769611,13.817785138822849,76,152,326.7171052631579,16.290605143780017,48.87184789124471,0.0912069339944344,1454.972630635294,1546.1795646297285,1243.8907190194404,0.45497263063529414,2767,2001-01-02,2011-12-30,30,1.0,3.0,observed_only_blackout_v1,17,provider_daily_raw_close_not_NOCP,14,0,True,False,False,False,False,0,0,0,0,0,False
44,4,v5_30m__entry_macd_48_104_36__exit_macd_96_208_72__entry_hours_0__exit_hours_0,MACD,MACD,MACD/MACD,macd_48_104_36,macd_96_208_72,0.0,0.0,1.0,1.0,0.1780850318940042,0.1780850318940042,0.036325789117962914,-0.4990147607524802,0.18066385150705017,0.5503588721605506,29.99400194940018,2.72719443529398,15,30,3534.9,2.886503279589095,8.659546325210037,0.017873919766766902,1480.5741931364416,1498.4481129032085,1243.8907190194404,0.48057419313644156,2767,2001-01-02,2011-12-30,30,1.0,3.0,observed_only_blackout_v1,17,provider_daily_raw_close_not_NOCP,14,0,True,False,False,False,False,0,0,0,0,0,False
45,5,v5_30m__entry_macd_96_208_72__exit_macd_96_208_72__entry_hours_2p5__exit_hours_0,MACD,MACD,MACD/MACD,macd_96_208_72,macd_96_208_72,2.5,0.0,6.0,1.0,0.169660081242257,0.169660081242257,0.034721491297813545,-0.5073096684226808,0.18206737219956548,0.557795803557064,33.9932022093202,3.0908203599998436,17,34,3161.176470588235,3.196174233335369,9.588557452345455,0.019930845011463815,1455.5604411871914,1475.4912861986552,1243.8907190194404,0.4555604411871914,2767,2001-01-02,2011-12-30,30,1.0,3.0,observed_only_blackout_v1,17,provider_daily_raw_close_not_NOCP,14,0,True,False,False,False,False,0,0,0,0,0,False
