constituent_id,v5_30m__entry_ema_100__exit_ema_200__entry_hours_3__exit_hours_3,v5_30m__entry_ema_100__exit_sma_200__entry_hours_3__exit_hours_3,v5_30m__entry_ema_10__exit_sma_200__entry_hours_3__exit_hours_3,v5_30m__entry_ema_20__exit_sma_200__entry_hours_3__exit_hours_3,v5_30m__entry_ema_50__exit_sma_200__entry_hours_3__exit_hours_3,v5_30m__entry_macd_12_26_9__exit_sma_200__entry_hours_3__exit_hours_3,v5_30m__entry_macd_24_52_18__exit_sma_200__entry_hours_3__exit_hours_3,v5_30m__entry_sma_100__exit_sma_200__entry_hours_3__exit_hours_3,v5_30m__entry_sma_10__exit_sma_200__entry_hours_3__exit_hours_3,v5_30m__entry_sma_20__exit_sma_200__entry_hours_3__exit_hours_3,v5_30m__entry_sma_50__exit_ema_200__entry_hours_3__exit_hours_3,v5_30m__entry_sma_50__exit_sma_200__entry_hours_3__exit_hours_3,mr_30m__ema_distance_10__entry_m0p04__exit_0__shared_hours_3,mr_30m__ema_distance_10__entry_m0p06__exit_0__shared_hours_3,mr_30m__ema_distance_10__entry_m0p06__exit_0p01__shared_hours_3,mr_30m__ema_distance_50__entry_m0p04__exit_0p01__shared_hours_3,mr_30m__rsi_14__entry_20__exit_50__shared_hours_3,mr_30m__rsi_14__entry_20__exit_60__shared_hours_3,mr_30m__rsi_14__entry_20__exit_70__shared_hours_3,mr_30m__rsi_2__entry_10__exit_50__shared_hours_3,mr_30m__rsi_2__entry_10__exit_60__shared_hours_3,mr_30m__rsi_2__entry_10__exit_70__shared_hours_3,mr_30m__rsi_2__entry_20__exit_50__shared_hours_3,mr_30m__rsi_2__entry_20__exit_60__shared_hours_3,mr_30m__rsi_2__entry_20__exit_70__shared_hours_3,mr_30m__rsi_2__entry_30__exit_50__shared_hours_3,mr_30m__rsi_2__entry_30__exit_60__shared_hours_3,mr_30m__rsi_2__entry_30__exit_70__shared_hours_3,mr_30m__rsi_5__entry_10__exit_50__shared_hours_3,mr_30m__rsi_5__entry_10__exit_60__shared_hours_3,mr_30m__rsi_5__entry_10__exit_70__shared_hours_3,mr_30m__rsi_5__entry_20__exit_50__shared_hours_3,mr_30m__rsi_5__entry_30__exit_50__shared_hours_3,mr_30m__sma_distance_10__entry_m0p02__exit_0__shared_hours_3,mr_30m__sma_distance_10__entry_m0p02__exit_0p01__shared_hours_3,mr_30m__sma_distance_10__entry_m0p04__exit_0__shared_hours_3,mr_30m__sma_distance_10__entry_m0p04__exit_0p01__shared_hours_3,mr_30m__sma_distance_10__entry_m0p06__exit_0__shared_hours_3,mr_30m__sma_distance_10__entry_m0p06__exit_0p01__shared_hours_3,mr_30m__zscore_10__entry_m1p5__exit_0__shared_hours_3,mr_30m__zscore_10__entry_m1p5__exit_m0p5__shared_hours_3,mr_30m__zscore_10__entry_m2__exit_0__shared_hours_3,mr_30m__zscore_50__entry_m2p5__exit_0__shared_hours_3,mr_30m__zscore_50__entry_m2p5__exit_0p5__shared_hours_3
v5_30m__entry_ema_100__exit_ema_200__entry_hours_3__exit_hours_3,1.0,0.9314025663185262,0.9190322847758261,0.9250783451940349,0.9289935342648384,0.9206804825627046,0.9164479790808868,0.928267032135469,0.9216158856339862,0.9220197638522124,0.9844002801688229,0.9202256831908351,0.028568439003263942,-0.00026633033843955726,-0.00010570825199141554,0.021478674309793114,-0.00017666338480045745,-0.00026187074018169213,0.029632834129745024,0.14592124740790421,0.15997375753999518,0.17184820627875305,0.2045732639174748,0.22433015389374047,0.24634296455049592,0.26525809357534835,0.2891861134911503,0.314803529382573,-0.00029405968955012143,-0.0002817883919864413,-0.0003303712427474654,0.08081803560253012,0.15403925831746795,0.15449897618723807,0.1776854244661994,0.037624735783456195,0.041968759174927615,0.015097144795274567,0.014007629352519348,0.1911504502725399,0.15278817021454352,0.22013257459289476,0.024207136849987355,0.0263923572650715
v5_30m__entry_ema_100__exit_sma_200__entry_hours_3__exit_hours_3,0.9314025663185262,1.0,0.9862289043330964,0.9936069024755438,0.9974375803430401,0.9762193791382806,0.979666453111169,0.9969558478961174,0.9830143496334275,0.9900838935360535,0.9227860026787051,0.9895210220582948,0.028879796845136134,-0.0001428814035542862,-5.67105629060297e-05,0.020640749139551957,-9.477670671958398e-05,-0.00014048890984878377,0.0829173317596836,0.14365477461504622,0.15776903617635374,0.16757177632744105,0.21120003663423254,0.22883957262147286,0.2501369812695807,0.2785726368550505,0.3006282477803828,0.3208492382569242,-0.00015775769826896447,-0.00015117436935051847,-0.00017723818898854365,0.0735426841635164,0.14110468094602885,0.15441330139329446,0.17140642294497652,0.03616906203348406,0.039947775394822936,0.01512615992134549,0.013974779757411517,0.18310883508803874,0.15065617418059118,0.21514670504876876,0.02402308822788177,0.02721255422795219
v5_30m__entry_ema_10__exit_sma_200__entry_hours_3__exit_hours_3,0.9190322847758261,0.9862289043330964,1.0,0.9916765821782604,0.9861234967210474,0.9841319225107971,0.9708833884837814,0.9829011494390621,0.9935789342464332,0.9941318266237414,0.9129722745788442,0.9778015286367143,0.02864218673498541,-0.000114132699815476,-4.530001449754244e-05,0.03503807045709316,-7.570699299074044e-05,-0.0001122215920074353,0.08344247930712416,0.14282902908547349,0.15559302078257045,0.16545878224496532,0.20959225367429954,0.2260307607484788,0.247452071624572,0.2770995960224014,0.29811715277036577,0.31796841129069175,-0.0001260157835251548,-0.00012075706486393169,-0.00014157666789720334,0.07311710316269557,0.13947419172650968,0.15376201648500207,0.16910611815419682,0.0362123161889194,0.04108062847336053,0.014997772212401205,0.013842887576917335,0.18105998515522437,0.1485984072475984,0.211831639547644,0.0389477445989225,0.046613936045941134
v5_30m__entry_ema_20__exit_sma_200__entry_hours_3__exit_hours_3,0.9250783451940349,0.9936069024755438,0.9916765821782604,1.0,0.9944244494798639,0.9802657420900388,0.9789881018441632,0.9902553506988547,0.9866129396030888,0.9944865736695555,0.919938028121011,0.98608258618811,0.02878674134602237,-0.00013983454189440338,-5.5501243599190505e-05,0.025510758263100345,-9.275564934702446e-05,-0.0001374930667057739,0.0844666358125696,0.1442920136836111,0.1571342558408412,0.16695071260579258,0.21164381354737913,0.22818543940429983,0.24902245659181715,0.27865311591772773,0.29967750976786334,0.3194075498034297,-0.00015439360839836704,-0.0001479506650855973,-0.00017345868914269214,0.0733055271364258,0.14059387875270546,0.1544389144562382,0.1689556551569954,0.03588242240957533,0.039706038498511086,0.01508024844897958,0.013931102984882593,0.1822998518303655,0.15009750987888226,0.21473078834380882,0.027137717021679237,0.03453901446049328
v5_30m__entry_ema_50__exit_sma_200__entry_hours_3__exit_hours_3,0.9289935342648384,0.9974375803430401,0.9861234967210474,0.9944244494798639,1.0,0.9765201875935334,0.9820054759761339,0.9944548768468287,0.9831854850507197,0.9906238247415362,0.9256035117566671,0.9916264727361829,0.028889106123261198,-0.00011153307791553396,-4.426820757498902e-05,0.023140340172557165,-7.398260061918408e-05,-0.00010966549976904673,0.08474169405542363,0.14466760981843343,0.15885752125923427,0.1685697887194041,0.21251316145954066,0.23024547130343206,0.25142722663924405,0.2797672710652905,0.3019050613089485,0.32202858462343387,-0.00012314549840034095,-0.00011800655855976927,-0.0001383519495919353,0.07353790820440018,0.14205493947872502,0.15514053658158855,0.17242441579415937,0.036017695854973185,0.039833401466597536,0.015165356018587147,0.013995698407851436,0.18399637202990857,0.1517815121947564,0.21511963034900966,0.022453609681838817,0.028683598345602496
v5_30m__entry_macd_12_26_9__exit_sma_200__entry_hours_3__exit_hours_3,0.9206804825627046,0.9762193791382806,0.9841319225107971,0.9802657420900388,0.9765201875935334,1.0,0.9626918816678643,0.9727592655277097,0.984426339811064,0.9854270961906071,0.9147801884599827,0.9678446136600908,0.029054808151017207,-0.00012423469436461561,-4.930956215818142e-05,0.032626268419555314,-8.240789143488153e-05,-0.00012215443257492965,0.07709274257173779,0.1449673505758599,0.159272659271799,0.16917189709722708,0.2070971969171497,0.22530775085070479,0.24717696036311176,0.2758680342074565,0.2984833530628307,0.31875547033724244,-0.00013716956119252664,-0.00013144538830601565,-0.00015410775433987304,0.07389537106231543,0.14230489306670913,0.1499089175008957,0.16429250254323663,0.036221070781019854,0.04006767042862508,0.015239155394574723,0.014069668561471809,0.18306427824952215,0.15074106921782393,0.21438119431022282,0.03583695447424798,0.04310326236650647
v5_30m__entry_macd_24_52_18__exit_sma_200__entry_hours_3__exit_hours_3,0.9164479790808868,0.979666453111169,0.9708833884837814,0.9789881018441632,0.9820054759761339,0.9626918816678643,1.0,0.9788579903616536,0.965374268989725,0.9761244821347383,0.9215499044130704,0.9823430973620968,0.029369681523968863,-9.410841139805546e-05,-3.735224355090304e-05,0.017046866196210375,-6.242439593212881e-05,-9.253260253660938e-05,0.0790365937333592,0.14509706908211392,0.15948822081793496,0.16958614194110916,0.2125335832895711,0.23057092860405223,0.25042589275337723,0.2755187258102786,0.29825164386503256,0.3175025263569103,-0.00010390663865671576,-9.95705486492777e-05,-0.00011673740591814743,0.07466717030339155,0.14276600938155456,0.15597569062534167,0.16955253459429248,0.03662199593503204,0.04048677797707839,0.015438711284475062,0.014238599523624529,0.18530370334273533,0.15269749091699214,0.2157601556821806,0.02298131349230698,0.029034844682730862
v5_30m__entry_sma_100__exit_sma_200__entry_hours_3__exit_hours_3,0.928267032135469,0.9969558478961174,0.9829011494390621,0.9902553506988547,0.9944548768468287,0.9727592655277097,0.9788579903616536,1.0,0.9796559407621652,0.9867378378656552,0.9202172866398652,0.9871396091294528,0.028990442118900846,-8.569477349173486e-05,-3.401281567700836e-05,0.019895244439042867,-5.68434254739159e-05,-8.425984773487106e-05,0.0831338454679304,0.14409813017325893,0.15825190699960331,0.16810575404282277,0.21183667196819295,0.22958655285052626,0.25095076225845847,0.2783435169792707,0.3005598303918355,0.32091551718747674,-9.461700321675544e-05,-9.066857559499783e-05,-0.0001063006527210316,0.07382119130516959,0.1415351854070495,0.15489417489056378,0.17191449806848008,0.0363228589772926,0.04007299014863399,0.015247226467972328,0.014058505532858503,0.18366308471765197,0.15112439064319308,0.21579365523504465,0.02361215109670432,0.02642867674483997
v5_30m__entry_sma_10__exit_sma_200__entry_hours_3__exit_hours_3,0.9216158856339862,0.9830143496334275,0.9935789342464332,0.9866129396030888,0.9831854850507197,0.984426339811064,0.965374268989725,0.9796559407621652,1.0,0.9894882315800884,0.9158139310602225,0.9747875466376794,0.028669122781353026,-0.00011430784689913506,-4.536953152005522e-05,0.03450011007051534,-7.582317230730798e-05,-0.00011239380632101283,0.07808132804033319,0.1429325422884324,0.15575703398046778,0.16500784499231888,0.20857932664608264,0.22515053740744614,0.24537743306287452,0.2759866927981783,0.2971536463465366,0.31595026391509756,-0.00012620916628899268,-0.00012094237764186569,-0.0001417939302630846,0.07324928142890201,0.139573997558496,0.14745697002495967,0.16537651732592595,0.03588767067167242,0.040907480290985246,0.015045913795228594,0.013887229881243334,0.17770478410453638,0.1465481401754914,0.21160968420339676,0.03867813216531458,0.04637941814742471
v5_30m__entry_sma_20__exit_sma_200__entry_hours_3__exit_hours_3,0.9220197638522124,0.9900838935360535,0.9941318266237414,0.9944865736695555,0.9906238247415362,0.9854270961906071,0.9761244821347383,0.9867378378656552,0.9894882315800884,1.0,0.91659184708973,0.9822789541372682,0.028712489388973937,-0.00012408321000252463,-4.924943702483221e-05,0.03029023806898683,-8.230740817631201e-05,-0.00012200548475978083,0.08344525961978701,0.14326181296857138,0.15739891230217332,0.16718187508256496,0.21038358893284306,0.2280514081255784,0.2487040218477012,0.2782087829302012,0.3002118814207321,0.3197150437389122,-0.00013700230482684443,-0.00013128511165554793,-0.00015391984455433464,0.07296235294979529,0.14058435555954285,0.15315813749612434,0.16776007021890352,0.03579397055286552,0.039596230207168036,0.015058175758564229,0.013903216069172322,0.18213552231005875,0.15025407808747687,0.2118767991517529,0.035344541709603404,0.042503888928027735
v5_30m__entry_sma_50__exit_ema_200__entry_hours_3__exit_hours_3,0.9844002801688229,0.9227860026787051,0.9129722745788442,0.919938028121011,0.9256035117566671,0.9147801884599827,0.9215499044130704,0.9202172866398652,0.9158139310602225,0.91659184708973,1.0,0.9332743373740894,0.029166415407351574,-0.0003254472801849392,-0.00012917215254295306,0.017559363508123236,-0.0002158770886878791,-0.00031999779165760447,0.02991768021536567,0.14109278196915398,0.15565119595518656,0.16804368530364658,0.2010616629650554,0.22132935667843603,0.24391453287098908,0.2582150600829574,0.2828210515816611,0.30640368630662873,-0.0003593316733528106,-0.00034433653446026483,-0.0004037032470032885,0.0808869688696654,0.1505109471593625,0.15422811917840729,0.17381589970665645,0.03722237383413147,0.04176361814951354,0.015181714661507958,0.014113881413889069,0.19099575641614938,0.15194294500889924,0.220226432095591,0.013936609905356546,0.02005087531655594
v5_30m__entry_sma_50__exit_sma_200__entry_hours_3__exit_hours_3,0.9202256831908351,0.9895210220582948,0.9778015286367143,0.98608258618811,0.9916264727361829,0.9678446136600908,0.9823430973620968,0.9871396091294528,0.9747875466376794,0.9822789541372682,0.9332743373740894,1.0,0.02910660075367653,-0.00014778948743929862,-5.865861347719508e-05,0.015988052761905555,-9.80323580170178e-05,-0.00014531480977204183,0.08357172395455437,0.13849399672941226,0.153072666469747,0.16336387456738352,0.20787608696437354,0.22592994050813903,0.24770115545218227,0.27212122916004683,0.29470774311339665,0.31560312776706706,-0.0001631767940872822,-0.00015636732285945264,-0.00018332645434383248,0.07301317139460979,0.13773497547897728,0.15457300389101905,0.17178645785451102,0.03538376036995179,0.0393353631934365,0.015240812520686004,0.014082549532787942,0.1833097286694365,0.15070974324556727,0.21469210627510268,0.013814849472017256,0.02029562094673408
mr_30m__ema_distance_10__entry_m0p04__exit_0__shared_hours_3,0.028568439003263942,0.028879796845136134,0.02864218673498541,0.02878674134602237,0.028889106123261198,0.029054808151017207,0.029369681523968863,0.028990442118900846,0.028669122781353026,0.028712489388973937,0.029166415407351574,0.02910660075367653,1.0,0.78573634273744,0.7537556454575558,0.7554033453191452,0.4150863518438721,0.37983751876090555,0.42483314829252966,0.6755518080854869,0.7036105276147169,0.7619928803860248,0.6761499816047292,0.7013045950848505,0.7309952653224733,0.644205076760101,0.6770399636048324,0.7017895074244739,0.43413144898937434,0.41353238468033915,0.39166133402626624,0.7014827445078905,0.848563240765876,0.8099596346335809,0.8114204511708895,0.881320255347038,0.9280032067247762,0.8119417950308021,0.8702953019518813,0.6802656852079861,0.6697309391492668,0.22486886317444296,0.4101280432394528,0.3990786218588235
mr_30m__ema_distance_10__entry_m0p06__exit_0__shared_hours_3,-0.00026633033843955726,-0.0001428814035542862,-0.000114132699815476,-0.00013983454189440338,-0.00011153307791553396,-0.00012423469436461561,-9.410841139805546e-05,-8.569477349173486e-05,-0.00011430784689913506,-0.00012408321000252463,-0.0003254472801849392,-0.00014778948743929862,0.78573634273744,1.0,0.9425597674735102,0.5906362039706229,0.516193399639959,0.472305762665849,0.29584108003010334,0.5164534969555037,0.5461291783251201,0.5992012219806672,0.4968796217330285,0.5214842100115509,0.556671404871278,0.47124595244387085,0.5063344259886212,0.5375720264196232,0.5492439630984267,0.5226769943975277,0.4949051387391532,0.6384492446338078,0.6707370077859247,0.610322144122284,0.6303274248608889,0.68107322838917,0.7295781304219469,0.8054629502844303,0.8927142119289787,0.46184054746094855,0.47495176078105183,0.1693302266397191,0.42484379699009467,0.41337710511967285
mr_30m__ema_distance_10__entry_m0p06__exit_0p01__shared_hours_3,-0.00010570825199141554,-5.67105629060297e-05,-4.530001449754244e-05,-5.5501243599190505e-05,-4.426820757498902e-05,-4.930956215818142e-05,-3.735224355090304e-05,-3.401281567700836e-05,-4.536953152005522e-05,-4.924943702483221e-05,-0.00012917215254295306,-5.865861347719508e-05,0.7537556454575558,0.9425597674735102,1.0,0.6238889626450999,0.4880166721192864,0.4465971944019579,0.2796714984380819,0.49788848964014726,0.5249855429998289,0.574169662929697,0.49013973675280664,0.5129615569667407,0.5506193171009282,0.47469093600542334,0.506845594954078,0.5392512417561053,0.5227223160720464,0.5578765734648211,0.5289869688820695,0.6104668542355248,0.6443579548060795,0.5970258318319361,0.6276967483771841,0.6530583850677089,0.701981215089437,0.7557611124076162,0.8434145934879491,0.4419506979121576,0.4552688068516656,0.15931066829824234,0.44285103696606265,0.43092518128200463
mr_30m__ema_distance_50__entry_m0p04__exit_0p01__shared_hours_3,0.021478674309793114,0.020640749139551957,0.03503807045709316,0.025510758263100345,0.023140340172557165,0.032626268419555314,0.017046866196210375,0.019895244439042867,0.03450011007051534,0.03029023806898683,0.017559363508123236,0.015988052761905555,0.7554033453191452,0.5906362039706229,0.6238889626450999,1.0,0.42190451628360687,0.4497967554617828,0.582912945876807,0.5882649039049523,0.6184309801028159,0.6542098477135638,0.610558712342526,0.6369490824859833,0.6611620366938921,0.6262083413412507,0.6577923891506975,0.6800296231158669,0.33574970389795694,0.3860517995892062,0.4033376796661122,0.5613352419287629,0.7261128642216123,0.7179302225033732,0.7542575721656125,0.7209037130746159,0.7791113620159658,0.6010700621800683,0.6496097710763856,0.6016619840202923,0.5927133254816812,0.18057522191398195,0.5528221725368001,0.5561198782512006
mr_30m__rsi_14__entry_20__exit_50__shared_hours_3,-0.00017666338480045745,-9.477670671958398e-05,-7.570699299074044e-05,-9.275564934702446e-05,-7.398260061918408e-05,-8.240789143488153e-05,-6.242439593212881e-05,-5.68434254739159e-05,-7.582317230730798e-05,-8.230740817631201e-05,-0.0002158770886878791,-9.80323580170178e-05,0.4150863518438721,0.516193399639959,0.4880166721192864,0.42190451628360687,1.0,0.9267142995777744,0.5116689902391724,0.24009055393378978,0.22912798250366098,0.2551668857375342,0.2270949290388878,0.21846210626159274,0.24030470808819107,0.26214790217152195,0.26918242692595906,0.28558153837687694,0.6688763809837927,0.5994043487502269,0.5797804728443626,0.37363343713042196,0.37416615649508456,0.3034053171773058,0.3425292266598097,0.3147886129247533,0.38750312764567735,0.3781832895139598,0.46827522159820834,0.2146383158948208,0.21647304076567692,-0.00012045454160699306,0.7454531755000503,0.7253785274182094
mr_30m__rsi_14__entry_20__exit_60__shared_hours_3,-0.00026187074018169213,-0.00014048890984878377,-0.0001122215920074353,-0.0001374930667057739,-0.00010966549976904673,-0.00012215443257492965,-9.253260253660938e-05,-8.425984773487106e-05,-0.00011239380632101283,-0.00012200548475978083,-0.00031999779165760447,-0.00014531480977204183,0.37983751876090555,0.472305762665849,0.4465971944019579,0.4497967554617828,0.9267142995777744,1.0,0.5526490200468487,0.22077706267303787,0.21068383016286055,0.2344553906767758,0.20964005522933066,0.20163526069021825,0.2215438034075737,0.242823890707732,0.24917150526872792,0.264068637679966,0.6120327218453685,0.5484556162757663,0.530471048987486,0.34180944479936964,0.3423924257889224,0.2794919400942054,0.31511144895838694,0.2879905136051045,0.3546318449822907,0.34594806258153227,0.4284814439861233,0.19637789584175933,0.1980408814108199,-0.00017855154311757939,0.7686600344866197,0.7827490337418868
mr_30m__rsi_14__entry_20__exit_70__shared_hours_3,0.029632834129745024,0.0829173317596836,0.08344247930712416,0.0844666358125696,0.08474169405542363,0.07709274257173779,0.0790365937333592,0.0831338454679304,0.07808132804033319,0.08344525961978701,0.02991768021536567,0.08357172395455437,0.42483314829252966,0.29584108003010334,0.2796714984380819,0.582912945876807,0.5116689902391724,0.5526490200468487,1.0,0.3544877202863665,0.3567217279871495,0.3846935210296402,0.39945888748612113,0.40008932043101236,0.42309281499233203,0.4468866668336358,0.44970843563974416,0.4734638595257329,0.3379248356490915,0.30282185428829195,0.29289250221400015,0.29047305992154193,0.43357283716876016,0.4755744628061803,0.5000070394632646,0.39501004991821537,0.46399259493296946,0.3172338354277443,0.35721783096320664,0.38171098570871365,0.3642742074406835,-9.723405226261149e-05,0.45861121082018386,0.46646390272528504
mr_30m__rsi_2__entry_10__exit_50__shared_hours_3,0.14592124740790421,0.14365477461504622,0.14282902908547349,0.1442920136836111,0.14466760981843343,0.1449673505758599,0.14509706908211392,0.14409813017325893,0.1429325422884324,0.14326181296857138,0.14109278196915398,0.13849399672941226,0.6755518080854869,0.5164534969555037,0.49788848964014726,0.5882649039049523,0.24009055393378978,0.22077706267303787,0.3544877202863665,1.0,0.9456227840977761,0.8688608564403156,0.8709827280606496,0.8340710925815782,0.7703273564258145,0.8062683157842899,0.7726771443187429,0.7171497292684664,0.23516602547874568,0.23759933083169432,0.2304687343825542,0.5261194226390584,0.7720308417449834,0.7742784182542395,0.7208165648264189,0.7394591301090324,0.6923482499729315,0.6257488681817656,0.5997931490792695,0.706841973957636,0.7381688786559287,0.2215853976863354,0.29458080422560423,0.2912411652892797
mr_30m__rsi_2__entry_10__exit_60__shared_hours_3,0.15997375753999518,0.15776903617635374,0.15559302078257045,0.1571342558408412,0.15885752125923427,0.159272659271799,0.15948822081793496,0.15825190699960331,0.15575703398046778,0.15739891230217332,0.15565119595518656,0.153072666469747,0.7036105276147169,0.5461291783251201,0.5249855429998289,0.6184309801028159,0.22912798250366098,0.21068383016286055,0.3567217279871495,0.9456227840977761,1.0,0.9233049045616248,0.8419333891791767,0.8817049108049592,0.8182219697331793,0.7829532643608711,0.8167046065866754,0.7616354838717797,0.22990570600585628,0.2301685578394247,0.22312490802225796,0.5714971750922103,0.8180215361124531,0.8186042526291892,0.7620507296418148,0.7844196182178845,0.7322586137024999,0.6634186889381326,0.6338881312791732,0.7619592551278231,0.7896679661726652,0.35376530704685394,0.28530117040538716,0.28195388614235023
mr_30m__rsi_2__entry_10__exit_70__shared_hours_3,0.17184820627875305,0.16757177632744105,0.16545878224496532,0.16695071260579258,0.1685697887194041,0.16917189709722708,0.16958614194110916,0.16810575404282277,0.16500784499231888,0.16718187508256496,0.16804368530364658,0.16336387456738352,0.7619928803860248,0.5992012219806672,0.574169662929697,0.6542098477135638,0.2551668857375342,0.2344553906767758,0.3846935210296402,0.8688608564403156,0.9233049045616248,1.0,0.8015824912542182,0.8404711646374929,0.8857523515234436,0.7530921701843444,0.7859273574403375,0.824385893738596,0.2662352294467986,0.265580701591768,0.2563600310546948,0.6603054965880407,0.8772079942639067,0.8527032156088844,0.8189608498520271,0.8181116106150287,0.7918614288801876,0.6828729582390519,0.6813350396967008,0.8085712554948182,0.8300490126427668,0.3427686605754159,0.3203654864611991,0.3158213523985673
mr_30m__rsi_2__entry_20__exit_50__shared_hours_3,0.2045732639174748,0.21120003663423254,0.20959225367429954,0.21164381354737913,0.21251316145954066,0.2070971969171497,0.2125335832895711,0.21183667196819295,0.20857932664608264,0.21038358893284306,0.2010616629650554,0.20787608696437354,0.6761499816047292,0.4968796217330285,0.49013973675280664,0.610558712342526,0.2270949290388878,0.20964005522933066,0.39945888748612113,0.8709827280606496,0.8419333891791767,0.8015824912542182,1.0,0.9578251009333435,0.8882449015153792,0.9187364694725589,0.8807972606688139,0.8230889617538806,0.21144878839486095,0.22582826214703297,0.22183385017415214,0.5050592947124308,0.7617705177410122,0.8054270832602396,0.7554199859769103,0.7266415054238793,0.6976512120904215,0.6020200521961113,0.5693213518952851,0.6959487277263252,0.7283618621423343,0.24199849235555848,0.2985075213165628,0.2984609412421579
mr_30m__rsi_2__entry_20__exit_60__shared_hours_3,0.22433015389374047,0.22883957262147286,0.2260307607484788,0.22818543940429983,0.23024547130343206,0.22530775085070479,0.23057092860405223,0.22958655285052626,0.22515053740744614,0.2280514081255784,0.22132935667843603,0.22592994050813903,0.7013045950848505,0.5214842100115509,0.5129615569667407,0.6369490824859833,0.21846210626159274,0.20163526069021825,0.40008932043101236,0.8340710925815782,0.8817049108049592,0.8404711646374929,0.9578251009333435,1.0,0.9303038613972732,0.8835892791357073,0.9200987072152376,0.8623400016783851,0.20831979442693024,0.22117797226107044,0.2222807192846189,0.5361124980818941,0.7972355415640541,0.8428309450665394,0.7901999791450046,0.7624883294967235,0.7288856030682977,0.6345090564176687,0.598914022523236,0.7412077873524484,0.7684480052858637,0.330547456558088,0.2951397423297744,0.29763403824851814
mr_30m__rsi_2__entry_20__exit_70__shared_hours_3,0.24634296455049592,0.2501369812695807,0.247452071624572,0.24902245659181715,0.25142722663924405,0.24717696036311176,0.25042589275337723,0.25095076225845847,0.24537743306287452,0.2487040218477012,0.24391453287098908,0.24770115545218227,0.7309952653224733,0.556671404871278,0.5506193171009282,0.6611620366938921,0.24030470808819107,0.2215438034075737,0.42309281499233203,0.7703273564258145,0.8182219697331793,0.8857523515234436,0.8882449015153792,0.9303038613972732,1.0,0.8319168542265192,0.8680270169814261,0.9274299751662385,0.23985289750172462,0.2533980608188023,0.25193219016631047,0.5881391756725857,0.8292979044723712,0.860660512166546,0.8335103752543099,0.7714674603891009,0.7613609543588037,0.6374133746545579,0.6294608363935572,0.7677516089409594,0.7855964755781105,0.3191375272457583,0.31442202006026726,0.3157433649263766
mr_30m__rsi_2__entry_30__exit_50__shared_hours_3,0.26525809357534835,0.2785726368550505,0.2770995960224014,0.27865311591772773,0.2797672710652905,0.2758680342074565,0.2755187258102786,0.2783435169792707,0.2759866927981783,0.2782087829302012,0.2582150600829574,0.27212122916004683,0.644205076760101,0.47124595244387085,0.47469093600542334,0.6262083413412507,0.26214790217152195,0.242823890707732,0.4468866668336358,0.8062683157842899,0.7829532643608711,0.7530921701843444,0.9187364694725589,0.8835892791357073,0.8319168542265192,1.0,0.9547464580364496,0.8936268816343074,0.21813435532115016,0.231329343903493,0.22778695914174146,0.48615122555749735,0.7283082041830812,0.7799206682120188,0.7376273629216036,0.6841127401355902,0.6666365300704009,0.5707351060669854,0.5453881978985174,0.6649551255273165,0.6862272527436726,0.22766027828104177,0.3231537991482046,0.32262169743168256
mr_30m__rsi_2__entry_30__exit_60__shared_hours_3,0.2891861134911503,0.3006282477803828,0.29811715277036577,0.29967750976786334,0.3019050613089485,0.2984833530628307,0.29825164386503256,0.3005598303918355,0.2971536463465366,0.3002118814207321,0.2828210515816611,0.29470774311339665,0.6770399636048324,0.5063344259886212,0.506845594954078,0.6577923891506975,0.26918242692595906,0.24917150526872792,0.44970843563974416,0.7726771443187429,0.8167046065866754,0.7859273574403375,0.8807972606688139,0.9200987072152376,0.8680270169814261,0.9547464580364496,1.0,0.9376324097469667,0.23310095693877153,0.24261219065040734,0.24284749124320232,0.5263433754364413,0.7669504410185364,0.8184134861680383,0.7775704232311951,0.7188895302477007,0.7012798047796296,0.606477442538101,0.5835488876545846,0.7030932044775389,0.7200217826153578,0.3096075256109396,0.33031729570559926,0.33183001072075347
mr_30m__rsi_2__entry_30__exit_70__shared_hours_3,0.314803529382573,0.3208492382569242,0.31796841129069175,0.3194075498034297,0.32202858462343387,0.31875547033724244,0.3175025263569103,0.32091551718747674,0.31595026391509756,0.3197150437389122,0.30640368630662873,0.31560312776706706,0.7017895074244739,0.5375720264196232,0.5392512417561053,0.6800296231158669,0.28558153837687694,0.264068637679966,0.4734638595257329,0.7171497292684664,0.7616354838717797,0.824385893738596,0.8230889617538806,0.8623400016783851,0.9274299751662385,0.8936268816343074,0.9376324097469667,1.0,0.2598475835386712,0.2692822116134443,0.2671659671238548,0.5694342127197343,0.7948187447506366,0.8341231801540414,0.8189585715932695,0.7248991595294826,0.7284742789066407,0.6056791176478209,0.6080558839735801,0.7250369896936074,0.7319321152653192,0.3005659013566035,0.3452893094745617,0.3457748885339866
mr_30m__rsi_5__entry_10__exit_50__shared_hours_3,-0.00029405968955012143,-0.00015775769826896447,-0.0001260157835251548,-0.00015439360839836704,-0.00012314549840034095,-0.00013716956119252664,-0.00010390663865671576,-9.461700321675544e-05,-0.00012620916628899268,-0.00013700230482684443,-0.0003593316733528106,-0.0001631767940872822,0.43413144898937434,0.5492439630984267,0.5227223160720464,0.33574970389795694,0.6688763809837927,0.6120327218453685,0.3379248356490915,0.23516602547874568,0.22990570600585628,0.2662352294467986,0.21144878839486095,0.20831979442693024,0.23985289750172462,0.21813435532115016,0.23310095693877153,0.2598475835386712,1.0,0.8800832670949863,0.8333696210173761,0.5432208378486582,0.40397934730776,0.3028924625952423,0.3583069582547153,0.31418873464965713,0.4061876834785796,0.38530246243668803,0.4976257007528783,0.20014657039100536,0.20766969269323574,0.04188955734380616,0.5252718967574058,0.5111001169882299
mr_30m__rsi_5__entry_10__exit_60__shared_hours_3,-0.0002817883919864413,-0.00015117436935051847,-0.00012075706486393169,-0.0001479506650855973,-0.00011800655855976927,-0.00013144538830601565,-9.95705486492777e-05,-9.066857559499783e-05,-0.00012094237764186569,-0.00013128511165554793,-0.00034433653446026483,-0.00015636732285945264,0.41353238468033915,0.5226769943975277,0.5578765734648211,0.3860517995892062,0.5994043487502269,0.5484556162757663,0.30282185428829195,0.23759933083169432,0.2301685578394247,0.265580701591768,0.22582826214703297,0.22117797226107044,0.2533980608188023,0.231329343903493,0.24261219065040734,0.2692822116134443,0.8800832670949863,1.0,0.9525594412187877,0.49479828448914487,0.3873470443937294,0.3040527541808176,0.3770467349026737,0.27684181467217406,0.38632022258874543,0.33957699692088833,0.47282242642826694,0.2008598079135179,0.20589055293273834,0.03680041621459695,0.5751740424123745,0.5590443547733357
mr_30m__rsi_5__entry_10__exit_70__shared_hours_3,-0.0003303712427474654,-0.00017723818898854365,-0.00014157666789720334,-0.00017345868914269214,-0.0001383519495919353,-0.00015410775433987304,-0.00011673740591814743,-0.0001063006527210316,-0.0001417939302630846,-0.00015391984455433464,-0.0004037032470032885,-0.00018332645434383248,0.39166133402626624,0.4949051387391532,0.5289869688820695,0.4033376796661122,0.5797804728443626,0.530471048987486,0.29289250221400015,0.2304687343825542,0.22312490802225796,0.2563600310546948,0.22183385017415214,0.2222807192846189,0.25193219016631047,0.22778695914174146,0.24284749124320232,0.2671659671238548,0.8333696210173761,0.9525594412187877,1.0,0.4746628065990485,0.3754435354988911,0.29589212640367407,0.36413290227983314,0.266974397035098,0.3704677226477532,0.3214753704011089,0.44771185938346575,0.1957891662016911,0.19663279990953378,0.03480766598249735,0.594127971176093,0.5787745264689655
mr_30m__rsi_5__entry_20__exit_50__shared_hours_3,0.08081803560253012,0.0735426841635164,0.07311710316269557,0.0733055271364258,0.07353790820440018,0.07389537106231543,0.07466717030339155,0.07382119130516959,0.07324928142890201,0.07296235294979529,0.0808869688696654,0.07301317139460979,0.7014827445078905,0.6384492446338078,0.6104668542355248,0.5613352419287629,0.37363343713042196,0.34180944479936964,0.29047305992154193,0.5261194226390584,0.5714971750922103,0.6603054965880407,0.5050592947124308,0.5361124980818941,0.5881391756725857,0.48615122555749735,0.5263433754364413,0.5694342127197343,0.5432208378486582,0.49479828448914487,0.4746628065990485,1.0,0.7425944907672283,0.6448245487817056,0.6468266916302515,0.67069111269596,0.685255314385021,0.5785437812302585,0.6243904363319778,0.6506274887559844,0.6532236132175498,0.39258910913046235,0.4021049177072134,0.39165419760842823
mr_30m__rsi_5__entry_30__exit_50__shared_hours_3,0.15403925831746795,0.14110468094602885,0.13947419172650968,0.14059387875270546,0.14205493947872502,0.14230489306670913,0.14276600938155456,0.1415351854070495,0.139573997558496,0.14058435555954285,0.1505109471593625,0.13773497547897728,0.848563240765876,0.6707370077859247,0.6443579548060795,0.7261128642216123,0.37416615649508456,0.3423924257889224,0.43357283716876016,0.7720308417449834,0.8180215361124531,0.8772079942639067,0.7617705177410122,0.7972355415640541,0.8292979044723712,0.7283082041830812,0.7669504410185364,0.7948187447506366,0.40397934730776,0.3873470443937294,0.3754435354988911,0.7425944907672283,1.0,0.8927203601212347,0.8745433122854467,0.8440713841321668,0.8659216865417598,0.7212241640790102,0.749276199361012,0.819649945271934,0.7983603411937412,0.36344200746266797,0.4215732667535242,0.41402863971541665
mr_30m__sma_distance_10__entry_m0p02__exit_0__shared_hours_3,0.15449897618723807,0.15441330139329446,0.15376201648500207,0.1544389144562382,0.15514053658158855,0.1499089175008957,0.15597569062534167,0.15489417489056378,0.14745697002495967,0.15315813749612434,0.15422811917840729,0.15457300389101905,0.8099596346335809,0.610322144122284,0.5970258318319361,0.7179302225033732,0.3034053171773058,0.2794919400942054,0.4755744628061803,0.7742784182542395,0.8186042526291892,0.8527032156088844,0.8054270832602396,0.8428309450665394,0.860660512166546,0.7799206682120188,0.8184134861680383,0.8341231801540414,0.3028924625952423,0.3040527541808176,0.29589212640367407,0.6448245487817056,0.8927203601212347,1.0,0.9349636512403695,0.8568205366494362,0.8392103435569611,0.7044886449326692,0.6889909923797745,0.8421355289265862,0.8057214830730606,0.3518040381437836,0.35718138409464806,0.34972619967785007
mr_30m__sma_distance_10__entry_m0p02__exit_0p01__shared_hours_3,0.1776854244661994,0.17140642294497652,0.16910611815419682,0.1689556551569954,0.17242441579415937,0.16429250254323663,0.16955253459429248,0.17191449806848008,0.16537651732592595,0.16776007021890352,0.17381589970665645,0.17178645785451102,0.8114204511708895,0.6303274248608889,0.6276967483771841,0.7542575721656125,0.3425292266598097,0.31511144895838694,0.5000070394632646,0.7208165648264189,0.7620507296418148,0.8189608498520271,0.7554199859769103,0.7901999791450046,0.8335103752543099,0.7376273629216036,0.7775704232311951,0.8189585715932695,0.3583069582547153,0.3770467349026737,0.36413290227983314,0.6468266916302515,0.8745433122854467,0.9349636512403695,1.0,0.7970509654011271,0.8701120423967709,0.6514347347615177,0.7033617092868999,0.7868988526034828,0.7544779624608653,0.3248072140431739,0.41758122972364825,0.40827706258539104
mr_30m__sma_distance_10__entry_m0p04__exit_0__shared_hours_3,0.037624735783456195,0.03616906203348406,0.0362123161889194,0.03588242240957533,0.036017695854973185,0.036221070781019854,0.03662199593503204,0.0363228589772926,0.03588767067167242,0.03579397055286552,0.03722237383413147,0.03538376036995179,0.881320255347038,0.68107322838917,0.6530583850677089,0.7209037130746159,0.3147886129247533,0.2879905136051045,0.39501004991821537,0.7394591301090324,0.7844196182178845,0.8181116106150287,0.7266415054238793,0.7624883294967235,0.7714674603891009,0.6841127401355902,0.7188895302477007,0.7248991595294826,0.31418873464965713,0.27684181467217406,0.266974397035098,0.67069111269596,0.8440713841321668,0.8568205366494362,0.7970509654011271,1.0,0.9148456924427847,0.8250314502071058,0.7749748048692436,0.7747715310834755,0.7574232520554365,0.26166060460661533,0.35218703147113,0.34267971710986167
mr_30m__sma_distance_10__entry_m0p04__exit_0p01__shared_hours_3,0.041968759174927615,0.039947775394822936,0.04108062847336053,0.039706038498511086,0.039833401466597536,0.04006767042862508,0.04048677797707839,0.04007299014863399,0.040907480290985246,0.039596230207168036,0.04176361814951354,0.0393353631934365,0.9280032067247762,0.7295781304219469,0.701981215089437,0.7791113620159658,0.38750312764567735,0.3546318449822907,0.46399259493296946,0.6923482499729315,0.7322586137024999,0.7918614288801876,0.6976512120904215,0.7288856030682977,0.7613609543588037,0.6666365300704009,0.7012798047796296,0.7284742789066407,0.4061876834785796,0.38632022258874543,0.3704677226477532,0.685255314385021,0.8659216865417598,0.8392103435569611,0.8701120423967709,0.9148456924427847,1.0,0.7518406350384356,0.8120314830542779,0.7181889449619453,0.7039619184518003,0.2369644068583984,0.4242957678404811,0.41287775443485003
mr_30m__sma_distance_10__entry_m0p06__exit_0__shared_hours_3,0.015097144795274567,0.01512615992134549,0.014997772212401205,0.01508024844897958,0.015165356018587147,0.015239155394574723,0.015438711284475062,0.015247226467972328,0.015045913795228594,0.015058175758564229,0.015181714661507958,0.015240812520686004,0.8119417950308021,0.8054629502844303,0.7557611124076162,0.6010700621800683,0.3781832895139598,0.34594806258153227,0.3172338354277443,0.6257488681817656,0.6634186889381326,0.6828729582390519,0.6020200521961113,0.6345090564176687,0.6374133746545579,0.5707351060669854,0.606477442538101,0.6056791176478209,0.38530246243668803,0.33957699692088833,0.3214753704011089,0.5785437812302585,0.7212241640790102,0.7044886449326692,0.6514347347615177,0.8250314502071058,0.7518406350384356,1.0,0.9269826488825912,0.6074689501804453,0.6080981449718059,0.17961759789950418,0.3487442828631825,0.33930958725544796
mr_30m__sma_distance_10__entry_m0p06__exit_0p01__shared_hours_3,0.014007629352519348,0.013974779757411517,0.013842887576917335,0.013931102984882593,0.013995698407851436,0.014069668561471809,0.014238599523624529,0.014058505532858503,0.013887229881243334,0.013903216069172322,0.014113881413889069,0.014082549532787942,0.8702953019518813,0.8927142119289787,0.8434145934879491,0.6496097710763856,0.46827522159820834,0.4284814439861233,0.35721783096320664,0.5997931490792695,0.6338881312791732,0.6813350396967008,0.5693213518952851,0.598914022523236,0.6294608363935572,0.5453881978985174,0.5835488876545846,0.6080558839735801,0.4976257007528783,0.47282242642826694,0.44771185938346575,0.6243904363319778,0.749276199361012,0.6889909923797745,0.7033617092868999,0.7749748048692436,0.8120314830542779,0.9269826488825912,1.0,0.5752138681623673,0.5766649916110819,0.1785723404243033,0.4109354241661299,0.3998528477987115
mr_30m__zscore_10__entry_m1p5__exit_0__shared_hours_3,0.1911504502725399,0.18310883508803874,0.18105998515522437,0.1822998518303655,0.18399637202990857,0.18306427824952215,0.18530370334273533,0.18366308471765197,0.17770478410453638,0.18213552231005875,0.19099575641614938,0.1833097286694365,0.6802656852079861,0.46184054746094855,0.4419506979121576,0.6016619840202923,0.2146383158948208,0.19637789584175933,0.38171098570871365,0.706841973957636,0.7619592551278231,0.8085712554948182,0.6959487277263252,0.7412077873524484,0.7677516089409594,0.6649551255273165,0.7030932044775389,0.7250369896936074,0.20014657039100536,0.2008598079135179,0.1957891662016911,0.6506274887559844,0.819649945271934,0.8421355289265862,0.7868988526034828,0.7747715310834755,0.7181889449619453,0.6074689501804453,0.5752138681623673,1.0,0.9534676116249153,0.42070705974334616,0.3031284808389179,0.29939140938189696
mr_30m__zscore_10__entry_m1p5__exit_m0p5__shared_hours_3,0.15278817021454352,0.15065617418059118,0.1485984072475984,0.15009750987888226,0.1517815121947564,0.15074106921782393,0.15269749091699214,0.15112439064319308,0.1465481401754914,0.15025407808747687,0.15194294500889924,0.15070974324556727,0.6697309391492668,0.47495176078105183,0.4552688068516656,0.5927133254816812,0.21647304076567692,0.1980408814108199,0.3642742074406835,0.7381688786559287,0.7896679661726652,0.8300490126427668,0.7283618621423343,0.7684480052858637,0.7855964755781105,0.6862272527436726,0.7200217826153578,0.7319321152653192,0.20766969269323574,0.20589055293273834,0.19663279990953378,0.6532236132175498,0.7983603411937412,0.8057214830730606,0.7544779624608653,0.7574232520554365,0.7039619184518003,0.6080981449718059,0.5766649916110819,0.9534676116249153,1.0,0.3810413864560346,0.30007314894883097,0.2950834922649692
mr_30m__zscore_10__entry_m2__exit_0__shared_hours_3,0.22013257459289476,0.21514670504876876,0.211831639547644,0.21473078834380882,0.21511963034900966,0.21438119431022282,0.2157601556821806,0.21579365523504465,0.21160968420339676,0.2118767991517529,0.220226432095591,0.21469210627510268,0.22486886317444296,0.1693302266397191,0.15931066829824234,0.18057522191398195,-0.00012045454160699306,-0.00017855154311757939,-9.723405226261149e-05,0.2215853976863354,0.35376530704685394,0.3427686605754159,0.24199849235555848,0.330547456558088,0.3191375272457583,0.22766027828104177,0.3096075256109396,0.3005659013566035,0.04188955734380616,0.03680041621459695,0.03480766598249735,0.39258910913046235,0.36344200746266797,0.3518040381437836,0.3248072140431739,0.26166060460661533,0.2369644068583984,0.17961759789950418,0.1785723404243033,0.42070705974334616,0.3810413864560346,1.0,0.07457409327455979,0.07417622653653759
mr_30m__zscore_50__entry_m2p5__exit_0__shared_hours_3,0.024207136849987355,0.02402308822788177,0.0389477445989225,0.027137717021679237,0.022453609681838817,0.03583695447424798,0.02298131349230698,0.02361215109670432,0.03867813216531458,0.035344541709603404,0.013936609905356546,0.013814849472017256,0.4101280432394528,0.42484379699009467,0.44285103696606265,0.5528221725368001,0.7454531755000503,0.7686600344866197,0.45861121082018386,0.29458080422560423,0.28530117040538716,0.3203654864611991,0.2985075213165628,0.2951397423297744,0.31442202006026726,0.3231537991482046,0.33031729570559926,0.3452893094745617,0.5252718967574058,0.5751740424123745,0.594127971176093,0.4021049177072134,0.4215732667535242,0.35718138409464806,0.41758122972364825,0.35218703147113,0.4242957678404811,0.3487442828631825,0.4109354241661299,0.3031284808389179,0.30007314894883097,0.07457409327455979,1.0,0.9738805843683568
mr_30m__zscore_50__entry_m2p5__exit_0p5__shared_hours_3,0.0263923572650715,0.02721255422795219,0.046613936045941134,0.03453901446049328,0.028683598345602496,0.04310326236650647,0.029034844682730862,0.02642867674483997,0.04637941814742471,0.042503888928027735,0.02005087531655594,0.02029562094673408,0.3990786218588235,0.41337710511967285,0.43092518128200463,0.5561198782512006,0.7253785274182094,0.7827490337418868,0.46646390272528504,0.2912411652892797,0.28195388614235023,0.3158213523985673,0.2984609412421579,0.29763403824851814,0.3157433649263766,0.32262169743168256,0.33183001072075347,0.3457748885339866,0.5111001169882299,0.5590443547733357,0.5787745264689655,0.39165419760842823,0.41402863971541665,0.34972619967785007,0.40827706258539104,0.34267971710986167,0.41287775443485003,0.33930958725544796,0.3998528477987115,0.29939140938189696,0.2950834922649692,0.07417622653653759,0.9738805843683568,1.0
