portfolio_id,trend_weight,mean_reversion_weight,cash_excess_sharpe,cagr,max_drawdown,annualized_volatility,exposure_fraction,exposure_definition,initial_weighted_binary_long_time_fraction,gross_sleeve_order_count,gross_sleeve_orders_per_year,distinct_execution_timestamp_count,distinct_execution_timestamps_per_year,total_turnover,annualized_turnover,total_commission,total_slippage,cost_drag_return,terminal_equity,gross_terminal_equity,total_return,initial_trend_weight,ending_trend_weight,initial_mean_reversion_weight,ending_mean_reversion_weight,positive_weight_sleeve_count,scored_sessions,elapsed_calendar_years,start_session,end_session,commission_bps,slippage_bps,scenario_slippage_bps,BH_cash_excess_sharpe,Sharpe_difference_vs_BH,beats_BH_Sharpe
portfolio_tf_000,0.0,1.0,0.21813202287022712,0.050563892539245536,-0.2098225378217261,0.12294833593800543,0.16977194002765336,calendar_time_weighted_event_left_QQQ_notional_over_total_wealth,0.17790007239720373,4998,454.441451680705,1740,158.2089087483847,150.7320321025257,13.705258800210963,19.999132435301252,19.999136350403827,0.05602467442720399,1720.3104268245986,1776.3351012518026,0.7203104268245986,0.0,0.0,1.0,1.0,32,2767,10.998116438356165,2001-01-02,2011-12-30,1.0,1.0,1.0,0.0434486484515093,0.1746833744187178,True
portfolio_tf_010,0.1,0.9,0.21801756986080406,0.04957413626371565,-0.19398650149525254,0.11388297887730929,0.21107403453938195,calendar_time_weighted_event_left_QQQ_notional_over_total_wealth,0.2181141079834135,5818,528.9996730448862,1870,170.02911457441343,142.59326764825158,12.965244407756453,18.888154277918538,18.888158201093525,0.05253135763323348,1702.5690837994073,1755.1004414326408,0.7025690837994072,0.1,0.09062169701387968,0.9,0.9093783029861203,44,2767,10.998116438356165,2001-01-02,2011-12-30,1.0,1.0,1.0,0.0434486484515093,0.17456892140929475,True
portfolio_tf_020,0.2,0.8,0.21671766707112416,0.04857495935683254,-0.18979813169981097,0.10652656680778509,0.2522719347457538,calendar_time_weighted_event_left_QQQ_notional_over_total_wealth,0.2583281435696233,5818,528.9996730448862,1870,170.02911457441343,134.43267243036024,12.223245060538133,17.77717612053576,17.777180051783144,0.04903804083926298,1684.827740774216,1733.865781613479,0.684827740774216,0.2,0.1831518984681117,0.8,0.8168481015318882,44,2767,10.998116438356165,2001-01-02,2011-12-30,1.0,1.0,1.0,0.0434486484515093,0.17326901861961486,True
portfolio_tf_030,0.3,0.7,0.21322009225314512,0.047566171522247735,-0.189784332536592,0.10128295072459219,0.2933843666973402,calendar_time_weighted_event_left_QQQ_notional_over_total_wealth,0.29854217915583303,5818,528.9996730448862,1870,170.02911457441343,126.24670253255053,11.478938529170547,16.666197963153035,16.666201902472757,0.045544724045292244,1667.0863977490249,1712.631121794317,0.6670863977490249,0.3,0.27765153599525044,0.7,0.7223484640047495,44,2767,10.998116438356165,2001-01-02,2011-12-30,1.0,1.0,1.0,0.0434486484515093,0.1697714438016358,True
portfolio_tf_040,0.4,0.6,0.20664794426023825,0.04654757654340358,-0.1897706695058482,0.098527926022976,0.3344296050310733,calendar_time_weighted_event_left_QQQ_notional_over_total_wealth,0.3387562147420428,5818,528.9996730448862,1870,170.02911457441343,118.0318343087628,10.732004427333054,15.555219805770276,15.555223753162357,0.04205140725132173,1649.3450547238335,1691.3964619751553,0.6493450547238335,0.4,0.37418416289635137,0.6,0.6258158371036486,44,2767,10.998116438356165,2001-01-02,2011-12-30,1.0,1.0,1.0,0.0434486484515093,0.16319929580872894,True
portfolio_tf_050,0.5,0.5,0.19678087707172634,0.04551897203336086,-0.18975714060299198,0.09851473285885483,0.3754255471290648,calendar_time_weighted_event_left_QQQ_notional_over_total_wealth,0.37897025032825254,5818,528.9996730448862,1870,170.02911457441343,109.78455253978596,9.982123134913357,14.44424164838756,14.444245603851968,0.03855809045735123,1631.6037116986422,1670.1618021559934,0.6316037116986422,0.5,0.4728160966753364,0.5,0.5271839033246636,44,2767,10.998116438356165,2001-01-02,2011-12-30,1.0,1.0,1.0,0.0434486484515093,0.15333222862021703,True
portfolio_tf_060,0.6,0.4,0.18437871565165562,0.044480149171209016,-0.18974374386260107,0.10129377436316031,0.41638978487638384,calendar_time_weighted_event_left_QQQ_notional_over_total_wealth,0.41918428591446233,5818,528.9996730448862,1870,170.02911457441343,101.50133869044153,9.228974730295949,13.333263491004816,13.333267454541625,0.03506477366338027,1613.862368673451,1648.9271423368314,0.613862368673451,0.6,0.5736165709747244,0.4,0.4263834290252756,44,2767,10.998116438356165,2001-01-02,2011-12-30,1.0,1.0,1.0,0.0434486484515093,0.1409300672001463,True
portfolio_tf_070,0.7,0.30000000000000004,0.1709311561214126,0.04343089242417508,-0.18973047735746607,0.10670015023332273,0.45733967493370326,calendar_time_weighted_event_left_QQQ_notional_over_total_wealth,0.45939832150067206,5818,528.9996730448862,1870,170.02911457441343,93.17865913740765,8.472237919981016,12.222285333622084,12.222289305231246,0.03157145686940976,1596.1210256482598,1627.6924825176695,0.5961210256482599,0.7,0.6766578976442151,0.30000000000000004,0.32334210235578487,44,2767,10.998116438356165,2001-01-02,2011-12-30,1.0,1.0,1.0,0.0434486484515093,0.1274825076699033,True
portfolio_tf_080,0.8,0.19999999999999996,0.15800481494525606,0.04237097925449329,-0.1939796841853484,0.11441761491513038,0.4982924084442242,calendar_time_weighted_event_left_QQQ_notional_over_total_wealth,0.4996123570868818,5818,528.9996730448862,1870,170.02911457441343,84.81295323398615,7.711588953377432,11.111307176239347,11.111311155920836,0.02807814007543925,1578.3796826230684,1606.4578226985077,0.5783796826230685,0.8,0.7820156397393994,0.19999999999999996,0.21798436026060064,44,2767,10.998116438356165,2001-01-02,2011-12-30,1.0,1.0,1.0,0.0434486484515093,0.11455616649374675,True
portfolio_tf_090,0.9,0.09999999999999998,0.14672433463110493,0.04130017981001677,-0.2072081028193653,0.12407292164651572,0.5392650811238046,calendar_time_weighted_event_left_QQQ_notional_over_total_wealth,0.5398263926730915,5818,528.9996730448862,1870,170.02911457441343,76.40062107083982,6.946700509951961,10.000329018856604,10.000333006610482,0.024584823281468743,1560.6383395978771,1585.2231628793459,0.5606383395978771,0.9,0.8897687963203657,0.09999999999999998,0.11023120367963435,44,2767,10.998116438356165,2001-01-02,2011-12-30,1.0,1.0,1.0,0.0434486484515093,0.10327568617959562,True
portfolio_tf_100,1.0,0.0,0.1376448064481413,0.040218256597469804,-0.2203097708157583,0.13531027264331633,0.5802747647412325,calendar_time_weighted_event_left_QQQ_notional_over_total_wealth,0.5800404282593014,820,74.55822136418128,197,17.912158059443552,67.93801078042615,6.177240544889204,8.889350861473861,8.889354857300098,0.02109150648749778,1542.896996572686,1563.9885030601838,0.542896996572686,1.0,1.0,0.0,0.0,12,2767,10.998116438356165,2001-01-02,2011-12-30,1.0,1.0,1.0,0.0434486484515093,0.094196157996632,True
portfolio_equal_44,0.2727272727272727,0.7272727272727273,0.21444944998626522,0.047842259720950464,-0.1897880823587096,0.10248064175802973,0.28217931051034306,calendar_time_weighted_event_left_QQQ_notional_over_total_wealth,0.28757471490504855,5818,528.9996730448862,1870,170.02911457441343,128.48195772481685,11.682178347988142,16.96919200607559,16.96919594319376,0.046497446807284404,1671.9249458468041,1718.4223926540885,0.6719249458468042,0.2727272727272727,0.2516800117251945,0.7272727272727273,0.7483199882748055,44,2767,10.998116438356165,2001-01-02,2011-12-30,1.0,1.0,1.0,0.0434486484515093,0.17100080153475591,True
portfolio_tf_000,0.0,1.0,0.1954290973386032,0.04761181128312453,-0.20926374599201503,0.12257290065631603,0.16813643734985873,calendar_time_weighted_event_left_QQQ_notional_over_total_wealth,0.17790007239720373,4998,454.441451680705,1740,158.2089087483847,148.15189132409088,13.470660376663044,19.31420337667351,57.94264448652588,0.10844972902645622,1667.8853722253464,1776.3351012518026,0.6678853722253464,0.0,0.0,1.0,1.0,32,2767,10.998116438356165,2001-01-02,2011-12-30,1.0,3.0,3.0,0.04332982424247732,0.15209927309612586,True
portfolio_tf_010,0.1,0.9,0.1948256789206279,0.04677586021467928,-0.19341616119454752,0.11347848995387354,0.21007523262048794,calendar_time_weighted_event_left_QQQ_notional_over_total_wealth,0.2181141079834135,5818,528.9996730448862,1870,170.02911457441343,140.2077402158295,12.748341136565168,18.26510708968048,54.79535576363657,0.10179425453475756,1653.3061868978832,1755.1004414326408,0.6533061868978831,0.1,0.0920636196134144,0.9,0.9079363803865856,44,2767,10.998116438356165,2001-01-02,2011-12-30,1.0,3.0,3.0,0.04332982424247732,0.15149585467815058,True
portfolio_tf_020,0.2,0.8,0.19331155375917985,0.0459331807613923,-0.19084621629579113,0.10614333555525804,0.25179892063399084,calendar_time_weighted_event_left_QQQ_notional_over_total_wealth,0.2583281435696233,5818,528.9996730448862,1870,170.02911457441343,132.25614522301484,12.025345063793717,17.21601080268749,51.648067040747456,0.09513878004305912,1638.7270015704198,1733.865781613479,0.6387270015704198,0.2,0.18576535536328692,0.8,0.814234644636713,44,2767,10.998116438356165,2001-01-02,2011-12-30,1.0,3.0,3.0,0.04332982424247732,0.14998172951670252,True
portfolio_tf_030,0.3,0.7,0.19003186283668022,0.04508365817941473,-0.19092986939060597,0.10096749817509211,0.2933289900771556,calendar_time_weighted_event_left_QQQ_notional_over_total_wealth,0.29854217915583303,5818,528.9996730448862,1870,170.02911457441343,124.29329868623134,11.301325948210168,16.16691451569444,48.50077831785819,0.08848330555136068,1624.1478162429564,1712.631121794317,0.6241478162429563,0.3,0.2811493209660585,0.7,0.7188506790339415,44,2767,10.998116438356165,2001-01-02,2011-12-30,1.0,3.0,3.0,0.04332982424247732,0.1467020385942029,True
portfolio_tf_040,0.4,0.6,0.18426491236462517,0.04422717471618909,-0.19101247970510282,0.0983154007349401,0.3346861091337527,calendar_time_weighted_event_left_QQQ_notional_over_total_wealth,0.3387562147420428,5818,528.9996730448862,1870,170.02911457441343,116.31545650123437,10.575943358408331,15.117818228701395,45.35348959496901,0.08182783105966224,1609.568630915493,1691.3964619751553,0.6095686309154931,0.4,0.37826122843484455,0.6,0.6217387715651554,44,2767,10.998116438356165,2001-01-02,2011-12-30,1.0,3.0,3.0,0.04332982424247732,0.14093508812214783,True
portfolio_tf_050,0.5,0.5,0.17586815534039307,0.04336360950347351,-0.1910940666167239,0.0984204808665694,0.37589022565853564,calendar_time_weighted_event_left_QQQ_notional_over_total_wealth,0.37897025032825254,5818,528.9996730448862,1870,170.02911457441343,108.31892291231428,9.848861259056116,14.068721941708388,42.2062008720798,0.07517235656796356,1594.9894455880299,1670.1618021559934,0.5949894455880298,0.5,0.4771484611265117,0.5,0.5228515388734882,44,2767,10.998116438356165,2001-01-02,2011-12-30,1.0,3.0,3.0,0.04332982424247732,0.13253833109791574,True
portfolio_tf_060,0.6,0.4,0.16553082744872968,0.0424928384455463,-0.19117464902575843,0.1013088218839475,0.4169606612147105,calendar_time_weighted_event_left_QQQ_notional_over_total_wealth,0.41918428591446233,5818,528.9996730448862,1870,170.02911457441343,100.3000358230142,9.119746675277568,13.01962565471538,39.05891214919057,0.0685168820762649,1580.4102602605665,1648.9271423368314,0.5804102602605665,0.6,0.5778601508318839,0.4,0.4221398491681161,44,2767,10.998116438356165,2001-01-02,2011-12-30,1.0,3.0,3.0,0.04332982424247732,0.12220100320625236,True
portfolio_tf_070,0.7,0.30000000000000004,0.15452954314731537,0.04161473410232497,-0.19125424536994073,0.10679379618947361,0.45791620026709967,calendar_time_weighted_event_left_QQQ_notional_over_total_wealth,0.45939832150067206,5818,528.9996730448862,1870,170.02911457441343,92.25515244791345,8.388268388046123,11.970529367722358,35.911623426301304,0.06186140758456645,1565.831074933103,1627.6924825176695,0.565831074933103,0.7,0.6804472591725891,0.30000000000000004,0.3195527408274109,44,2767,10.998116438356165,2001-01-02,2011-12-30,1.0,3.0,3.0,0.04332982424247732,0.11119971890483805,True
portfolio_tf_080,0.8,0.19999999999999996,0.14416678524131657,0.04072916556712025,-0.19640967944869103,0.11454518306014427,0.4987751757503234,calendar_time_weighted_event_left_QQQ_notional_over_total_wealth,0.4996123570868818,5818,528.9996730448862,1870,170.02911457441343,84.18063513367575,7.65409564496826,10.92143308072931,32.76433470341209,0.05520593309286778,1551.25188960564,1606.4578226985077,0.55125188960564,0.8,0.7849626635878771,0.19999999999999996,0.21503733641212286,44,2767,10.998116438356165,2001-01-02,2011-12-30,1.0,3.0,3.0,0.04332982424247732,0.10083696099883925,True
portfolio_tf_090,0.9,0.09999999999999998,0.1353502725802073,0.03983599833872575,-0.2095416213153507,0.12418389012730968,0.5395555521921473,calendar_time_weighted_event_left_QQQ_notional_over_total_wealth,0.5398263926730915,5818,528.9996730448862,1870,170.02911457441343,76.07283717764774,6.916896870844366,9.872336793736304,29.617045980522875,0.04855045860116911,1536.6727042781768,1585.2231628793459,0.5366727042781767,0.9,0.8914612482162355,0.09999999999999998,0.10853875178376449,44,2767,10.998116438356165,2001-01-02,2011-12-30,1.0,3.0,3.0,0.04332982424247732,0.09202044833772997,True
portfolio_tf_100,1.0,0.0,0.12850636066306204,0.03893509418752461,-0.2225157675614109,0.13535371224999884,0.5802750075663412,calendar_time_weighted_event_left_QQQ_notional_over_total_wealth,0.5800404282593014,820,74.55822136418128,197,17.912158059443552,67.92808846784435,6.176338361989303,8.823240506743273,26.469757257633653,0.04189498410947067,1522.0935189507131,1563.9885030601838,0.5220935189507132,1.0,1.0,0.0,0.0,12,2767,10.998116438356165,2001-01-02,2011-12-30,1.0,3.0,3.0,0.04332982424247732,0.08517653642058472,True
portfolio_equal_44,0.2727272727272727,0.7272727272727273,0.19114940539853936,0.04531603148166563,-0.1909071591533521,0.10214257829996709,0.2820206153027695,calendar_time_weighted_event_left_QQQ_notional_over_total_wealth,0.28757471490504855,5818,528.9996730448862,1870,170.02911457441343,126.46631475075189,11.498906695486323,16.453031684874343,49.359129787737004,0.0902984349581875,1628.123957695901,1718.4223926540885,0.628123957695901,0.2727272727272727,0.25496609904736767,0.7272727272727273,0.7450339009526323,44,2767,10.998116438356165,2001-01-02,2011-12-30,1.0,3.0,3.0,0.04332982424247732,0.14781958115606203,True
portfolio_tf_000,0.0,1.0,0.12096656142062517,0.03811017709215769,-0.2073389361355099,0.12135850336912844,0.16267515948196162,calendar_time_weighted_event_left_QQQ_notional_over_total_wealth,0.17790007239720373,4998,454.441451680705,1740,158.2089087483847,139.6019997409542,12.693264389717612,17.194384148700614,171.94419335441512,0.26748068016281057,1508.854421088992,1776.3351012518026,0.508854421088992,0.0,0.0,1.0,1.0,32,2767,10.998116438356165,2001-01-02,2011-12-30,1.0,10.0,10.0,0.04291412626972717,0.078052435150898,True
portfolio_tf_010,0.1,0.9,0.11846189867635061,0.037750715599260465,-0.19366757809150237,0.11216804877652123,0.20674220176131686,calendar_time_weighted_event_left_QQQ_notional_over_total_wealth,0.2181141079834135,5818,528.9996730448862,1870,170.02911457441343,132.3429492139991,12.033237687177984,16.33462571518138,163.34661267870763,0.25198220263441773,1503.118238798223,1755.1004414326408,0.5031182387982231,0.1,0.09656543049745736,0.9,0.9034345695025426,44,2767,10.998116438356165,2001-01-02,2011-12-30,1.0,10.0,10.0,0.04291412626972717,0.07554777240662344,True
portfolio_tf_020,0.2,0.8,0.11604025969640297,0.037390004891531214,-0.19415898870385728,0.1049078302715508,0.2502087212978414,calendar_time_weighted_event_left_QQQ_notional_over_total_wealth,0.2583281435696233,5818,528.9996730448862,1870,170.02911457441343,125.11608914927913,11.376137891478773,15.474867281662227,154.74903200299966,0.2364837251060246,1497.3820565074543,1733.865781613479,0.49738205650745426,0.2,0.19387070813000323,0.8,0.8061292918699967,44,2767,10.998116438356165,2001-01-02,2011-12-30,1.0,10.0,10.0,0.04291412626972717,0.0731261334266758,True
portfolio_tf_030,0.3,0.7,0.1133933255581128,0.03702803581711622,-0.19463998691094087,0.09996166622336009,0.2931116856844243,calendar_time_weighted_event_left_QQQ_notional_over_total_wealth,0.29854217915583303,5818,528.9996730448862,1870,170.02911457441343,117.91633172396564,10.721502394058124,14.615108848143025,146.1514513272923,0.22098524757763152,1491.6458742166856,1712.631121794317,0.4916458742166856,0.3,0.29192436823053564,0.7,0.7080756317694643,44,2767,10.998116438356165,2001-01-02,2011-12-30,1.0,10.0,10.0,0.04291412626972717,0.07047919928838563,True
portfolio_tf_040,0.4,0.6,0.11028711472779879,0.036664799121600034,-0.19511090018308874,0.09765216203905341,0.3354854563492805,calendar_time_weighted_event_left_QQQ_notional_over_total_wealth,0.3387562147420428,5818,528.9996730448862,1870,170.02911457441343,110.73883625885307,10.068891057804137,13.755350414623823,137.5538706515846,0.20548677004923865,1485.9096919259166,1691.3964619751553,0.4859096919259167,0.4,0.39073507793060974,0.6,0.6092649220693902,44,2767,10.998116438356165,2001-01-02,2011-12-30,1.0,10.0,10.0,0.04291412626972717,0.06737298845807162,True
portfolio_tf_050,0.5,0.5,0.10674499013934682,0.03630028544645647,-0.19557204240116977,0.0981444100780742,0.3773620715029564,calendar_time_weighted_event_left_QQQ_notional_over_total_wealth,0.37897025032825254,5818,528.9996730448862,1870,170.02911457441343,103.57897481588064,9.417883089021204,12.895591981104614,128.95628997587684,0.1899882925208458,1480.1735096351476,1670.1618021559934,0.4801735096351476,0.5,0.4903116387142633,0.5,0.5096883612857367,44,2767,10.998116438356165,2001-01-02,2011-12-30,1.0,10.0,10.0,0.04291412626972717,0.06383086386961966,True
portfolio_tf_060,0.6,0.4,0.10311436035689188,0.03593448532746635,-0.19602371455427126,0.10138464851240195,0.4187714965859148,calendar_time_weighted_event_left_QQQ_notional_over_total_wealth,0.41918428591446233,5818,528.9996730448862,1870,170.02911457441343,96.43230115428796,8.76807421477902,12.035833547585435,120.35870930016911,0.17448981499245247,1474.437327344379,1648.9271423368314,0.47443732734437893,0.6,0.5906629890314559,0.4,0.40933701096854413,44,2767,10.998116438356165,2001-01-02,2011-12-30,1.0,10.0,10.0,0.04291412626972717,0.06020023408716471,True
portfolio_tf_070,0.7,0.30000000000000004,0.09991924269415092,0.035567389193109644,-0.19646620539484005,0.10711837035189568,0.4597418472838701,calendar_time_weighted_event_left_QQQ_notional_over_total_wealth,0.45939832150067206,5818,528.9996730448862,1870,170.02911457441343,89.29452247392894,8.119074113682993,11.176075114066235,111.76112862446135,0.1589913374640596,1468.70114505361,1627.6924825176695,0.4687011450536098,0.7,0.6917982069727501,0.30000000000000004,0.3082017930272499,44,2767,10.998116438356165,2001-01-02,2011-12-30,1.0,10.0,10.0,0.04291412626972717,0.057005116424423755,True
portfolio_tf_080,0.8,0.19999999999999996,0.09762296221861325,0.03519898736292304,-0.20461455781577853,0.1149742387600958,0.5002995893967547,calendar_time_weighted_event_left_QQQ_notional_over_total_wealth,0.4996123570868818,5818,528.9996730448862,1870,170.02911457441343,82.16147345388235,7.470504055343738,10.316316680547025,103.16354794875397,0.1434928599356665,1462.9649627628412,1606.4578226985077,0.46296496276284116,0.8,0.793726513006916,0.19999999999999996,0.206273486993084,44,2767,10.998116438356165,2001-01-02,2011-12-30,1.0,10.0,10.0,0.04291412626972717,0.05470883594888608,True
portfolio_tf_090,0.9,0.09999999999999998,0.09648928681527015,0.03482927004582703,-0.21752872178612104,0.12455796577315534,0.5404697192236021,calendar_time_weighted_event_left_QQQ_notional_over_total_wealth,0.5398263926730915,5818,528.9996730448862,1870,170.02911457441343,75.02909215737064,6.8219947095399975,9.456558247027822,94.56596727304623,0.12799438240727362,1457.2287804720722,1585.2231628793459,0.45722878047207227,0.9,0.8964572727831935,0.09999999999999998,0.10354272721680646,44,2767,10.998116438356165,2001-01-02,2011-12-30,1.0,10.0,10.0,0.04291412626972717,0.05357516054554298,True
portfolio_tf_100,1.0,0.0,0.09658355169413628,0.03445822733842174,-0.23018814201832072,0.13551461875792983,0.5802759276297437,calendar_time_weighted_event_left_QQQ_notional_over_total_wealth,0.5800404282593014,820,74.55822136418128,197,17.912158059443552,67.89339742296346,6.173184090521518,8.59679981350863,85.96838659733844,0.11249590487888031,1451.4925981813035,1563.9885030601838,0.4514925981813034,1.0,1.0,0.0,0.0,12,2767,10.998116438356165,2001-01-02,2011-12-30,1.0,10.0,10.0,0.04291412626972717,0.05366942542440911,True
portfolio_equal_44,0.2727272727272727,0.7272727272727273,0.11415418310233276,0.0371268799788369,-0.19450981926558053,0.10106062018694399,0.2814647605338084,calendar_time_weighted_event_left_QQQ_notional_over_total_wealth,0.28757471490504855,5818,528.9996730448862,1870,170.02911457441343,119.8774946037468,10.899820462499513,14.84958842092097,148.49624605703065,0.22521210508537523,1493.2102875687133,1718.4223926540885,0.4932102875687132,0.2727272727272727,0.26510774870856463,0.7272727272727273,0.7348922512914353,44,2767,10.998116438356165,2001-01-02,2011-12-30,1.0,10.0,10.0,0.04291412626972717,0.07124005683260559,True
portfolio_tf_000,0.0,1.0,-0.01517050599172791,0.021423162758960057,-0.2120356937208695,0.11920808280368266,0.15232060685469404,calendar_time_weighted_event_left_QQQ_notional_over_total_wealth,0.17790007239720373,4998,454.441451680705,1740,158.2089087483847,123.68391849263014,11.245918261174236,13.772774014832457,344.3212552933357,0.5137944115686955,1262.540689683107,1776.3351012518026,0.26254068968310706,0.0,0.0,1.0,1.0,32,2767,10.998116438356165,2001-01-02,2011-12-30,1.0,25.0,25.0,0.042024325100356,-0.05719483109208391,False
portfolio_tf_010,0.1,0.9,-0.022797731808443734,0.021780221676976685,-0.19816477613329153,0.10983860451125552,0.20039032173041374,calendar_time_weighted_event_left_QQQ_notional_over_total_wealth,0.2181141079834135,5818,528.9996730448862,1870,170.02911457441343,117.85223570885103,10.71567448566364,13.209135556681767,330.2303350111035,0.48769728157252895,1267.4031598601118,1755.1004414326408,0.26740315986011187,0.1,0.10345290535632508,0.9,0.8965470946436749,44,2767,10.998116438356165,2001-01-02,2011-12-30,1.0,25.0,25.0,0.042024325100356,-0.06482205690879973,False
portfolio_tf_020,0.2,0.8,-0.028122711350942107,0.022136037436949696,-0.1998028573583852,0.10273328547104524,0.24708358926362275,calendar_time_weighted_event_left_QQQ_notional_over_total_wealth,0.2583281435696233,5818,528.9996730448862,1870,170.02911457441343,112.0925459556923,10.191976651998989,12.645497098531058,316.1394147288718,0.46160015157636236,1272.2656300371166,1733.865781613479,0.2722656300371167,0.2,0.20611503769301753,0.8,0.7938849623069825,44,2767,10.998116438356165,2001-01-02,2011-12-30,1.0,25.0,25.0,0.042024325100356,-0.0701470364512981,False
portfolio_tf_030,0.3,0.7,-0.030311532715533284,0.022490619093628927,-0.20138045952764638,0.09823192124928602,0.2924906603015022,calendar_time_weighted_event_left_QQQ_notional_over_total_wealth,0.29854217915583303,5818,528.9996730448862,1870,170.02911457441343,106.39730415509496,9.67413872652158,12.081858640380412,302.04849444663944,0.43550302158019577,1277.1281002141213,1712.631121794317,0.27712810021412126,0.3,0.3079954292525535,0.7,0.6920045707474465,44,2767,10.998116438356165,2001-01-02,2011-12-30,1.0,25.0,25.0,0.042024325100356,-0.07233585781588929,False
portfolio_tf_040,0.4,0.6,-0.02880299310777192,0.022843975601647637,-0.20290087132179313,0.09656426000953068,0.33669275263518383,calendar_time_weighted_event_left_QQQ_notional_over_total_wealth,0.3387562147420428,5818,528.9996730448862,1870,170.02911457441343,100.75962943306702,9.161535068101813,11.518220182229749,287.95757416440847,0.40940589158402896,1281.9905703911263,1691.3964619751553,0.2819905703911263,0.4,0.40910297524360967,0.6,0.5908970247563903,44,2767,10.998116438356165,2001-01-02,2011-12-30,1.0,25.0,25.0,0.042024325100356,-0.07082731820812792,False
portfolio_tf_050,0.5,0.5,-0.02363821429046457,0.023196115817004204,-0.20436714722755278,0.09775946491346729,0.37976325822202217,calendar_time_weighted_event_left_QQQ_notional_over_total_wealth,0.37897025032825254,5818,528.9996730448862,1870,170.02911457441343,95.173207774586,8.653591577069271,10.954581724079029,273.86665388217705,0.3833087615878626,1286.8530405681308,1670.1618021559934,0.2868530405681309,0.5,0.5094464364300256,0.5,0.49055356356997437,44,2767,10.998116438356165,2001-01-02,2011-12-30,1.0,25.0,25.0,0.042024325100356,-0.06566253939082058,False
portfolio_tf_060,0.6,0.4,-0.015500355729726472,0.02354704849851741,-0.20578212801983742,0.10161971283558123,0.4217687560679009,calendar_time_weighted_event_left_QQQ_notional_over_total_wealth,0.41918428591446233,5818,528.9996730448862,1870,170.02911457441343,89.63221023685443,8.149778258780767,10.390943265928332,259.77573359994466,0.35721163159169556,1291.7155107451358,1648.9271423368314,0.2917155107451359,0.6,0.6090344416612908,0.4,0.39096555833870916,44,2767,10.998116438356165,2001-01-02,2011-12-30,1.0,25.0,25.0,0.042024325100356,-0.05752468083008248,False
portfolio_tf_070,0.7,0.30000000000000004,-0.005400322164165458,0.023896782309253073,-0.20757307422170357,0.10777986172369183,0.46276986750556115,calendar_time_weighted_event_left_QQQ_notional_over_total_wealth,0.45939832150067206,5818,528.9996730448862,1870,170.02911457441343,84.13122371867647,7.649602928849438,9.827304807777647,245.68481331771352,0.33111450159552896,1296.5779809221406,1627.6924825176695,0.2965779809221405,0.7,0.7078754903460936,0.30000000000000004,0.29212450965390635,44,2767,10.998116438356165,2001-01-02,2011-12-30,1.0,25.0,25.0,0.042024325100356,-0.04742464726452146,False
portfolio_tf_080,0.8,0.19999999999999996,0.005713006683797775,0.024245325817926267,-0.22094500775238202,0.11580981099399135,0.5028219827733652,calendar_time_weighted_event_left_QQQ_notional_over_total_wealth,0.4996123570868818,5818,528.9996730448862,1870,170.02911457441343,78.6651919212954,7.152605845028961,9.263666349626979,231.59389303548141,0.3050173715993624,1301.4404510991453,1606.4578226985077,0.3014404510991453,0.8,0.8059779548704185,0.19999999999999996,0.19402204512958154,44,2767,10.998116438356165,2001-01-02,2011-12-30,1.0,25.0,25.0,0.042024325100356,-0.03631131841655823,False
portfolio_tf_090,0.9,0.09999999999999998,0.01715913839540461,0.02459268750027621,-0.2338724709672435,0.12530003626521521,0.5419758818282854,calendar_time_weighted_event_left_QQQ_notional_over_total_wealth,0.5398263926730915,5818,528.9996730448862,1870,170.02911457441343,73.22936462216033,6.658355094948019,8.700027891476296,217.50297275325028,0.27892024160319556,1306.3029212761503,1585.2231628793459,0.30630292127615033,0.9,0.9033500829616371,0.09999999999999998,0.0966499170383629,44,2767,10.998116438356165,2001-01-02,2011-12-30,1.0,25.0,25.0,0.042024325100356,-0.024865186704951393,False
portfolio_tf_100,1.0,0.0,0.02853683023138843,0.0249388757404172,-0.2463772622416982,0.13590531285459168,0.5802782677342875,calendar_time_weighted_event_left_QQQ_notional_over_total_wealth,0.5800404282593014,820,74.55822136418128,197,17.912158059443552,67.81925375670066,6.166442602860575,8.136389433325611,203.41205247101792,0.25282311160702897,1311.1653914531548,1563.9885030601838,0.3111653914531549,1.0,1.0,0.0,0.0,12,2767,10.998116438356165,2001-01-02,2011-12-30,1.0,25.0,25.0,0.042024325100356,-0.013487494868967574,False
portfolio_equal_44,0.2727272727272727,0.7272727272727273,-0.030066464331637684,0.022394036882739998,-0.2009560100957547,0.09918516796767317,0.28022968145427124,calendar_time_weighted_event_left_QQQ_notional_over_total_wealth,0.28757471490504855,5818,528.9996730448862,1870,170.02911457441343,107.94456432211217,9.814822831448957,12.23557821987604,305.8914727054312,0.4426204206700593,1275.8019719840293,1718.4223926540885,0.2758019719840292,0.2727272727272727,0.28028688554957193,0.7272727272727273,0.7197131144504281,44,2767,10.998116438356165,2001-01-02,2011-12-30,1.0,25.0,25.0,0.042024325100356,-0.07209078943199368,False
