year,start_wealth,end_wealth,annual_return,scored_sessions,portfolio_id,scenario_slippage_bps
2001,1000.0,1087.8173563570972,0.0878173563570972,248,portfolio_tf_000,1.0
2002,1087.8173563570972,1075.7500826689168,-0.011093106409509335,252,portfolio_tf_000,1.0
2003,1075.7500826689168,1256.0233477569225,0.16757913198644703,252,portfolio_tf_000,1.0
2004,1256.0233477569225,1303.3783408958056,0.03770231916743616,252,portfolio_tf_000,1.0
2005,1303.3783408958056,1341.531222031765,0.029272299484228936,252,portfolio_tf_000,1.0
2006,1341.531222031765,1409.5584531465202,0.05070864546240461,251,portfolio_tf_000,1.0
2007,1409.5584531465202,1500.8707101171228,0.0647807522751318,251,portfolio_tf_000,1.0
2008,1500.8707101171228,1351.0773002935625,-0.09980433945031209,253,portfolio_tf_000,1.0
2009,1351.0773002935625,1460.9152313437708,0.08129655573840422,252,portfolio_tf_000,1.0
2010,1460.9152313437708,1556.7023445617262,0.0655665100635916,252,portfolio_tf_000,1.0
2011,1556.7023445617262,1720.3104268245986,0.10509914296360523,252,portfolio_tf_000,1.0
2001,1000.0,1073.716368480323,0.07371636848032281,248,portfolio_tf_010,1.0
2002,1073.716368480323,1061.202883250121,-0.011654367575594238,252,portfolio_tf_010,1.0
2003,1061.202883250121,1256.9509532323418,0.18445866767974461,252,portfolio_tf_010,1.0
2004,1256.9509532323418,1303.4700548085812,0.03700948032746387,252,portfolio_tf_010,1.0
2005,1303.4700548085812,1330.929180031604,0.02106617265331434,252,portfolio_tf_010,1.0
2006,1330.929180031604,1399.5231682273177,0.05153842084526605,251,portfolio_tf_010,1.0
2007,1399.5231682273177,1497.0558052550018,0.0696899052776827,251,portfolio_tf_010,1.0
2008,1497.0558052550018,1343.6099441170686,-0.10249842430676515,253,portfolio_tf_010,1.0
2009,1343.6099441170686,1480.1555212180751,0.10162590541910221,252,portfolio_tf_010,1.0
2010,1480.1555212180751,1574.935195820324,0.06403359190543112,252,portfolio_tf_010,1.0
2011,1574.935195820324,1702.5690837994073,0.08104072365504766,252,portfolio_tf_010,1.0
2001,1000.0,1059.6153806035486,0.05961538060354865,248,portfolio_tf_020,1.0
2002,1059.6153806035486,1046.6556838313252,-0.012230566873087212,252,portfolio_tf_020,1.0
2003,1046.6556838313252,1257.878558707761,0.20180741206434383,252,portfolio_tf_020,1.0
2004,1257.878558707761,1303.5617687213569,0.03631766333669528,252,portfolio_tf_020,1.0
2005,1303.5617687213569,1320.3271380314427,0.012861200529477479,252,portfolio_tf_020,1.0
2006,1320.3271380314427,1389.4878833081152,0.05238152218834835,251,portfolio_tf_020,1.0
2007,1389.4878833081152,1493.240900392881,0.07466996893686395,251,portfolio_tf_020,1.0
2008,1493.240900392881,1336.1425879405747,-0.10520627476181021,253,portfolio_tf_020,1.0
2009,1336.1425879405747,1499.3958110923795,0.12218248607989546,252,portfolio_tf_020,1.0
2010,1499.3958110923795,1593.1680470789215,0.0625400146464492,252,portfolio_tf_020,1.0
2011,1593.1680470789215,1684.827740774216,0.057532972659948056,252,portfolio_tf_020,1.0
2001,1000.0,1045.5143927267743,0.045514392726774267,248,portfolio_tf_030,1.0
2002,1045.5143927267743,1032.1084844125294,-0.012822308719520725,252,portfolio_tf_030,1.0
2003,1032.1084844125294,1258.8061641831803,0.21964520512558905,252,portfolio_tf_030,1.0
2004,1258.8061641831803,1303.6534826341326,0.035626865936149166,252,portfolio_tf_030,1.0
2005,1303.6534826341326,1309.7250960312815,0.004657382869012627,252,portfolio_tf_030,1.0
2006,1309.7250960312815,1379.4525983889127,0.05323827310702001,251,portfolio_tf_030,1.0
2007,1379.4525983889127,1489.42599553076,0.07972249084186522,251,portfolio_tf_030,1.0
2008,1489.42599553076,1328.6752317640808,-0.1079279965899852,253,portfolio_tf_030,1.0
2009,1328.6752317640808,1518.6361009666841,0.14297012893842576,252,portfolio_tf_030,1.0
2010,1518.6361009666841,1611.4008983375193,0.061084283003535855,252,portfolio_tf_030,1.0
2011,1611.4008983375193,1667.0863977490249,0.034557197696089226,252,portfolio_tf_030,1.0
2001,1000.0,1031.41340485,0.031413404850000104,248,portfolio_tf_040,1.0
2002,1031.41340485,1017.5612849937337,-0.013430230585650405,252,portfolio_tf_040,1.0
2003,1017.5612849937337,1259.7337696585996,0.23799302138972123,252,portfolio_tf_040,1.0
2004,1259.7337696585996,1303.7451965469081,0.03493708587349853,252,portfolio_tf_040,1.0
2005,1303.7451965469081,1299.1230540311205,-0.003545280571717324,252,portfolio_tf_040,1.0
2006,1299.1230540311205,1369.4173134697103,0.05410900778064853,251,portfolio_tf_040,1.0
2007,1369.4173134697103,1485.611090668639,0.08484906394569158,251,portfolio_tf_040,1.0
2008,1485.611090668639,1321.2078755875868,-0.11066369665230358,253,portfolio_tf_040,1.0
2009,1321.2078755875868,1537.8763908409885,0.1639927518272184,252,portfolio_tf_040,1.0
2010,1537.8763908409885,1629.633749596117,0.059664976523211344,252,portfolio_tf_040,1.0
2011,1629.633749596117,1649.3450547238335,0.01209554302161564,252,portfolio_tf_040,1.0
2001,1000.0,1017.3124169732256,0.017312416973225497,248,portfolio_tf_050,1.0
2002,1017.3124169732256,1003.014085574938,-0.014055005286211841,252,portfolio_tf_050,1.0
2003,1003.014085574938,1260.661375134019,0.25687305219786105,252,portfolio_tf_050,1.0
2004,1260.661375134019,1303.8369104596838,0.03424832090304575,252,portfolio_tf_050,1.0
2005,1303.8369104596838,1288.5210120309594,-0.011746790036281984,252,portfolio_tf_050,1.0
2006,1288.5210120309594,1359.382028550508,0.054994071387208576,251,portfolio_tf_050,1.0
2007,1359.382028550508,1481.7961858065182,0.0900513282395965,251,portfolio_tf_050,1.0
2008,1481.7961858065182,1313.740519411093,-0.11341348291023923,253,portfolio_tf_050,1.0
2009,1313.740519411093,1557.1166807152931,0.18525436165529685,252,portfolio_tf_050,1.0
2010,1557.1166807152931,1647.8666008547145,0.05828074495851765,252,portfolio_tf_050,1.0
2011,1647.8666008547145,1631.6037116986422,-0.009869056844551083,252,portfolio_tf_050,1.0
2001,1000.0,1003.2114290964513,0.003211429096451335,248,portfolio_tf_060,1.0
2002,1003.2114290964513,988.4668861561422,-0.01469734346386864,252,portfolio_tf_060,1.0
2003,988.4668861561422,1261.5889806094383,0.2763087952449148,252,portfolio_tf_060,1.0
2004,1261.5889806094383,1303.9286243724596,0.033560568785697686,252,portfolio_tf_060,1.0
2005,1303.9286243724596,1277.9189700307982,-0.01994714576818113,252,portfolio_tf_060,1.0
2006,1277.9189700307982,1349.3467436313053,0.055893820559519414,251,portfolio_tf_060,1.0
2007,1349.3467436313053,1477.9812809443972,0.09533097250223177,251,portfolio_tf_060,1.0
2008,1477.9812809443972,1306.273163234599,-0.11617746443992882,253,portfolio_tf_060,1.0
2009,1306.273163234599,1576.3569705895975,0.20675905695422525,252,portfolio_tf_060,1.0
2010,1576.3569705895975,1666.0994521133123,0.05693030398447685,252,portfolio_tf_060,1.0
2011,1666.0994521133123,1613.862368673451,-0.031352920363548975,252,portfolio_tf_060,1.0
2001,1000.0,989.110441219677,-0.01088955878032305,248,portfolio_tf_070,1.0
2002,989.110441219677,973.9196867373464,-0.015357996285630948,252,portfolio_tf_070,1.0
2003,973.9196867373464,1262.5165860848576,0.29632515214300437,252,portfolio_tf_070,1.0
2004,1262.5165860848576,1304.020338285235,0.03287382728894128,252,portfolio_tf_070,1.0
2005,1304.020338285235,1267.316928030637,-0.02814634801084659,252,portfolio_tf_070,1.0
2006,1267.316928030637,1339.311458712103,0.056808623864389673,251,portfolio_tf_070,1.0
2007,1339.311458712103,1474.1663760822762,0.10068973612743592,251,portfolio_tf_070,1.0
2008,1474.1663760822762,1298.805807058105,-0.11895575144659509,253,portfolio_tf_070,1.0
2009,1298.805807058105,1595.5972604639019,0.22851103051198418,252,portfolio_tf_070,1.0
2010,1595.5972604639019,1684.3323033719098,0.05561243122353399,252,portfolio_tf_070,1.0
2011,1684.3323033719098,1596.1210256482598,-0.05237165940892874,252,portfolio_tf_070,1.0
2001,1000.0,975.0094533429027,-0.024990546657097323,248,portfolio_tf_080,1.0
2002,975.0094533429027,959.3724873185506,-0.016037758373254163,252,portfolio_tf_080,1.0
2003,959.3724873185506,1263.444191560277,0.31694853486116514,252,portfolio_tf_080,1.0
2004,1263.444191560277,1304.1120521980108,0.03218809418682089,252,portfolio_tf_080,1.0
2005,1304.1120521980108,1256.7148860304758,-0.036344397007641804,252,portfolio_tf_080,1.0
2006,1256.7148860304758,1329.2761737929006,0.05773886230600844,251,portfolio_tf_080,1.0
2007,1329.2761737929006,1470.3514712201554,0.10612941103481632,251,portfolio_tf_080,1.0
2008,1470.3514712201554,1291.3384508816112,-0.12174845527919409,253,portfolio_tf_080,1.0
2009,1291.3384508816112,1614.8375503382065,0.250514572098228,252,portfolio_tf_080,1.0
2010,1614.8375503382065,1702.5651546305075,0.054325962555136,252,portfolio_tf_080,1.0
2011,1702.5651546305075,1578.3796826230684,-0.07294021710105414,252,portfolio_tf_080,1.0
2001,1000.0,960.9084654661284,-0.0390915345338716,248,portfolio_tf_090,1.0
2002,960.9084654661284,944.8252878997548,-0.016737470991653458,252,portfolio_tf_090,1.0
2003,944.8252878997548,1264.3717970356963,0.3382069819979725,252,portfolio_tf_090,1.0
2004,1264.3717970356963,1304.2037661107865,0.031503367259911874,252,portfolio_tf_090,1.0
2005,1304.2037661107865,1246.1128440303146,-0.044541293001861604,252,portfolio_tf_090,1.0
2006,1246.1128440303146,1319.2408888736982,0.058684929855040036,251,portfolio_tf_090,1.0
2007,1319.2408888736982,1466.5365663580344,0.11165184366752756,251,portfolio_tf_090,1.0
2008,1466.5365663580344,1283.8710947051172,-0.1245556884452903,253,portfolio_tf_090,1.0
2009,1283.8710947051172,1634.077840212511,0.2727740712846489,252,portfolio_tf_090,1.0
2010,1634.077840212511,1720.7980058891053,0.053069788686024966,252,portfolio_tf_090,1.0
2011,1720.7980058891053,1560.6383395978771,-0.09307290323623807,252,portfolio_tf_090,1.0
2001,1000.0,946.8074775893541,-0.05319252241064587,248,portfolio_tf_100,1.0
2002,946.8074775893541,930.278088480959,-0.01745802552223208,252,portfolio_tf_100,1.0
2003,930.278088480959,1265.2994025111157,0.36013028596342544,252,portfolio_tf_100,1.0
2004,1265.2994025111157,1304.295480023562,0.0308196442952986,252,portfolio_tf_100,1.0
2005,1304.295480023562,1235.5108020301536,-0.05273703623673209,252,portfolio_tf_100,1.0
2006,1235.5108020301536,1309.2056039544957,0.059647234004954974,251,portfolio_tf_100,1.0
2007,1309.2056039544957,1462.7216614959134,0.11725893708193569,251,portfolio_tf_100,1.0
2008,1462.7216614959134,1276.4037385286233,-0.127377564626167,253,portfolio_tf_100,1.0
2009,1276.4037385286233,1653.3181300868155,0.2952940203643408,252,portfolio_tf_100,1.0
2010,1653.3181300868155,1739.030857147703,0.05184285196000782,252,portfolio_tf_100,1.0
2011,1739.030857147703,1542.896996572686,-0.1127834274871401,252,portfolio_tf_100,1.0
2001,1000.0,1049.3601166931671,0.0493601166931672,248,portfolio_equal_44,1.0
2002,1049.3601166931671,1036.0759024358374,-0.012659347392763531,252,portfolio_equal_44,1.0
2003,1036.0759024358374,1258.5531808717024,0.21473067553527292,252,portfolio_equal_44,1.0
2004,1258.5531808717024,1303.6284697488302,0.03581516423954989,252,portfolio_equal_44,1.0
2005,1303.6284697488302,1312.6165620313254,0.006894673207180624,252,portfolio_equal_44,1.0
2006,1312.6165620313254,1382.1894942759682,0.05300324120318578,251,portfolio_equal_44,1.0
2007,1382.1894942759682,1490.4664241295204,0.07833725426358473,251,portfolio_equal_44,1.0
2008,1490.4664241295204,1330.7117834485791,-0.10718432706341774,253,portfolio_equal_44,1.0
2009,1330.7117834485791,1513.388749182783,0.13727763442568386,252,portfolio_equal_44,1.0
2010,1513.388749182783,1606.4283025397199,0.06147762986025729,252,portfolio_equal_44,1.0
2011,1606.4283025397199,1671.9249458468041,0.04077159447672574,252,portfolio_equal_44,1.0
2001,1000.0,1083.8993850631564,0.08389938506315642,248,portfolio_tf_000,3.0
2002,1083.8993850631564,1068.732221346007,-0.013993147266400219,252,portfolio_tf_000,3.0
2003,1068.732221346007,1243.730918903057,0.16374419528275208,252,portfolio_tf_000,3.0
2004,1243.730918903057,1287.7341742665985,0.03538004458581079,252,portfolio_tf_000,3.0
2005,1287.7341742665985,1322.6458953222357,0.02711096882671482,252,portfolio_tf_000,3.0
2006,1322.6458953222357,1385.0839817021508,0.04720695584565626,251,portfolio_tf_000,3.0
2007,1385.0839817021508,1471.724226546115,0.06255234049959246,251,portfolio_tf_000,3.0
2008,1471.724226546115,1322.7240892700652,-0.10124188661739142,253,portfolio_tf_000,3.0
2009,1322.7240892700652,1425.5306915274664,0.07772339151556107,252,portfolio_tf_000,3.0
2010,1425.5306915274664,1515.2692115731393,0.06295095614498303,252,portfolio_tf_000,3.0
2011,1515.2692115731393,1667.8853722253464,0.10071884222722538,252,portfolio_tf_000,3.0
2001,1000.0,1070.1130628736712,0.07011306287367125,248,portfolio_tf_010,3.0
2002,1070.1130628736712,1054.754803161251,-0.014351997228383873,252,portfolio_tf_010,3.0
2003,1054.754803161251,1245.6214760502364,0.18095833488212687,252,portfolio_tf_010,3.0
2004,1245.6214760502364,1288.904716151987,0.03474830912437232,252,portfolio_tf_010,3.0
2005,1288.904716151987,1313.3078771874284,0.018933254514186926,252,portfolio_tf_010,3.0
2006,1313.3078771874284,1376.6914214274127,0.048262517373859115,251,portfolio_tf_010,3.0
2007,1376.6914214274127,1469.865578444159,0.06767976873142656,251,portfolio_tf_010,3.0
2008,1469.865578444159,1316.9747093018505,-0.10401690561673149,253,portfolio_tf_010,3.0
2009,1316.9747093018505,1446.7487622789808,0.09853951792736071,252,portfolio_tf_010,3.0
2010,1446.7487622789808,1535.7392507241775,0.06151067190478532,252,portfolio_tf_010,3.0
2011,1535.7392507241775,1653.3061868978832,0.07655396976945594,252,portfolio_tf_010,3.0
2001,1000.0,1056.326740684186,0.05632674068418608,248,portfolio_tf_020,3.0
2002,1056.326740684186,1040.7773849764947,-0.014720214029250056,252,portfolio_tf_020,3.0
2003,1040.7773849764947,1247.5120331974158,0.19863483892435863,252,portfolio_tf_020,3.0
2004,1247.5120331974158,1290.0752580373753,0.03411848840517284,252,portfolio_tf_020,3.0
2005,1290.0752580373753,1303.969859052621,0.010770380199666585,252,portfolio_tf_020,3.0
2006,1303.969859052621,1368.2988611526748,0.049333197123736516,251,portfolio_tf_020,3.0
2007,1368.2988611526748,1468.006930342203,0.07287009586891902,251,portfolio_tf_020,3.0
2008,1468.006930342203,1311.225329333636,-0.10679895153629837,253,portfolio_tf_020,3.0
2009,1311.225329333636,1467.9668330304953,0.11953819087411577,252,portfolio_tf_020,3.0
2010,1467.9668330304953,1556.2092898752157,0.06011202355474965,252,portfolio_tf_020,3.0
2011,1556.2092898752157,1638.7270015704198,0.05302481628407496,252,portfolio_tf_020,3.0
2001,1000.0,1042.5404184947006,0.042540418494700694,248,portfolio_tf_030,3.0
2002,1042.5404184947006,1026.7999667917386,-0.015098169263968897,252,portfolio_tf_030,3.0
2003,1026.7999667917386,1249.4025903445952,0.21679258935738366,252,portfolio_tf_030,3.0
2004,1249.4025903445952,1291.2457999227638,0.03349057373622699,252,portfolio_tf_030,3.0
2005,1291.2457999227638,1294.6318409178136,0.002622305524829116,252,portfolio_tf_030,3.0
2006,1294.6318409178136,1359.9063008779367,0.05041932223283463,251,portfolio_tf_030,3.0
2007,1359.9063008779367,1466.1482822402472,0.07812448643978054,251,portfolio_tf_030,3.0
2008,1466.1482822402472,1305.4759493654215,-0.10958805110034398,253,portfolio_tf_030,3.0
2009,1305.4759493654215,1489.1849037820098,0.14072182218744622,252,portfolio_tf_030,3.0
2010,1489.1849037820098,1576.6793290262542,0.05875323139661104,252,portfolio_tf_030,3.0
2011,1576.6793290262542,1624.1478162429564,0.030106621139010192,252,portfolio_tf_030,3.0
2001,1000.0,1028.7540963052154,0.028754096305215304,248,portfolio_tf_040,3.0
2002,1028.7540963052154,1012.8225486069824,-0.015486254446472003,252,portfolio_tf_040,3.0
2003,1012.8225486069824,1251.2931474917746,0.23545151044749169,252,portfolio_tf_040,3.0
2004,1251.2931474917746,1292.416341808152,0.03286455647807962,252,portfolio_tf_040,3.0
2005,1292.416341808152,1285.2938227830064,-0.005511009722440563,252,portfolio_tf_040,3.0
2006,1285.2938227830064,1351.5137406031986,0.05152122934568237,251,portfolio_tf_040,3.0
2007,1351.5137406031986,1464.2896341382911,0.08344413389741723,251,portfolio_tf_040,3.0
2008,1464.2896341382911,1299.7265693972067,-0.11238423116880625,253,portfolio_tf_040,3.0
2009,1299.7265693972067,1510.402974533524,0.16209286637421427,252,portfolio_tf_040,3.0
2010,1510.402974533524,1597.1493681772924,0.057432615736578096,252,portfolio_tf_040,3.0
2011,1597.1493681772924,1609.568630915493,0.007775893091560793,252,portfolio_tf_040,3.0
2001,1000.0,1014.96777411573,0.014967774115729915,248,portfolio_tf_050,3.0
2002,1014.96777411573,998.8451304222264,-0.01588488236244756,252,portfolio_tf_050,3.0
2003,998.8451304222264,1253.183704638954,0.25463264170814437,252,portfolio_tf_050,3.0
2004,1253.183704638954,1293.5868836935406,0.03224042804341032,252,portfolio_tf_050,3.0
2005,1293.5868836935406,1275.955804648199,-0.01362960560870874,252,portfolio_tf_050,3.0
2006,1275.955804648199,1343.1211803284607,0.05263926496167337,251,portfolio_tf_050,3.0
2007,1343.1211803284607,1462.430986036335,0.08883026152465057,251,portfolio_tf_050,3.0
2008,1462.430986036335,1293.9771894289922,-0.11518751873817146,253,portfolio_tf_050,3.0
2009,1293.9771894289922,1531.6210452850385,0.1836538215645933,252,portfolio_tf_050,3.0
2010,1531.6210452850385,1617.619407328331,0.05614858995835226,252,portfolio_tf_050,3.0
2011,1617.619407328331,1594.9894455880299,-0.01398967002854945,252,portfolio_tf_050,3.0
2001,1000.0,1001.1814519262448,0.0011814519262447476,248,portfolio_tf_060,3.0
2002,1001.1814519262448,984.8677122374702,-0.016294488533909024,252,portfolio_tf_060,3.0
2003,984.8677122374702,1255.0742617861333,0.2743582170389105,252,portfolio_tf_060,3.0
2004,1255.0742617861333,1294.757425578929,0.03161817989663929,252,portfolio_tf_060,3.0
2005,1294.757425578929,1266.6177865133918,-0.021733522055650822,252,portfolio_tf_060,3.0
2006,1266.6177865133918,1334.7286200537226,0.053773785798333806,251,portfolio_tf_060,3.0
2007,1334.7286200537226,1460.572337934379,0.09428412337152947,251,portfolio_tf_060,3.0
2008,1460.572337934379,1288.2278094607777,-0.1179979409423434,253,portfolio_tf_060,3.0
2009,1288.2278094607777,1552.8391160365527,0.20540723048552656,252,portfolio_tf_060,3.0
2010,1552.8391160365527,1638.0894464793691,0.05489965416405029,252,portfolio_tf_060,3.0
2011,1638.0894464793691,1580.4102602605665,-0.035211255614135406,252,portfolio_tf_060,3.0
2001,1000.0,987.3951297367595,-0.01260487026324053,248,portfolio_tf_070,3.0
2002,987.3951297367595,970.8902940527141,-0.01671553280645166,252,portfolio_tf_070,3.0
2003,970.8902940527141,1256.9648189333127,0.29465175070033833,252,portfolio_tf_070,3.0
2004,1256.9648189333127,1295.9279674643174,0.030997803553538983,252,portfolio_tf_070,3.0
2005,1295.9279674643174,1257.2797683785845,-0.0298227988407056,252,portfolio_tf_070,3.0
2006,1257.2797683785845,1326.3360597789847,0.054925159170784,251,portfolio_tf_070,3.0
2007,1326.3360597789847,1458.7136898324234,0.0998070052287483,251,portfolio_tf_070,3.0
2008,1458.7136898324234,1282.478429492563,-0.120815525053519,253,portfolio_tf_070,3.0
2009,1282.478429492563,1574.0571867880672,0.2273556814603679,252,portfolio_tf_070,3.0
2010,1574.0571867880672,1658.5594856304074,0.05368438932944408,252,portfolio_tf_070,3.0
2011,1658.5594856304074,1565.831074933103,-0.055909005073796814,252,portfolio_tf_070,3.0
2001,1000.0,973.6088075472742,-0.02639119245272581,248,portfolio_tf_080,3.0
2002,973.6088075472742,956.912875867958,-0.01714850107136645,252,portfolio_tf_080,3.0
2003,956.912875867958,1258.855376080492,0.3155381308237286,252,portfolio_tf_080,3.0
2004,1258.855376080492,1297.0985093497059,0.03037929058084954,252,portfolio_tf_080,3.0
2005,1297.0985093497059,1247.9417502437773,-0.03789747559772705,252,portfolio_tf_080,3.0
2006,1247.9417502437773,1317.9434995042466,0.05609376338823102,251,portfolio_tf_080,3.0
2007,1317.9434995042466,1456.8550417304673,0.10540022563825624,251,portfolio_tf_080,3.0
2008,1456.8550417304673,1276.7290495243485,-0.1236402984830689,253,portfolio_tf_080,3.0
2009,1276.7290495243485,1595.2752575395816,0.24950180943553302,252,portfolio_tf_080,3.0
2010,1595.2752575395816,1679.0295247814456,0.052501451925631715,252,portfolio_tf_080,3.0
2011,1679.0295247814456,1551.25188960564,-0.07610207759297039,252,portfolio_tf_080,3.0
2001,1000.0,959.8224853577889,-0.04017751464221109,248,portfolio_tf_090,3.0
2002,959.8224853577889,942.9354576832018,-0.017593907136164044,252,portfolio_tf_090,3.0
2003,942.9354576832018,1260.7459332276717,0.3370437212376467,252,portfolio_tf_090,3.0
2004,1260.7459332276717,1298.2690512350941,0.029762632595893734,252,portfolio_tf_090,3.0
2005,1298.2690512350941,1238.60373210897,-0.04595759181762993,252,portfolio_tf_090,3.0
2006,1238.60373210897,1309.5509392295087,0.05727998816840074,251,portfolio_tf_090,3.0
2007,1309.5509392295087,1454.9963936285112,0.11106513694272735,251,portfolio_tf_090,3.0
2008,1454.9963936285112,1270.9796695561338,-0.12647228878242878,253,portfolio_tf_090,3.0
2009,1270.9796695561338,1616.493328291096,0.271848297035016,252,portfolio_tf_090,3.0
2010,1616.493328291096,1699.499563932484,0.051349568964283554,252,portfolio_tf_090,3.0
2011,1699.499563932484,1536.6727042781768,-0.09580870928706864,252,portfolio_tf_090,3.0
2001,1000.0,946.0361631683036,-0.05396383683169648,248,portfolio_tf_100,3.0
2002,946.0361631683036,928.9580394984457,-0.018052294758651444,252,portfolio_tf_100,3.0
2003,928.9580394984457,1262.6364903748508,0.3591964724871337,252,portfolio_tf_100,3.0
2004,1262.6364903748508,1299.4395931204826,0.029147821266202856,252,portfolio_tf_100,3.0
2005,1299.4395931204826,1229.2657139741627,-0.05400318684903538,252,portfolio_tf_100,3.0
2006,1229.2657139741627,1301.1583789547706,0.05848423507085543,251,portfolio_tf_100,3.0
2007,1301.1583789547706,1453.1377455265554,0.11680312637564594,251,portfolio_tf_100,3.0
2008,1453.1377455265554,1265.2302895879193,-0.12931152364399312,253,portfolio_tf_100,3.0
2009,1265.2302895879193,1637.7113990426103,0.2943978756436558,252,portfolio_tf_100,3.0
2010,1637.7113990426103,1719.9696030835225,0.05022753342805064,252,portfolio_tf_100,3.0
2011,1719.9696030835225,1522.0935189507131,-0.11504626813058882,252,portfolio_tf_100,3.0
2001,1000.0,1046.3003245463785,0.046300324546378446,248,portfolio_equal_44,3.0
2002,1046.3003245463785,1030.6119899330358,-0.014994102787977637,252,portfolio_equal_44,3.0
2003,1030.6119899330358,1248.88698384991,0.21179163065147,252,portfolio_equal_44,3.0
2004,1248.88698384991,1290.9265612267488,0.03366163465587957,252,portfolio_equal_44,3.0
2005,1290.9265612267488,1297.1785731363975,0.004843042274773168,252,portfolio_equal_44,3.0
2006,1297.1785731363975,1362.1951809528653,0.05012155547656527,251,portfolio_equal_44,3.0
2007,1362.1951809528653,1466.655186268053,0.07668504981945201,251,portfolio_equal_44,3.0
2008,1466.655186268053,1307.0439620840252,-0.10882668651666061,253,portfolio_equal_44,3.0
2009,1307.0439620840252,1483.3981572134148,0.13492598584687276,252,portfolio_equal_44,3.0
2010,1483.3981572134148,1571.096591075971,0.05911995605232434,252,portfolio_equal_44,3.0
2011,1571.096591075971,1628.123957695901,0.036297810678129316,252,portfolio_equal_44,3.0
2001,1000.0,1070.3613366647219,0.07036133666472177,248,portfolio_tf_000,10.0
2002,1070.3613366647219,1044.77791446126,-0.0239016688356668,252,portfolio_tf_000,10.0
2003,1044.77791446126,1202.3980090368777,0.1508646884605085,252,portfolio_tf_000,10.0
2004,1202.3980090368777,1235.7689408865315,0.02775364862453822,252,portfolio_tf_000,10.0
2005,1235.7689408865315,1260.6250750314919,0.02011390100735877,252,portfolio_tf_000,10.0
2006,1260.6250750314919,1306.0572368097755,0.036039392423753425,251,portfolio_tf_000,10.0
2007,1306.0572368097755,1378.498854540748,0.055465882879621065,251,portfolio_tf_000,10.0
2008,1378.498854540748,1232.9725344799065,-0.10556869132062074,253,portfolio_tf_000,10.0
2009,1232.9725344799065,1315.2329688258053,0.06671716688368723,252,portfolio_tf_000,10.0
2010,1315.2329688258053,1387.6805270058849,0.05508344141096022,252,portfolio_tf_000,10.0
2011,1387.6805270058849,1508.854421088992,0.08732117495700309,252,portfolio_tf_000,10.0
2001,1000.0,1057.659507621337,0.05765950762133709,248,portfolio_tf_010,10.0
2002,1057.659507621337,1032.7357897474362,-0.02356497312632677,252,portfolio_tf_010,10.0
2003,1032.7357897474362,1207.4946369532875,0.16921931915285882,252,portfolio_tf_010,10.0
2004,1207.4946369532875,1240.4513440977537,0.027293460472521458,252,portfolio_tf_010,10.0
2005,1240.4513440977537,1255.3293577058312,0.011994032397053767,252,portfolio_tf_010,10.0
2006,1255.3293577058312,1302.7912728041947,0.03780833675801398,251,portfolio_tf_010,10.0
2007,1302.7912728041947,1382.659444695475,0.06130542440568232,251,portfolio_tf_010,10.0
2008,1382.659444695475,1232.365731752958,-0.10869901009906213,253,portfolio_tf_010,10.0
2009,1232.365731752958,1342.135346662495,0.0890722713892711,252,portfolio_tf_010,10.0
2010,1342.135346662495,1414.4034385111156,0.05384560657636395,252,portfolio_tf_010,10.0
2011,1414.4034385111156,1503.118238798223,0.06272241559345604,252,portfolio_tf_010,10.0
2001,1000.0,1044.9576785779525,0.04495767857795241,248,portfolio_tf_020,10.0
2002,1044.9576785779525,1020.6936650336124,-0.023220092106849832,252,portfolio_tf_020,10.0
2003,1020.6936650336124,1212.5912648696972,0.18800704502243115,252,portfolio_tf_020,10.0
2004,1212.5912648696972,1245.1337473089757,0.02683714074319621,252,portfolio_tf_020,10.0
2005,1245.1337473089757,1250.0336403801707,0.003935234332685056,252,portfolio_tf_020,10.0
2006,1250.0336403801707,1299.5253087986139,0.03959226921556391,251,portfolio_tf_020,10.0
2007,1299.5253087986139,1386.8200348502023,0.06717431777630467,251,portfolio_tf_020,10.0
2008,1386.8200348502023,1231.7589290260094,-0.11181054637773669,253,portfolio_tf_020,10.0
2009,1231.7589290260094,1369.0377244991846,0.11144940153324145,252,portfolio_tf_020,10.0
2010,1369.0377244991846,1441.1263500163464,0.052656420073108556,252,portfolio_tf_020,10.0
2011,1441.1263500163464,1497.3820565074543,0.03903592942455725,252,portfolio_tf_020,10.0
2001,1000.0,1032.255849534568,0.03225584953456795,248,portfolio_tf_030,10.0
2002,1032.255849534568,1008.6515403197886,-0.0228667236183957,252,portfolio_tf_030,10.0
2003,1008.6515403197886,1217.6878927861069,0.2072433780253229,252,portfolio_tf_030,10.0
2004,1217.6878927861069,1249.8161505201979,0.026384640862758824,252,portfolio_tf_030,10.0
2005,1249.8161505201979,1244.7379230545102,-0.00406317958331226,252,portfolio_tf_030,10.0
2006,1244.7379230545102,1296.259344793033,0.041391381096586466,251,portfolio_tf_030,10.0
2007,1296.259344793033,1390.9806250049294,0.07307278485002544,251,portfolio_tf_030,10.0
2008,1390.9806250049294,1231.1521262990607,-0.11490346869878387,253,portfolio_tf_030,10.0
2009,1231.1521262990607,1395.9401023358741,0.1338485898831845,252,portfolio_tf_030,10.0
2010,1395.9401023358741,1467.849261521577,0.051513069268068756,252,portfolio_tf_030,10.0
2011,1467.849261521577,1491.6458742166856,0.01621189131535261,252,portfolio_tf_030,10.0
2001,1000.0,1019.5540204911833,0.019554020491183266,248,portfolio_tf_040,10.0
2002,1019.5540204911833,996.6094156059648,-0.022504550444678362,252,portfolio_tf_040,10.0
2003,996.6094156059648,1222.7845207025166,0.22694457984729288,252,portfolio_tf_040,10.0
2004,1222.7845207025166,1254.4985537314199,0.02593591306723675,252,portfolio_tf_040,10.0
2005,1254.4985537314199,1239.4422057288496,-0.012001885500613985,252,portfolio_tf_040,10.0
2006,1239.4422057288496,1292.9933807874522,0.04320586697070894,251,portfolio_tf_040,10.0
2007,1292.9933807874522,1395.1412151596564,0.07900104972694799,251,portfolio_tf_040,10.0
2008,1395.1412151596564,1230.5453235721122,-0.11797794359383773,253,portfolio_tf_040,10.0
2009,1230.5453235721122,1422.842480172564,0.15626986907092388,252,portfolio_tf_040,10.0
2010,1422.842480172564,1494.5721730268078,0.050412954247433195,252,portfolio_tf_040,10.0
2011,1494.5721730268078,1485.9096919259166,-0.005795960380653886,252,portfolio_tf_040,10.0
2001,1000.0,1006.8521914477986,0.0068521914477985835,248,portfolio_tf_050,10.0
2002,1006.8521914477986,984.567290892141,-0.022133239362187918,252,portfolio_tf_050,10.0
2003,984.567290892141,1227.8811486189263,0.24712770775302983,252,portfolio_tf_050,10.0
2004,1227.8811486189263,1259.180956942642,0.025490910385683963,252,portfolio_tf_050,10.0
2005,1259.180956942642,1234.146488403189,-0.019881549511547525,252,portfolio_tf_050,10.0
2006,1234.146488403189,1289.7274167818714,0.04503592474714746,251,portfolio_tf_050,10.0
2007,1289.7274167818714,1399.3018053143837,0.08495933877712125,251,portfolio_tf_050,10.0
2008,1399.3018053143837,1229.9385208451636,-0.12103413561391707,253,portfolio_tf_050,10.0
2009,1229.9385208451636,1449.7448580092537,0.17871327179268137,252,portfolio_tf_050,10.0
2010,1449.7448580092537,1521.2950845320383,0.04935366807993735,252,portfolio_tf_050,10.0
2011,1521.2950845320383,1480.1735096351476,-0.02703063680084128,252,portfolio_tf_050,10.0
2001,1000.0,994.1503624044141,-0.005849637595585877,248,portfolio_tf_060,10.0
2002,994.1503624044141,972.5251661783171,-0.021752440117604577,252,portfolio_tf_060,10.0
2003,972.5251661783171,1232.977776535336,0.26781066384174546,252,portfolio_tf_060,10.0
2004,1232.977776535336,1263.8633601538643,0.025049586623788755,252,portfolio_tf_060,10.0
2005,1263.8633601538643,1228.8507710775284,-0.027702827837396415,252,portfolio_tf_060,10.0
2006,1228.8507710775284,1286.4614527762906,0.04688175574666875,251,portfolio_tf_060,10.0
2007,1286.4614527762906,1403.4623954691108,0.09094788066935267,251,portfolio_tf_060,10.0
2008,1403.4623954691108,1229.3317181182151,-0.12407220735878144,253,portfolio_tf_060,10.0
2009,1229.3317181182151,1476.6472358459432,0.20117883080923304,252,portfolio_tf_060,10.0
2010,1476.6472358459432,1548.0179960372693,0.04833297923754909,252,portfolio_tf_060,10.0
2011,1548.0179960372693,1474.437327344379,-0.04753217913567387,252,portfolio_tf_060,10.0
2001,1000.0,981.4485333610294,-0.01855146663897067,248,portfolio_tf_070,10.0
2002,981.4485333610294,960.4830414644933,-0.021361784325805044,252,portfolio_tf_070,10.0
2003,960.4830414644933,1238.0744044517457,0.2890122480080397,252,portfolio_tf_070,10.0
2004,1238.0744044517457,1268.5457633650863,0.02461189634788874,252,portfolio_tf_070,10.0
2005,1268.5457633650863,1223.555053751868,-0.035466367010576705,252,portfolio_tf_070,10.0
2006,1223.555053751868,1283.1954887707097,0.04874356477541597,251,portfolio_tf_070,10.0
2007,1283.1954887707097,1407.6229856238378,0.09696690640046479,251,portfolio_tf_070,10.0
2008,1407.6229856238378,1228.7249153912664,-0.1270923195057705,253,portfolio_tf_070,10.0
2009,1228.7249153912664,1503.5496136826328,0.2236665789460719,252,portfolio_tf_070,10.0
2010,1503.5496136826328,1574.7409075424998,0.047348815903386576,252,portfolio_tf_070,10.0
2011,1574.7409075424998,1468.70114505361,-0.0673379106245311,252,portfolio_tf_070,10.0
2001,1000.0,968.7467043176448,-0.03125329568235524,248,portfolio_tf_080,10.0
2002,968.7467043176448,948.4409167506694,-0.020960884281178704,252,portfolio_tf_080,10.0
2003,948.4409167506694,1243.1710323681555,0.31075221493735494,252,portfolio_tf_080,10.0
2004,1243.1710323681555,1273.2281665763085,0.02417779486938021,252,portfolio_tf_080,10.0
2005,1273.2281665763085,1218.2593364262075,-0.043172804052797,252,portfolio_tf_080,10.0
2006,1218.2593364262075,1279.929524765129,0.050621560200664995,251,portfolio_tf_080,10.0
2007,1279.929524765129,1411.783575778565,0.10301664932499444,251,portfolio_tf_080,10.0
2008,1411.783575778565,1228.1181126643178,-0.13009463083812967,253,portfolio_tf_080,10.0
2009,1228.1181126643178,1530.4519915193225,0.24617654909356568,252,portfolio_tf_080,10.0
2010,1530.4519915193225,1601.4638190477308,0.04639925193466077,252,portfolio_tf_080,10.0
2011,1601.4638190477308,1462.9649627628412,-0.08648266332188781,252,portfolio_tf_080,10.0
2001,1000.0,956.0448752742602,-0.043955124725739814,248,portfolio_tf_090,10.0
2002,956.0448752742602,936.3987920368456,-0.020549331674183935,252,portfolio_tf_090,10.0
2003,936.3987920368456,1248.2676602845652,0.33305133549921107,252,portfolio_tf_090,10.0
2004,1248.2676602845652,1277.9105697875304,0.02374723822950564,252,portfolio_tf_090,10.0
2005,1277.9105697875304,1212.963619100547,-0.0508227666492983,252,portfolio_tf_090,10.0
2006,1212.963619100547,1276.663560759548,0.05251595402856091,251,portfolio_tf_090,10.0
2007,1276.663560759548,1415.9441659332922,0.10909734518535119,251,portfolio_tf_090,10.0
2008,1415.9441659332922,1227.5113099373693,-0.13307929827283904,253,portfolio_tf_090,10.0
2009,1227.5113099373693,1557.3543693560123,0.26870877420711703,252,portfolio_tf_090,10.0
2010,1557.3543693560123,1628.1867305529613,0.04548249428050166,252,portfolio_tf_090,10.0
2011,1628.1867305529613,1457.2287804720722,-0.104998982532445,252,portfolio_tf_090,10.0
2001,1000.0,943.3430462308755,-0.056656953769124496,248,portfolio_tf_100,10.0
2002,943.3430462308755,924.3566673230218,-0.020126696204221473,252,portfolio_tf_100,10.0
2003,924.3566673230218,1253.364288200975,0.355931462939272,252,portfolio_tf_100,10.0
2004,1253.364288200975,1282.5929729987527,0.023320183184516452,252,portfolio_tf_100,10.0
2005,1282.5929729987527,1207.6679017748863,-0.05841687331927958,252,portfolio_tf_100,10.0
2006,1207.6679017748863,1273.3975967539673,0.0544269619839024,251,portfolio_tf_100,10.0
2007,1273.3975967539673,1420.1047560880193,0.11520923214243917,251,portfolio_tf_100,10.0
2008,1420.1047560880193,1226.9045072104207,-0.13604647688795146,253,portfolio_tf_100,10.0
2009,1226.9045072104207,1584.2567471927018,0.2912632873073253,252,portfolio_tf_100,10.0
2010,1584.2567471927018,1654.909642058192,0.0445968716817442,252,portfolio_tf_100,10.0
2011,1654.909642058192,1451.4925981813035,-0.12291731143937323,252,portfolio_tf_100,10.0
2001,1000.0,1035.7199847282182,0.035719984728218135,248,portfolio_equal_44,10.0
2002,1035.7199847282182,1011.9357561508315,-0.022963956405290253,252,portfolio_equal_44,10.0
2003,1011.9357561508315,1216.2979033543588,0.20195170094678083,252,portfolio_equal_44,10.0
2004,1216.2979033543588,1248.5391314625917,0.02650767383493524,252,portfolio_equal_44,10.0
2005,1248.5391314625917,1246.1822095978723,-0.001887743688063992,252,portfolio_equal_44,10.0
2006,1246.1822095978723,1297.1500622491005,0.04089919777275175,251,portfolio_equal_44,10.0
2007,1297.1500622491005,1389.8459185990946,0.07146116632741073,251,portfolio_equal_44,10.0
2008,1389.8459185990946,1231.317617951865,-0.11406178089656105,253,portfolio_equal_44,10.0
2009,1231.317617951865,1388.6030901985953,0.12773753088041895,252,portfolio_equal_44,10.0
2010,1388.6030901985953,1460.561194747423,0.05182049864121829,252,portfolio_equal_44,10.0
2011,1460.561194747423,1493.2102875687133,0.022353799990514123,252,portfolio_equal_44,10.0
2001,1000.0,1042.2430969194058,0.042243096919405865,248,portfolio_tf_000,25.0
2002,1042.2430969194058,996.4728653747612,-0.04391512083882276,252,portfolio_tf_000,25.0
2003,996.4728653747612,1121.9641286972007,0.12593545462499245,252,portfolio_tf_000,25.0
2004,1121.9641286972007,1137.4714737497018,0.013821605036970164,252,portfolio_tf_000,25.0
2005,1137.4714737497018,1146.3149667928358,0.0077746943525371925,252,portfolio_tf_000,25.0
2006,1146.3149667928358,1165.8654575662542,0.017055077652974315,251,portfolio_tf_000,25.0
2007,1165.8654575662542,1216.567252969501,0.043488547562843705,251,portfolio_tf_000,25.0
2008,1216.567252969501,1080.5061946861554,-0.111840145253981,253,portfolio_tf_000,25.0
2009,1080.5061946861554,1134.1637338917697,0.04965963126310413,252,portfolio_tf_000,25.0
2010,1134.1637338917697,1183.531368708605,0.04352778469422147,252,portfolio_tf_000,25.0
2011,1183.531368708605,1262.540689683107,0.06675726817508187,252,portfolio_tf_000,25.0
2001,1000.0,1031.7793754042088,0.03177937540420883,248,portfolio_tf_010,25.0
2002,1031.7793754042088,988.2850098787393,-0.042154715012044375,252,portfolio_tf_010,25.0
2003,988.2850098787393,1133.1421374085137,0.14657424334256386,252,portfolio_tf_010,25.0
2004,1133.1421374085137,1148.4504155840862,0.013509583370169498,252,portfolio_tf_010,25.0
2005,1148.4504155840862,1147.955376952677,-0.00043104919872183345,252,portfolio_tf_010,25.0
2006,1147.955376952677,1170.8762748759157,0.01996671506873704,251,portfolio_tf_010,25.0
2007,1170.8762748759157,1230.1026326395358,0.050582934366738996,251,portfolio_tf_010,25.0
2008,1230.1026326395358,1087.3279535139573,-0.11606729010831784,253,portfolio_tf_010,25.0
2009,1087.3279535139573,1168.3073953193195,0.074475636852394,252,portfolio_tf_010,25.0
2010,1168.3073953193195,1217.5561741972924,0.042153956292052985,252,portfolio_tf_010,25.0
2011,1217.5561741972924,1267.4031598601118,0.04094019374151858,252,portfolio_tf_010,25.0
2001,1000.0,1021.315653889012,0.02131565388901202,248,portfolio_tf_020,25.0
2002,1021.315653889012,980.0971543827173,-0.04035823728867849,252,portfolio_tf_020,25.0
2003,980.0971543827173,1144.3201461198264,0.16755787015884116,252,portfolio_tf_020,25.0
2004,1144.3201461198264,1159.4293574184705,0.013203657516540845,252,portfolio_tf_020,25.0
2005,1159.4293574184705,1149.5957871125183,-0.008481388057869355,252,portfolio_tf_020,25.0
2006,1149.5957871125183,1175.8870921855769,0.022870042990584816,251,portfolio_tf_020,25.0
2007,1175.8870921855769,1243.6380123095707,0.057616858433293894,251,portfolio_tf_020,25.0
2008,1243.6380123095707,1094.149712341759,-0.1202024210326249,253,portfolio_tf_020,25.0
2009,1094.149712341759,1202.4510567468694,0.098982198855875,252,portfolio_tf_020,25.0
2010,1202.4510567468694,1251.5809796859799,0.04085814775033536,252,portfolio_tf_020,25.0
2011,1251.5809796859799,1272.2656300371166,0.016526817430803753,252,portfolio_tf_020,25.0
2001,1000.0,1010.8519323738151,0.010851932373814988,248,portfolio_tf_030,25.0
2002,1010.8519323738151,971.9092988866954,-0.038524567486030836,252,portfolio_tf_030,25.0
2003,971.9092988866954,1155.4981548311393,0.18889505034548137,252,portfolio_tf_030,25.0
2004,1155.4981548311393,1170.408299252855,0.012903650567831937,252,portfolio_tf_030,25.0
2005,1170.408299252855,1151.2361972723597,-0.016380695516884147,252,portfolio_tf_030,25.0
2006,1151.2361972723597,1180.8979094952385,0.025765096939408982,251,portfolio_tf_030,25.0
2007,1180.8979094952385,1257.1733919796056,0.0645910894337769,251,portfolio_tf_030,25.0
2008,1257.1733919796056,1100.971471169561,-0.124248510035741,253,portfolio_tf_030,25.0
2009,1100.971471169561,1236.5947181744195,0.12318506932862316,252,portfolio_tf_030,25.0
2010,1236.5947181744195,1285.605785174667,0.039633896441513494,252,portfolio_tf_030,25.0
2011,1285.605785174667,1277.1281002141213,-0.006594311458697932,252,portfolio_tf_030,25.0
2001,1000.0,1000.3882108586182,0.0003882108586181765,248,portfolio_tf_040,25.0
2002,1000.3882108586182,963.7214433906735,-0.03665253855448192,252,portfolio_tf_040,25.0
2003,963.7214433906735,1166.6761635424523,0.21059479535675862,252,portfolio_tf_040,25.0
2004,1166.6761635424523,1181.3872410872393,0.012609392395674712,252,portfolio_tf_040,25.0
2005,1181.3872410872393,1152.876607432201,-0.024133182299141742,252,portfolio_tf_040,25.0
2006,1152.876607432201,1185.9087268048997,0.028651912233930377,251,portfolio_tf_040,25.0
2007,1185.9087268048997,1270.7087716496405,0.07150638403109721,251,portfolio_tf_040,25.0
2008,1270.7087716496405,1107.7932299973627,-0.12820840249711984,253,portfolio_tf_040,25.0
2009,1107.7932299973627,1270.7383796019694,0.1470898586417564,252,portfolio_tf_040,25.0
2010,1270.7383796019694,1319.6305906633545,0.038475434319296786,252,portfolio_tf_040,25.0
2011,1319.6305906633545,1281.9905703911263,-0.02852314923474697,252,portfolio_tf_040,25.0
2001,1000.0,989.9244893434212,-0.010075510656578746,248,portfolio_tf_050,25.0
2002,989.9244893434212,955.5335878946516,-0.03474093410051882,252,portfolio_tf_050,25.0
2003,955.5335878946516,1177.8541722537652,0.2326664255193347,252,portfolio_tf_050,25.0
2004,1177.8541722537652,1192.3661829216237,0.012320719329872887,252,portfolio_tf_050,25.0
2005,1192.3661829216237,1154.5170175920423,-0.03174290404382363,252,portfolio_tf_050,25.0
2006,1154.5170175920423,1190.9195441145614,0.03153052399213929,251,portfolio_tf_050,25.0
2007,1190.9195441145614,1284.2441513196754,0.07836348615346655,251,portfolio_tf_050,25.0
2008,1284.2441513196754,1114.6149888251648,-0.13208482383992293,253,portfolio_tf_050,25.0
2009,1114.6149888251648,1304.8820410295193,0.1707020398181629,252,portfolio_tf_050,25.0
2010,1304.8820410295193,1353.655396152042,0.0373775970462753,252,portfolio_tf_050,25.0
2011,1353.655396152042,1286.8530405681308,-0.04934960239792663,252,portfolio_tf_050,25.0
2001,1000.0,979.4607678282243,-0.020539232171775668,248,portfolio_tf_060,25.0
2002,979.4607678282243,947.3457323986297,-0.032788485750995244,252,portfolio_tf_060,25.0
2003,947.3457323986297,1189.032180965078,0.2551195833800939,252,portfolio_tf_060,25.0
2004,1189.032180965078,1203.345124756008,0.012037473854839664,252,portfolio_tf_060,25.0
2005,1203.345124756008,1156.1574277518835,-0.03921376838061519,252,portfolio_tf_060,25.0
2006,1156.1574277518835,1195.9303614242228,0.03440096713271723,251,portfolio_tf_060,25.0
2007,1195.9303614242228,1297.7795309897103,0.08516312726118613,251,portfolio_tf_060,25.0
2008,1297.7795309897103,1121.4367476529665,-0.13588038578653006,253,portfolio_tf_060,25.0
2009,1121.4367476529665,1339.0257024570692,0.19402695270998604,252,portfolio_tf_060,25.0
2010,1339.0257024570692,1387.6802016407291,0.03633574702440767,252,portfolio_tf_060,25.0
2011,1387.6802016407291,1291.7155107451358,-0.06915475970769713,252,portfolio_tf_060,25.0
2001,1000.0,968.9970463130273,-0.0310029536869727,248,portfolio_tf_070,25.0
2002,968.9970463130273,939.1578769026078,-0.0307938703466184,252,portfolio_tf_070,25.0
2003,939.1578769026078,1200.2101896763909,0.2779642477521962,252,portfolio_tf_070,25.0
2004,1200.2101896763909,1214.3240665903925,0.011759504322994552,252,portfolio_tf_070,25.0
2005,1214.3240665903925,1157.7978379117249,-0.046549541620618085,252,portfolio_tf_070,25.0
2006,1157.7978379117249,1200.9411787338843,0.03726327637644866,251,portfolio_tf_070,25.0
2007,1200.9411787338843,1311.3149106597452,0.0919060266067524,251,portfolio_tf_070,25.0
2008,1311.3149106597452,1128.2585064807681,-0.1395975922266287,253,portfolio_tf_070,25.0
2009,1128.2585064807681,1373.1693638846193,0.21706980802455478,252,portfolio_tf_070,25.0
2010,1373.1693638846193,1421.7050071294166,0.03534570790852243,252,portfolio_tf_070,25.0
2011,1421.7050071294166,1296.5779809221406,-0.08801194733070661,252,portfolio_tf_070,25.0
2001,1000.0,958.5333247978305,-0.04146667520216951,248,portfolio_tf_080,25.0
2002,958.5333247978305,930.9700214065857,-0.028755706951616222,252,portfolio_tf_080,25.0
2003,930.9700214065857,1211.3881983877038,0.301210748502341,252,portfolio_tf_080,25.0
2004,1211.3881983877038,1225.303008424777,0.011486664684032144,252,portfolio_tf_080,25.0
2005,1225.303008424777,1159.4382480715662,-0.05375385508755515,252,portfolio_tf_080,25.0
2006,1159.4382480715662,1205.9519960435457,0.040117486247623235,251,portfolio_tf_080,25.0
2007,1205.9519960435457,1324.8502903297804,0.09859289148847794,251,portfolio_tf_080,25.0
2008,1324.8502903297804,1135.0802653085702,-0.14323884472559745,253,portfolio_tf_080,25.0
2009,1135.0802653085702,1407.3130253121694,0.23983569120514403,252,portfolio_tf_080,25.0
2010,1407.3130253121694,1455.729812618104,0.034403708652660736,252,portfolio_tf_080,25.0
2011,1455.729812618104,1301.4404510991453,-0.10598763601706562,252,portfolio_tf_080,25.0
2001,1000.0,948.0696032826335,-0.051930396717366545,248,portfolio_tf_090,25.0
2002,948.0696032826335,922.7821659105639,-0.026672553665377907,252,portfolio_tf_090,25.0
2003,922.7821659105639,1222.5662070990165,0.3248697821252733,252,portfolio_tf_090,25.0
2004,1222.5662070990165,1236.2819502591615,0.011218814229039253,252,portfolio_tf_090,25.0
2005,1236.2819502591615,1161.0786582314074,-0.060830211111623234,252,portfolio_tf_090,25.0
2006,1161.0786582314074,1210.9628133532071,0.04296363107542156,251,portfolio_tf_090,25.0
2007,1210.9628133532071,1338.385669999815,0.10522441749781608,251,portfolio_tf_090,25.0
2008,1338.385669999815,1141.902024136372,-0.14680644769864448,253,portfolio_tf_090,25.0
2009,1141.902024136372,1441.4566867397193,0.26232956617263437,252,portfolio_tf_090,25.0
2010,1441.4566867397193,1489.7546181067912,0.03350633550863891,252,portfolio_tf_090,25.0
2011,1489.7546181067912,1306.3029212761503,-0.12314222396153729,252,portfolio_tf_090,25.0
2001,1000.0,937.6058817674366,-0.06239411823256347,248,portfolio_tf_100,25.0
2002,937.6058817674366,914.594310414542,-0.024542904220605566,252,portfolio_tf_100,25.0
2003,914.594310414542,1233.7442158103295,0.3489524281548746,252,portfolio_tf_100,25.0
2004,1233.7442158103295,1247.2608920935459,0.010955817348524466,252,portfolio_tf_100,25.0
2005,1247.2608920935459,1162.7190683912488,-0.0677819887067832,252,portfolio_tf_100,25.0
2006,1162.7190683912488,1215.9736306628686,0.045801744995292326,251,portfolio_tf_100,25.0
2007,1215.9736306628686,1351.9210496698502,0.11180128876057283,251,portfolio_tf_100,25.0
2008,1351.9210496698502,1148.7237829641738,-0.15030261327412486,253,portfolio_tf_100,25.0
2009,1148.7237829641738,1475.6003481672692,0.2845562789338454,252,portfolio_tf_100,25.0
2010,1475.6003481672692,1523.7794235954786,0.032650490688789224,252,portfolio_tf_100,25.0
2011,1523.7794235954786,1311.1653914531548,-0.13953071478064993,252,portfolio_tf_100,25.0
2001,1000.0,1013.7056746052324,0.01370567460523242,248,portfolio_equal_44,25.0
2002,1013.7056746052324,974.1423503856105,-0.03902841348405106,252,portfolio_equal_44,25.0
2003,974.1423503856105,1152.4496070007813,0.18304024719240308,252,portfolio_equal_44,25.0
2004,1152.4496070007813,1167.4140423889319,0.012984893480154192,252,portfolio_equal_44,25.0
2005,1167.4140423889319,1150.788812683312,-0.014241073948021765,252,portfolio_equal_44,25.0
2006,1150.788812683312,1179.53132295624,0.02497635531050113,251,portfolio_equal_44,25.0
2007,1179.53132295624,1253.481924796869,0.06269490296814473,251,portfolio_equal_44,25.0
2008,1253.481924796869,1099.1109914892513,-0.12315369711664093,253,portfolio_equal_44,25.0
2009,1099.1109914892513,1227.2828105123604,0.11661408175842314,252,portfolio_equal_44,25.0
2010,1227.2828105123604,1276.3262927686615,0.03996102759381648,252,portfolio_equal_44,25.0
2011,1276.3262927686615,1275.8019719840293,-0.00041080465677378886,252,portfolio_equal_44,25.0
