cohort,family_cell,common_confirmation_hours,pair_count,finite_sharpe_count,nonfinite_sharpe_count,mean_sharpe,median_sharpe,q25_sharpe,q75_sharpe,sample_std_sharpe,min_sharpe,max_sharpe
frozen_45_pairs,EMA/EMA,0.0,5,5,0,0.3012159311233885,0.3084589117540858,0.28292642504301196,0.31280924482724637,0.039562015925689385,0.2473743971928503,0.3545106767997482
frozen_45_pairs,EMA/EMA,0.5,5,5,0,0.3713798077956798,0.39115642251212995,0.33709945422886256,0.3935472864694303,0.0382172239902442,0.3242166319783173,0.4108792437896588
frozen_45_pairs,EMA/EMA,1.0,5,5,0,0.41374352171479833,0.42212382434968154,0.3957496442063942,0.4324978893816931,0.02274035031194368,0.3838652048566311,0.43448104577959157
frozen_45_pairs,EMA/EMA,1.5,5,5,0,0.4301483701453016,0.43393065874663067,0.3992395263045235,0.45886994523858865,0.03121698040888629,0.39693067970723006,0.4617710407295349
frozen_45_pairs,EMA/EMA,2.0,5,5,0,0.41265355788408753,0.4191147038326366,0.3862500444473663,0.4234975191010598,0.0271753461553795,0.3851393563917155,0.44926616564765964
frozen_45_pairs,EMA/EMA,2.5,5,5,0,0.409323259212058,0.4098368962654124,0.39154378536008555,0.4206531080088072,0.025433191774970713,0.379694995671383,0.44488751075460153
frozen_45_pairs,EMA/EMA,3.0,5,5,0,0.41911100327749934,0.4185463909405064,0.40091149321160136,0.4425751193087232,0.02533408249587478,0.3878290839665351,0.4456929289601307
frozen_45_pairs,EMA/EMA,3.5,5,5,0,0.37353602696043964,0.3701358799788793,0.35417628904006415,0.39405998757018323,0.02996649721499519,0.33735874321866877,0.41194923499440256
frozen_45_pairs,EMA/EMA,4.0,5,5,0,0.34214805770734696,0.3387983047632591,0.32606016054547515,0.3600524221766068,0.04553087096166358,0.2808644877429701,0.4049649133084234
frozen_45_pairs,EMA/EMA,4.5,5,5,0,0.3524842844902888,0.3555151099197489,0.35019043681880463,0.36352001928992883,0.050756606323259346,0.2755366909620373,0.4176591654609242
frozen_45_pairs,EMA/EMA,5.0,5,5,0,0.3506153181411219,0.34941133045145134,0.34612116694159134,0.37188858399833796,0.0469912722703145,0.2786513276503718,0.4070041816638569
frozen_45_pairs,EMA/EMA,5.5,5,5,0,0.37022423911017033,0.37908979677734617,0.35363445755355694,0.3890325453751838,0.06100595752831529,0.2806646175438467,0.4486997783009183
frozen_45_pairs,EMA/EMA,6.0,5,5,0,0.31865439522087957,0.32913854630644135,0.2964332169184078,0.34916387260566795,0.04433561627899901,0.2538071088359077,0.3647292314379728
frozen_45_pairs,EMA/MACD,0.0,5,5,0,0.25046876712738386,0.3004419828161448,0.01374523804187511,0.4521443181480897,0.23090095662081314,0.004320951533029749,0.48169134509777994
frozen_45_pairs,EMA/MACD,0.5,5,5,0,0.2537988458394351,0.41059709304744174,-0.049089048026071495,0.46865561964236485,0.28511485828718663,-0.06369889165414097,0.5025294561875815
frozen_45_pairs,EMA/MACD,1.0,5,5,0,0.2795702366954504,0.35139933681391816,0.06423400452662992,0.4963550652569823,0.2610903478195444,-0.04986811129689131,0.535730888176613
frozen_45_pairs,EMA/MACD,1.5,5,5,0,0.334438354880917,0.3572127761254497,0.21830751636197293,0.4939109112850442,0.18977804208447902,0.07506125503053591,0.5276993156015823
frozen_45_pairs,EMA/MACD,2.0,5,5,0,0.3190192030248429,0.33116589877428404,0.18166714790275543,0.4963412355860714,0.20224413522296256,0.05653280694873254,0.5293889259123709
frozen_45_pairs,EMA/MACD,2.5,5,5,0,0.3054105279226607,0.32774115841977886,0.14068431076471466,0.4674490741515723,0.19931964793145493,0.06664528743062845,0.5245328088466094
frozen_45_pairs,EMA/MACD,3.0,5,5,0,0.30670077596764284,0.31985450129085924,0.16712953591892304,0.4543736926758612,0.183894791637383,0.07975983030438097,0.5123863196481896
frozen_45_pairs,EMA/MACD,3.5,5,5,0,0.3184037306230928,0.32736474917900393,0.18505734066639704,0.44557132790143195,0.16074428562628543,0.130843509492309,0.503181725876322
frozen_45_pairs,EMA/MACD,4.0,5,5,0,0.35625014755356704,0.2984829205780632,0.2838936957750469,0.4486313336192174,0.11951302714399324,0.23491723100305864,0.5153255567924492
frozen_45_pairs,EMA/MACD,4.5,5,5,0,0.35650581688599725,0.3332738545376309,0.2810187419617304,0.44225299681193536,0.11463981098586422,0.2235385113021964,0.5024449798164932
frozen_45_pairs,EMA/MACD,5.0,5,5,0,0.35219599696828113,0.3383893133945263,0.2766221466249152,0.4377382842947838,0.11629631565418126,0.21115979195711268,0.49707044857006744
frozen_45_pairs,EMA/MACD,5.5,5,5,0,0.37620307153851695,0.35843582336909463,0.3413584817745445,0.42177777187561777,0.08517146071130727,0.26706047495154434,0.4923828057217835
frozen_45_pairs,EMA/MACD,6.0,5,5,0,0.35541506800704564,0.3220094496753877,0.3028482941114988,0.4293719118457841,0.10916635507116028,0.22313298391069533,0.49971270049186217
frozen_45_pairs,EMA/SMA,0.0,5,5,0,0.3098319117929508,0.33207476598594116,0.24563342266915664,0.3543849174179127,0.08929177332941995,0.19608868657989567,0.42097776631184786
frozen_45_pairs,EMA/SMA,0.5,5,5,0,0.3538092622856551,0.342714414471988,0.29610268177213306,0.4219403234431528,0.06750794298357304,0.2829613081537511,0.42532758358725087
frozen_45_pairs,EMA/SMA,1.0,5,5,0,0.34387665027112824,0.33473040604877186,0.33204474432011644,0.3421619329365716,0.04696999064365497,0.29064503462342484,0.41980113342675673
frozen_45_pairs,EMA/SMA,1.5,5,5,0,0.3172889795071647,0.31798463947738664,0.31468706927155077,0.3283087129488882,0.05315530551413169,0.23812751345531288,0.3873369623826853
frozen_45_pairs,EMA/SMA,2.0,5,5,0,0.30034442020235047,0.31506397874576114,0.31207988631514877,0.33297427269165264,0.09307623942314013,0.14532660519084176,0.39627735806834796
frozen_45_pairs,EMA/SMA,2.5,5,5,0,0.2756006872732021,0.3049501655145143,0.2816931954565017,0.3156406704983094,0.08575222903999682,0.12817081403081865,0.3475485908658666
frozen_45_pairs,EMA/SMA,3.0,5,5,0,0.30017033043696834,0.3371369736819836,0.31750108608700367,0.35021482289838674,0.10981713154206683,0.10903130327118248,0.38696746624628525
frozen_45_pairs,EMA/SMA,3.5,5,5,0,0.24627773474138087,0.2835715573491496,0.26825218261909584,0.29351053802116206,0.09861574642951526,0.07235330020700274,0.313701095510494
frozen_45_pairs,EMA/SMA,4.0,5,5,0,0.2251505904399261,0.27410829292546846,0.257176883295361,0.28618027287562536,0.1276275023819236,-0.0006529100956122701,0.30894041319878807
frozen_45_pairs,EMA/SMA,4.5,5,5,0,0.23661742968663937,0.2664471114252776,0.25280502742259636,0.26780447800390433,0.09322886529003144,0.07623318385264705,0.31979734772877144
frozen_45_pairs,EMA/SMA,5.0,5,5,0,0.21624113179761956,0.25269076775078064,0.2353549198664643,0.25985346760406897,0.09664459563824769,0.04655569340364448,0.2867508103631393
frozen_45_pairs,EMA/SMA,5.5,5,5,0,0.17625597475464694,0.23109019653606153,0.17190627483482268,0.24095496202501465,0.10483598488405925,-0.0040489490249291235,0.2413773894022649
frozen_45_pairs,EMA/SMA,6.0,5,5,0,0.1933250599579864,0.2097897253491859,0.15654521334199661,0.24691285103994073,0.08554946584222235,0.0666300946168279,0.2867474154419809
frozen_45_pairs,MACD/EMA,0.0,5,5,0,0.2662044705007785,0.24876418537290512,0.2486568790396074,0.2519950113135395,0.04497863619346895,0.2357207832752722,0.34588549350256825
frozen_45_pairs,MACD/EMA,0.5,5,5,0,0.3215729321876321,0.3202103500020069,0.29459225072819994,0.35152741049081004,0.03873031955933372,0.274013886302185,0.3675207634149586
frozen_45_pairs,MACD/EMA,1.0,5,5,0,0.34724679182969503,0.3454546936255719,0.3419443079824009,0.3742708158009004,0.05006565022204589,0.2699542899079738,0.4046098518316282
frozen_45_pairs,MACD/EMA,1.5,5,5,0,0.3679022516527145,0.35041952853394787,0.3293869428062619,0.4112007121940281,0.047228085987561945,0.3233722891411063,0.4251317855882287
frozen_45_pairs,MACD/EMA,2.0,5,5,0,0.36776671268420513,0.35440851362653353,0.35067851678797723,0.4015596982616562,0.038750079457810796,0.3192518706310175,0.412934964113841
frozen_45_pairs,MACD/EMA,2.5,5,5,0,0.3717902135011893,0.3751495340320505,0.3552536689643998,0.392559203244485,0.032574357702304386,0.3261646498378727,0.40982401142713853
frozen_45_pairs,MACD/EMA,3.0,5,5,0,0.38108957994307735,0.36944217578419647,0.36667999342816776,0.3969841587415872,0.02259188628996798,0.3597700268514689,0.4125715449099666
frozen_45_pairs,MACD/EMA,3.5,5,5,0,0.36203763209865303,0.35605221703130113,0.34639432659552494,0.3748494594396254,0.028773849871647446,0.32884163866820343,0.40405051875861014
frozen_45_pairs,MACD/EMA,4.0,5,5,0,0.3413027789078702,0.34868604379336277,0.3314789598117529,0.360382299829668,0.029946166182883583,0.294684367832334,0.3712822232722332
frozen_45_pairs,MACD/EMA,4.5,5,5,0,0.32839820231995515,0.3370152518896572,0.32128610822912756,0.3402576734876103,0.03255658432913077,0.2776425372320279,0.3657894407613527
frozen_45_pairs,MACD/EMA,5.0,5,5,0,0.33614149979273844,0.3301568803757909,0.3279782862916326,0.34987832516226625,0.037803597548530035,0.2842643318259163,0.3884296753080859
frozen_45_pairs,MACD/EMA,5.5,5,5,0,0.3401437664792386,0.35389970479138594,0.3237042982627434,0.35652850001648856,0.02419141207822807,0.3057332777282954,0.3608530515972798
frozen_45_pairs,MACD/EMA,6.0,5,5,0,0.31332878851302837,0.309630618945366,0.27558468580713613,0.3410204115846106,0.04053802245854845,0.27397822671311073,0.36642999951491856
frozen_45_pairs,MACD/MACD,0.0,5,5,0,0.1803184639124196,0.1780850318940042,0.1605682318828898,0.18932454793521306,0.04332526917760187,0.1278668706026702,0.24574763724732063
frozen_45_pairs,MACD/MACD,0.5,5,5,0,0.18729101076075916,0.17603507149309555,0.17078306942508809,0.18291478469296493,0.03292132624841033,0.16212757037540804,0.2445945578172393
frozen_45_pairs,MACD/MACD,1.0,5,5,0,0.16347410759719877,0.15675357120301178,0.15227688887200752,0.17216516430398013,0.04792367468290418,0.10138636754939664,0.23478854605759764
frozen_45_pairs,MACD/MACD,1.5,5,5,0,0.1444816953836042,0.1510470379256613,0.14358304578248926,0.15498244146353776,0.07087033729793255,0.036885291177674695,0.235910660568658
frozen_45_pairs,MACD/MACD,2.0,5,5,0,0.14237752326116188,0.14657224138777644,0.1425011670968245,0.1507664661829061,0.06210627798663642,0.04867389671668911,0.22337384492161316
frozen_45_pairs,MACD/MACD,2.5,5,5,0,0.14316609643393724,0.1467935487052403,0.1447895295927178,0.14818412080090207,0.058135414471277,0.056101165230714144,0.2199621178401118
frozen_45_pairs,MACD/MACD,3.0,5,5,0,0.13449957175013297,0.13522520610773067,0.1342403908098003,0.13549834048943887,0.06278968630281996,0.04497643717111925,0.2225574841725756
frozen_45_pairs,MACD/MACD,3.5,5,5,0,0.14468211611940035,0.12643590446337455,0.1257653039438959,0.137820078591105,0.03627474475818856,0.12452553586785543,0.20886375773077084
frozen_45_pairs,MACD/MACD,4.0,5,5,0,0.1319208355514716,0.12641632272865316,0.1258820372275627,0.12763376314864328,0.04096439030557807,0.08281901743285267,0.1968530372196463
frozen_45_pairs,MACD/MACD,4.5,5,5,0,0.11788259241112822,0.1201157002572197,0.11529971920210569,0.12491781322338774,0.04873431095690217,0.04592269386184363,0.18315703551108428
frozen_45_pairs,MACD/MACD,5.0,5,5,0,0.10097881342509862,0.11492300368658209,0.10561248574322617,0.1246263449090407,0.055688305198567344,0.006592177352351659,0.15314005543429246
frozen_45_pairs,MACD/MACD,5.5,5,5,0,0.1068846295972162,0.10990619565972176,0.09589156935481784,0.12539916924457192,0.05362861097752163,0.027532851922197163,0.17569336180477235
frozen_45_pairs,MACD/MACD,6.0,5,5,0,0.11506808120923491,0.11895520664323975,0.10263083052948246,0.1311509610616683,0.08433125654068974,-0.006999222020293645,0.2296026298320777
frozen_45_pairs,MACD/SMA,0.0,5,5,0,0.2851208542648707,0.30197418064047843,0.2624020855323676,0.30563219290983745,0.03583748519539934,0.23415642261128206,0.3214393896303881
frozen_45_pairs,MACD/SMA,0.5,5,5,0,0.3217472083345875,0.3472246009806147,0.2819232283412658,0.3774329227904836,0.06805699197824837,0.22253908991566315,0.3796161996449103
frozen_45_pairs,MACD/SMA,1.0,5,5,0,0.32405444243204107,0.36189540009293986,0.2852656368516965,0.3714840898751774,0.06671579494318439,0.22486082920813466,0.3767662561322569
frozen_45_pairs,MACD/SMA,1.5,5,5,0,0.3270720754101154,0.3548043147083988,0.288093136772362,0.3616709969401405,0.04601613278747271,0.26685858366149534,0.3639333449681802
frozen_45_pairs,MACD/SMA,2.0,5,5,0,0.3221550769646943,0.33853718555465895,0.30989159062705507,0.3640709220340176,0.058170931261788655,0.2273738612593283,0.3709018253484119
frozen_45_pairs,MACD/SMA,2.5,5,5,0,0.31338417432742477,0.3189862970236589,0.3031872844521266,0.33766944890294903,0.02901431873196926,0.2685508525050831,0.3385269887533065
frozen_45_pairs,MACD/SMA,3.0,5,5,0,0.3352006580508652,0.3362816323810094,0.3278123752891511,0.3398249968664842,0.042327092922223426,0.276511582427786,0.3955727032898955
frozen_45_pairs,MACD/SMA,3.5,5,5,0,0.31596066934756256,0.3121536368082413,0.29528524560884495,0.3221289277844715,0.02570852407614917,0.2935266788302949,0.35670885770595995
frozen_45_pairs,MACD/SMA,4.0,5,5,0,0.31810169480714967,0.29734307332747206,0.2939765545342813,0.33045241137867154,0.04615487912459637,0.2759455805396041,0.3927908542557194
frozen_45_pairs,MACD/SMA,4.5,5,5,0,0.32331958178199227,0.31859350863102975,0.2898330823249164,0.32677607418956633,0.04769777252873166,0.280114254906299,0.40128098885815017
frozen_45_pairs,MACD/SMA,5.0,5,5,0,0.32381336083091466,0.32802901574578663,0.3115783120886567,0.35044222104390155,0.04346004323221418,0.2574762642333078,0.37154099104292054
frozen_45_pairs,MACD/SMA,5.5,5,5,0,0.2909247536511663,0.283216960234343,0.24244512639711346,0.3434601490128321,0.05201401890885339,0.23962115166422804,0.3458803809473149
frozen_45_pairs,MACD/SMA,6.0,5,5,0,0.31645642148322023,0.27574402094145395,0.27401521394975314,0.3698230254083782,0.05884840657014613,0.27175899746214044,0.39094084965437526
frozen_45_pairs,SMA/EMA,0.0,5,5,0,0.27542702459405616,0.25602463092826233,0.2533153179256109,0.30539886889045337,0.04158967498100845,0.23075759095571138,0.33163871427024283
frozen_45_pairs,SMA/EMA,0.5,5,5,0,0.35165404993504523,0.3915394213791464,0.29752854124770706,0.4023695607653588,0.07614928380975951,0.24556094021519553,0.4212717860678185
frozen_45_pairs,SMA/EMA,1.0,5,5,0,0.361877385725362,0.3875440038348535,0.28290935352556196,0.4207221769960245,0.07976199938970538,0.2722866127789312,0.4459247814914388
frozen_45_pairs,SMA/EMA,1.5,5,5,0,0.4043594729189344,0.399801654516381,0.35659875119324336,0.4557408972678902,0.06279127197029656,0.3312460179483624,0.4784100436687951
frozen_45_pairs,SMA/EMA,2.0,5,5,0,0.3874656698757969,0.37924591053317924,0.3472571328021633,0.4345053402757896,0.0630651017252801,0.31066532954325704,0.4656546362245951
frozen_45_pairs,SMA/EMA,2.5,5,5,0,0.3812555742868886,0.39465454906275393,0.359267252494187,0.39713884011394834,0.05045637239417334,0.309632573215333,0.4455846565482206
frozen_45_pairs,SMA/EMA,3.0,5,5,0,0.3902276139059791,0.38459765440395216,0.3815418888677061,0.40139769418094967,0.04236441954406352,0.33288471438220724,0.4507161176950802
frozen_45_pairs,SMA/EMA,3.5,5,5,0,0.3664430103497182,0.37196687381780597,0.36533627131776764,0.374836786774407,0.02901103858784057,0.320148285497594,0.39992683434101634
frozen_45_pairs,SMA/EMA,4.0,5,5,0,0.3487468211871986,0.35091185843085915,0.3503349461416495,0.3597512043707958,0.025003418006681023,0.30772666699355916,0.3750094299991294
frozen_45_pairs,SMA/EMA,4.5,5,5,0,0.34487346453826195,0.3542614011628908,0.34989737409739824,0.3566598164670159,0.03587065333339961,0.28407032384519,0.37947840711881475
frozen_45_pairs,SMA/EMA,5.0,5,5,0,0.3435738554289498,0.353823305715477,0.3474426666035556,0.35928514698799363,0.029631819978695184,0.29191391399357236,0.36540424384415077
frozen_45_pairs,SMA/EMA,5.5,5,5,0,0.3350626691836019,0.34111564350458895,0.337206346801175,0.34579800793233245,0.03339639672731384,0.2801786940749333,0.3710146536049797
frozen_45_pairs,SMA/EMA,6.0,5,5,0,0.30798387270581407,0.3225474781687788,0.28202282474931784,0.3373952837875064,0.03693087740646063,0.2568924401261746,0.3410613366972927
frozen_45_pairs,SMA/MACD,0.0,5,5,0,0.17257950423631832,0.10665873943651964,0.028749054769666597,0.25950630191004226,0.20807201630708647,-0.023926805264447643,0.4919102303298107
frozen_45_pairs,SMA/MACD,0.5,5,5,0,0.17594946415639093,0.10185512656926558,0.023008563093917193,0.32494845367432607,0.2341077995241579,-0.07234707340386975,0.5022822508483156
frozen_45_pairs,SMA/MACD,1.0,5,5,0,0.16566104694890757,0.0970160668647614,0.012572795852251486,0.250882425658122,0.21330286645425958,-0.028060009691769527,0.4958939560611725
frozen_45_pairs,SMA/MACD,1.5,5,5,0,0.18697076818238534,0.10125761633841798,0.0888840893678079,0.23217419165534312,0.18695009779594232,0.02048752236948826,0.4920504211808694
frozen_45_pairs,SMA/MACD,2.0,5,5,0,0.17204640918783595,0.09364802727865963,0.08272608615325415,0.189753618668509,0.19071215034514258,0.0023127024877667786,0.49179161135099025
frozen_45_pairs,SMA/MACD,2.5,5,5,0,0.17011771931289738,0.08942636576676351,0.07109726076012576,0.18959775037497628,0.18402895626522417,0.020088114774524417,0.480379104888097
frozen_45_pairs,SMA/MACD,3.0,5,5,0,0.16044245766971194,0.07525262122464502,0.06999947678837608,0.182537945170528,0.18596490048931624,0.0020309050482895923,0.47239134011672096
frozen_45_pairs,SMA/MACD,3.5,5,5,0,0.2245192611428136,0.2061127559308652,0.09776202423922704,0.33455778893390414,0.18066377254856766,0.016886363947962564,0.4672773726621091
frozen_45_pairs,SMA/MACD,4.0,5,5,0,0.2858037526970633,0.23924129494381155,0.21322395326869,0.3362262597918845,0.11752859449398083,0.17368434406848596,0.4666429114124446
frozen_45_pairs,SMA/MACD,4.5,5,5,0,0.2835076308958655,0.23705437963580087,0.21506309282895936,0.3263859442677412,0.11773218788694419,0.1709088888012381,0.46812584894558795
frozen_45_pairs,SMA/MACD,5.0,5,5,0,0.2674018487227884,0.24036257718142834,0.2136010729512807,0.32044703820022785,0.12719600320961733,0.11116759619469258,0.45143095908631264
frozen_45_pairs,SMA/MACD,5.5,5,5,0,0.27356589927429126,0.2428896269787508,0.21239036070320771,0.30802206917713,0.11560865346671782,0.15069920316515728,0.4538282363472105
frozen_45_pairs,SMA/MACD,6.0,5,5,0,0.2785604240029902,0.3108054495043386,0.1753400895217403,0.3117649380502604,0.1339447016737394,0.12677845921479086,0.46811318372382077
frozen_45_pairs,SMA/SMA,0.0,5,5,0,0.2826558550682131,0.31887350811874654,0.21285985836880875,0.3189337366588616,0.09278739302733245,0.1652563699705109,0.3973558022241376
frozen_45_pairs,SMA/SMA,0.5,5,5,0,0.3033627237076128,0.3136148840882538,0.24964377682826025,0.3174366758621007,0.06653240268071922,0.2341384494653301,0.4019798322941194
frozen_45_pairs,SMA/SMA,1.0,5,5,0,0.29968009736878276,0.3049153452647908,0.2660320904371599,0.34068437245862404,0.05222013255430882,0.2301880219211115,0.35658065676222744
frozen_45_pairs,SMA/SMA,1.5,5,5,0,0.2757875336198383,0.2705565104777351,0.2229634547236591,0.3304209570318941,0.0678925270015049,0.19803401274479637,0.3569627331211069
frozen_45_pairs,SMA/SMA,2.0,5,5,0,0.27238554388352487,0.2924477940923358,0.22031307185959093,0.3409660217955903,0.09457915248500362,0.13727821257972922,0.3709226190903781
frozen_45_pairs,SMA/SMA,2.5,5,5,0,0.2539503258440907,0.2835231328540508,0.20635165910340286,0.33490145220571943,0.09898421586227542,0.10518799832606066,0.33978738673121983
frozen_45_pairs,SMA/SMA,3.0,5,5,0,0.27276233362815727,0.3391428535335872,0.2189094410982819,0.35588370139614306,0.12648550575634265,0.07459772448699184,0.37527794762578226
frozen_45_pairs,SMA/SMA,3.5,5,5,0,0.24026824084144618,0.2884552372997385,0.2346307157017654,0.31317363220270067,0.11116013245986973,0.050078695806955065,0.31500292319607137
frozen_45_pairs,SMA/SMA,4.0,5,5,0,0.23791457545433575,0.279911958894989,0.2711382460267513,0.2910201688548946,0.13243984269763637,0.006061676990626551,0.3414408265044172
frozen_45_pairs,SMA/SMA,4.5,5,5,0,0.26296322509965686,0.3010425807911992,0.2826612646663148,0.3227946250342913,0.10508738178216656,0.07798499825331653,0.3303326567531627
frozen_45_pairs,SMA/SMA,5.0,5,5,0,0.23438545272445238,0.2734748413422016,0.2545194063048258,0.28248720731160687,0.11014941500930299,0.0419333133605648,0.3195124953030628
frozen_45_pairs,SMA/SMA,5.5,5,5,0,0.19802660294515728,0.22025198208655886,0.21990121019832348,0.23512665380751266,0.10665849027405351,0.016255532981002335,0.298597635652389
frozen_45_pairs,SMA/SMA,6.0,5,5,0,0.2474874080596802,0.2683580577603856,0.2625988018044812,0.30470579841247303,0.0931307433987949,0.08596917995352131,0.3158052023675397
all_289_pairs,EMA/EMA,0.0,36,36,0,0.21619138843630462,0.24398641139958027,0.1689179471479007,0.27270773067994764,0.10303461524853276,-0.11883383465858063,0.4074960362135531
all_289_pairs,EMA/EMA,0.5,36,36,0,0.23615138050778273,0.2471524781309972,0.20076626503627903,0.30820346078778366,0.1124250869782613,-0.16477319420624947,0.4108792437896588
all_289_pairs,EMA/EMA,1.0,36,36,0,0.22124045813690907,0.2406518704698889,0.1748750134776625,0.3046929093194267,0.14116540383313114,-0.20275488557420732,0.43448104577959157
all_289_pairs,EMA/EMA,1.5,36,36,0,0.23834638566791316,0.2505022244534403,0.17120200523788054,0.33858080634168086,0.14464822199996685,-0.1544941354363097,0.4617710407295349
all_289_pairs,EMA/EMA,2.0,36,36,0,0.20549810505188174,0.2233257530587252,0.10667086014068056,0.31602405462502914,0.1566416422068181,-0.1685852442830263,0.44926616564765964
all_289_pairs,EMA/EMA,2.5,36,36,0,0.19723385554053519,0.2425000621799624,0.06123794480586694,0.32183734300515393,0.1702631369042267,-0.1644614020788412,0.44488751075460153
all_289_pairs,EMA/EMA,3.0,36,36,0,0.2132067996602768,0.25684094919657363,0.08947937830929555,0.3426945233321256,0.16278996505899357,-0.10613701044397655,0.4456929289601307
all_289_pairs,EMA/EMA,3.5,36,36,0,0.1806510054069484,0.22131805286654993,0.06343480955687751,0.32959968112519955,0.1719270547153407,-0.2353359283009825,0.41194923499440256
all_289_pairs,EMA/EMA,4.0,36,36,0,0.1641973320762397,0.22067155447267311,0.07828372214293798,0.30085616138608473,0.17909988840272262,-0.2931749541725852,0.4049649133084234
all_289_pairs,EMA/EMA,4.5,36,36,0,0.16176469842992794,0.20833393799210043,0.07298380969647243,0.30208328181831845,0.1760705892192886,-0.24941594788189356,0.4176591654609242
all_289_pairs,EMA/EMA,5.0,36,36,0,0.17454784741010812,0.22122890342183638,0.07393427705552633,0.3190577497447547,0.17408208685502527,-0.2797495882107292,0.4070041816638569
all_289_pairs,EMA/EMA,5.5,36,36,0,0.16970047052448178,0.22901449754821188,0.03902945231139829,0.3260151334266237,0.19320786216064303,-0.3208933128600942,0.4486997783009183
all_289_pairs,EMA/EMA,6.0,36,36,0,0.15172551638770101,0.21021436455936726,0.008570457175331942,0.2996137603132553,0.1767695065060635,-0.2663312849848541,0.3647292314379728
all_289_pairs,EMA/MACD,0.0,30,30,0,0.08098027626335774,0.06289172027953538,0.0023114604604192075,0.1688292129010099,0.19397699799745247,-0.337329343855825,0.48169134509777994
all_289_pairs,EMA/MACD,0.5,30,30,0,0.06606373696325396,0.07935344658996152,-0.060046430747123604,0.16455220551937533,0.23038762217384465,-0.4573025264150656,0.5025294561875815
all_289_pairs,EMA/MACD,1.0,30,30,0,0.08650236253112334,0.058143306414311355,-0.017696839139328086,0.21235620491671275,0.20923272451830996,-0.4036609462366165,0.535730888176613
all_289_pairs,EMA/MACD,1.5,30,30,0,0.08387257390073635,0.046543200664956444,-0.031172643176905674,0.21410300061776943,0.20133537266253052,-0.33077744755623245,0.5276993156015823
all_289_pairs,EMA/MACD,2.0,30,30,0,0.09006202272565185,0.056538346174833776,-0.02085708937218484,0.1978084582714835,0.18853104781657218,-0.31103939279613657,0.5293889259123709
all_289_pairs,EMA/MACD,2.5,30,30,0,0.08758968896811678,0.0628084164242642,-0.016005329327032584,0.17631721198880254,0.18523765225147942,-0.29525786822650224,0.5245328088466094
all_289_pairs,EMA/MACD,3.0,30,30,0,0.08071505613790968,0.08341313827388805,-0.030835690987826986,0.17096238128450808,0.1909524806716285,-0.34498097701510994,0.5123863196481896
all_289_pairs,EMA/MACD,3.5,30,30,0,0.07477011505308019,0.05797626477766937,-0.04781316264350849,0.17997325033750197,0.18968583709913783,-0.33110379680864943,0.503181725876322
all_289_pairs,EMA/MACD,4.0,30,30,0,0.06863124691407041,0.036269059550864007,-0.03808453135420682,0.19688808137408967,0.2003815224920733,-0.35588777333722105,0.5153255567924492
all_289_pairs,EMA/MACD,4.5,30,30,0,0.05094610580437278,-0.0002182609363092624,-0.059553587299096045,0.1772243942970028,0.20999629010819035,-0.3981365296816335,0.5024449798164932
all_289_pairs,EMA/MACD,5.0,30,30,0,0.0436288521091095,-0.00359177408297519,-0.05718727159403822,0.17598494179833452,0.21179546846295677,-0.4175624734530874,0.49707044857006744
all_289_pairs,EMA/MACD,5.5,30,30,0,0.05810067317122764,0.01256967667250003,-0.043434975207497374,0.19525884438261562,0.21592405303088763,-0.4907369085030557,0.4923828057217835
all_289_pairs,EMA/MACD,6.0,30,30,0,0.06213211017771975,0.051067219916955495,-0.0804678572887636,0.21742216306886658,0.20526022340092684,-0.3626041723825618,0.49971270049186217
all_289_pairs,EMA/SMA,0.0,36,36,0,0.20098575914317507,0.22018144349065316,0.15750868906385995,0.2739284044135956,0.13045444326419436,-0.1589736820920096,0.42097776631184786
all_289_pairs,EMA/SMA,0.5,36,36,0,0.20384593350886576,0.2092999274088407,0.14343518413328424,0.2944708316475336,0.13002818454690304,-0.22293867474490345,0.42532758358725087
all_289_pairs,EMA/SMA,1.0,36,36,0,0.1895297555707269,0.19579828847996505,0.1454407680286912,0.30091788179768975,0.13623843428623755,-0.24809189598571088,0.41980113342675673
all_289_pairs,EMA/SMA,1.5,36,36,0,0.19207480535565025,0.21757120870984487,0.14741612961884754,0.3117984643480133,0.1344488799742067,-0.16552930203698787,0.3873369623826853
all_289_pairs,EMA/SMA,2.0,36,36,0,0.18694603201543236,0.17800323700705314,0.1292095742738153,0.3035903866183179,0.12578155844042135,-0.1501667580588593,0.39627735806834796
all_289_pairs,EMA/SMA,2.5,36,36,0,0.17158268472967209,0.17386922772106067,0.12701162720417183,0.2838120378928611,0.13173818603905485,-0.18207936626583465,0.3475485908658666
all_289_pairs,EMA/SMA,3.0,36,36,0,0.1648561496086726,0.16367153380941019,0.10646892168100695,0.2928491152838736,0.14739384530946278,-0.21293835386019236,0.38696746624628525
all_289_pairs,EMA/SMA,3.5,36,36,0,0.13228828572027398,0.17323131936488287,0.045360412419713385,0.2675749288590954,0.15738997833301552,-0.2707787582683958,0.313701095510494
all_289_pairs,EMA/SMA,4.0,36,36,0,0.13385606241232423,0.1817239840067073,0.038058225696993866,0.25062547171039984,0.15093241273783767,-0.21315586350991042,0.30894041319878807
all_289_pairs,EMA/SMA,4.5,36,36,0,0.14124813344159765,0.19424663063020828,0.0690399925562136,0.25697296937089154,0.15295068829170805,-0.23462444195012075,0.31979734772877144
all_289_pairs,EMA/SMA,5.0,36,36,0,0.1315383123967286,0.22484256236641592,0.034693775951942986,0.2567742228864674,0.17240437266182926,-0.34200770377623624,0.30500938810691225
all_289_pairs,EMA/SMA,5.5,36,36,0,0.11110130123213768,0.18304212127789382,0.009670042160874404,0.238872574180272,0.1658724574117439,-0.37550139648709674,0.28440197017897034
all_289_pairs,EMA/SMA,6.0,36,36,0,0.1275469651235569,0.17510209586477568,0.016216712677126634,0.24941049650840913,0.16005871054031698,-0.30915478698777477,0.3171179021362884
all_289_pairs,MACD/EMA,0.0,30,30,0,0.19144002164986493,0.21359231639404025,0.15070914293375104,0.27563089961285236,0.1253373871021924,-0.17729919477407613,0.3932842103998786
all_289_pairs,MACD/EMA,0.5,30,30,0,0.20631037001384653,0.22165170110499988,0.16086544151619875,0.29651431670985356,0.11978247564570971,-0.1937454315509304,0.3675207634149586
all_289_pairs,MACD/EMA,1.0,30,30,0,0.21807612957529834,0.21829662278784484,0.15363143035769514,0.3078203888756039,0.11252954875753933,-0.0942684055518577,0.4046098518316282
all_289_pairs,MACD/EMA,1.5,30,30,0,0.21757579027203658,0.22712076378204044,0.13658495058821946,0.3227191455678718,0.12856741484902498,-0.0923171097289961,0.4251317855882287
all_289_pairs,MACD/EMA,2.0,30,30,0,0.19141650149865944,0.18781724814613798,0.08604140018676348,0.3121430439887574,0.14170240798623326,-0.14819467229792568,0.412934964113841
all_289_pairs,MACD/EMA,2.5,30,30,0,0.19830309786174924,0.19657130435111192,0.09502850117307111,0.3189275133848383,0.14182432325817063,-0.0912213567222722,0.40982401142713853
all_289_pairs,MACD/EMA,3.0,30,30,0,0.20977487485658458,0.20900824145698654,0.09599986334120056,0.33560922105785396,0.1439597960532801,-0.09393573608837068,0.4125715449099666
all_289_pairs,MACD/EMA,3.5,30,30,0,0.1900939150113309,0.20521487126145938,0.06279819556373659,0.3178768465312906,0.1553004805374308,-0.14217765848002198,0.40405051875861014
all_289_pairs,MACD/EMA,4.0,30,30,0,0.16907617972351782,0.18419098323782668,0.0701114435894463,0.3104792616369663,0.17454192879801536,-0.18877469544729517,0.37978028714905315
all_289_pairs,MACD/EMA,4.5,30,30,0,0.15411315410385643,0.1601603972379441,0.06025345280046222,0.3067813595411252,0.17227584700451484,-0.18707886535684737,0.3657894407613527
all_289_pairs,MACD/EMA,5.0,30,30,0,0.15777894824108946,0.16004472834552236,0.026414029586271186,0.31445538522662364,0.17284261029763362,-0.18528048586739587,0.3884296753080859
all_289_pairs,MACD/EMA,5.5,30,30,0,0.15451080792415414,0.23429964984678436,0.0014058363749307416,0.30787077392631906,0.18975341063950107,-0.21208913869205687,0.38879773477748053
all_289_pairs,MACD/EMA,6.0,30,30,0,0.13523520797562932,0.21999496835362659,-0.02095810948867981,0.2819397939449456,0.18158891705020794,-0.20099054948067915,0.36642999951491856
all_289_pairs,MACD/MACD,0.0,25,25,0,0.0068061760516163645,0.004733282577231128,-0.09492820142784347,0.1278668706026702,0.1380903752817648,-0.24994494313057333,0.24574763724732063
all_289_pairs,MACD/MACD,0.5,25,25,0,-0.00039890352106139557,0.05518477111371935,-0.11444317368523822,0.1562394276297973,0.17601372855252856,-0.4140290894193513,0.2445945578172393
all_289_pairs,MACD/MACD,1.0,25,25,0,-0.014283651585052026,0.018997583227508854,-0.10659174961985957,0.10138636754939664,0.15790198533780708,-0.3877644509403203,0.23478854605759764
all_289_pairs,MACD/MACD,1.5,25,25,0,-0.02308481603001384,-0.012593678914830824,-0.11219400072695215,0.06818523667724694,0.14955838635055438,-0.355134945492323,0.235910660568658
all_289_pairs,MACD/MACD,2.0,25,25,0,-0.02271445519374479,-0.030022236188238294,-0.11992238475825416,0.0751066824896018,0.1439475318290398,-0.3253134014195467,0.22337384492161316
all_289_pairs,MACD/MACD,2.5,25,25,0,-0.017912251671429222,0.020608071110444593,-0.10602703945180207,0.056101165230714144,0.14599522211912458,-0.3629393319790297,0.2199621178401118
all_289_pairs,MACD/MACD,3.0,25,25,0,-0.031968543391320034,-0.007413615502044721,-0.12673933722501465,0.070652986237484,0.1489379233244288,-0.3628097226042981,0.2225574841725756
all_289_pairs,MACD/MACD,3.5,25,25,0,-0.021325509074195913,0.0077185194567373685,-0.12279060638899406,0.0951134882181186,0.14040020383856605,-0.3313527212161998,0.20886375773077084
all_289_pairs,MACD/MACD,4.0,25,25,0,-0.036733732189062014,-0.0032821457697939037,-0.1299162514326711,0.08281901743285267,0.14007589632791417,-0.3477325773156375,0.1968530372196463
all_289_pairs,MACD/MACD,4.5,25,25,0,-0.053866315494426206,-0.012163929264885659,-0.1595447019052047,0.04592269386184363,0.1506192385166589,-0.4168407818825201,0.18315703551108428
all_289_pairs,MACD/MACD,5.0,25,25,0,-0.07155563273738917,-0.0775399554444038,-0.17150650138074916,0.030028092939211683,0.1498916657790546,-0.3920009053738995,0.15314005543429246
all_289_pairs,MACD/MACD,5.5,25,25,0,-0.04968858641084168,-0.023234660652781982,-0.13536677535648478,0.0735023066418674,0.1485931336786023,-0.4203332314114589,0.17569336180477235
all_289_pairs,MACD/MACD,6.0,25,25,0,-0.04093486725794954,-0.03244441707250033,-0.1594257899760695,0.10263083052948246,0.15946559258853746,-0.35157440937385515,0.2296026298320777
all_289_pairs,MACD/SMA,0.0,30,30,0,0.17524749128260833,0.2200078809045432,0.11956318481289763,0.2801151195814238,0.14758268281187772,-0.2527660457993101,0.3373352045939966
all_289_pairs,MACD/SMA,0.5,30,30,0,0.19126810538838818,0.22433942503335977,0.09418851427585749,0.30910411339898136,0.16272471452801016,-0.28249392649363725,0.3796161996449103
all_289_pairs,MACD/SMA,1.0,30,30,0,0.19134784930283802,0.21918911055390766,0.12799287408179022,0.2956277371684378,0.14572618455113492,-0.21166096161550108,0.3767662561322569
all_289_pairs,MACD/SMA,1.5,30,30,0,0.17985883874820038,0.2106868628142216,0.12233845316854226,0.28328872189922466,0.1472608416473306,-0.21440130504675398,0.3639333449681802
all_289_pairs,MACD/SMA,2.0,30,30,0,0.16760427075033277,0.17981221061814,0.09531842955732948,0.2929254070290116,0.14521015072528995,-0.20976304541709948,0.3709018253484119
all_289_pairs,MACD/SMA,2.5,30,30,0,0.15781333122976401,0.21734910829199694,0.06935950716298436,0.27700503595046805,0.15782673944695635,-0.32597598002761097,0.3385269887533065
all_289_pairs,MACD/SMA,3.0,30,30,0,0.16165728441126703,0.17669783303193526,0.055678874986749075,0.29746918075197576,0.16385257914545473,-0.2624362074754239,0.3955727032898955
all_289_pairs,MACD/SMA,3.5,30,30,0,0.14502679911750418,0.19809304500194885,0.039565009202242075,0.2893822834759863,0.17249405697356437,-0.31298581772619233,0.35670885770595995
all_289_pairs,MACD/SMA,4.0,30,30,0,0.14766799918160384,0.21320693254942075,0.032823856630974535,0.27484507719007156,0.16684973894500124,-0.25952859054412697,0.3927908542557194
all_289_pairs,MACD/SMA,4.5,30,30,0,0.15291159445115424,0.20594807918832625,0.06649458047772351,0.2811106221890541,0.17649050656000528,-0.2878866137774394,0.40128098885815017
all_289_pairs,MACD/SMA,5.0,30,30,0,0.1568520451364525,0.23347509514533496,0.041956102129484994,0.28577956485693123,0.1807360655032362,-0.19876550203982057,0.37154099104292054
all_289_pairs,MACD/SMA,5.5,30,30,0,0.13569202944485473,0.20017960936348606,0.009562874956576184,0.2631780595738029,0.18044410793007434,-0.22281263899527995,0.3458803809473149
all_289_pairs,MACD/SMA,6.0,30,30,0,0.15624776590483097,0.25086440890999706,0.03443577865026571,0.27558927923675436,0.18291215637000788,-0.23118463625189747,0.39094084965437526
all_289_pairs,SMA/EMA,0.0,36,36,0,0.16966127204704715,0.193349399708321,0.1311336176305199,0.25373390797726997,0.12550905586949976,-0.15391345563160827,0.3536244230778022
all_289_pairs,SMA/EMA,0.5,36,36,0,0.2079189468237926,0.24294063814066602,0.15778588347367445,0.27218800712832714,0.1142184246377322,-0.07157329081676116,0.4212717860678185
all_289_pairs,SMA/EMA,1.0,36,36,0,0.18031287975730662,0.22450924335760047,0.11344563187564248,0.26689736969127903,0.15231821703491072,-0.17910689838924282,0.4459247814914388
all_289_pairs,SMA/EMA,1.5,36,36,0,0.18819558441066267,0.2236925650678411,0.10807842379551215,0.3040629954962881,0.1617699451899978,-0.17887317199909158,0.4784100436687951
all_289_pairs,SMA/EMA,2.0,36,36,0,0.15660608923654684,0.19887947591623797,0.07283185670069448,0.2800953117529762,0.17926055809199243,-0.23597189832032836,0.4656546362245951
all_289_pairs,SMA/EMA,2.5,36,36,0,0.157050414437284,0.19893377567100634,0.06978283412838768,0.28095081073461264,0.18538848928816112,-0.2589055677958896,0.4455846565482206
all_289_pairs,SMA/EMA,3.0,36,36,0,0.1654062834160187,0.20952305025954948,0.042235434852060334,0.3032584039789264,0.18793701009585334,-0.2633336577884733,0.4507161176950802
all_289_pairs,SMA/EMA,3.5,36,36,0,0.14727295894541945,0.16875823374954113,0.0437111123554581,0.2783649826229073,0.18449819566312212,-0.3074554664904654,0.39992683434101634
all_289_pairs,SMA/EMA,4.0,36,36,0,0.13763082010378028,0.18045334671244168,0.04656771423515811,0.2652870654821135,0.18441941737848877,-0.3537552316792105,0.3750094299991294
all_289_pairs,SMA/EMA,4.5,36,36,0,0.13164666612533515,0.1903440785684941,0.005163968594840603,0.2639430270242378,0.18306687681500725,-0.3565177373545883,0.37947840711881475
all_289_pairs,SMA/EMA,5.0,36,36,0,0.1414072540284817,0.18503651283369177,0.04460438794880186,0.28030337534276284,0.17415938574729695,-0.31300359441778364,0.36540424384415077
all_289_pairs,SMA/EMA,5.5,36,36,0,0.12926375211381835,0.22858225358410655,-0.011467006708439977,0.2860669947480677,0.19383466462142446,-0.31644602654793774,0.3710146536049797
all_289_pairs,SMA/EMA,6.0,36,36,0,0.11695921358687711,0.1976459393876952,-0.016002011758714817,0.27852180324176656,0.1829957006469312,-0.3026722934269281,0.34407589146693646
all_289_pairs,SMA/MACD,0.0,30,30,0,-0.00030321277383460373,0.02654574432576145,-0.09523698064172526,0.12268737424148875,0.1925031051178245,-0.3862908182941333,0.4919102303298107
all_289_pairs,SMA/MACD,0.5,30,30,0,0.0007604660149125771,0.023614076713310037,-0.09126014579262505,0.15859263058483886,0.22034247788406708,-0.5309625715101365,0.5022822508483156
all_289_pairs,SMA/MACD,1.0,30,30,0,-0.014652215245398356,-0.023951804437852192,-0.09903585650735873,0.10161046483197989,0.19856166602420874,-0.49383422881249156,0.4958939560611725
all_289_pairs,SMA/MACD,1.5,30,30,0,-0.018848313395768476,0.01288022633424195,-0.10087196800524154,0.09816423459576545,0.1955844086938778,-0.47172128924922896,0.4920504211808694
all_289_pairs,SMA/MACD,2.0,30,30,0,-0.012891344980255227,0.0158828547911707,-0.09689954045275966,0.09091754199730825,0.18389543197428485,-0.4215337407140114,0.49179161135099025
all_289_pairs,SMA/MACD,2.5,30,30,0,-0.006775905505165365,0.012894864905290977,-0.07042644285268869,0.08484408951510407,0.18393011026581477,-0.4702194231827668,0.480379104888097
all_289_pairs,SMA/MACD,3.0,30,30,0,-0.011230105690256417,0.00561106878574389,-0.07418487920467082,0.07393933511557778,0.1869985314919884,-0.5002011470697788,0.47239134011672096
all_289_pairs,SMA/MACD,3.5,30,30,0,0.013230184659404915,0.005829813440668464,-0.06571100502493335,0.11141135177128636,0.17244323415243548,-0.4518391091138316,0.4672773726621091
all_289_pairs,SMA/MACD,4.0,30,30,0,0.015581888411698948,-0.0009204447466748759,-0.0761697690889374,0.12298410334107483,0.17991195569696275,-0.44485186825970785,0.4666429114124446
all_289_pairs,SMA/MACD,4.5,30,30,0,-0.006519465556627297,-0.022354720115238064,-0.10158678181619785,0.11934657709796306,0.1932744970794754,-0.48110115447076834,0.46812584894558795
all_289_pairs,SMA/MACD,5.0,30,30,0,-0.009186807351965677,-0.03777780633528202,-0.12070481996298112,0.10787097545312885,0.18719779066298806,-0.47665963877883893,0.45143095908631264
all_289_pairs,SMA/MACD,5.5,30,30,0,0.0023685228220066464,-0.005926320219997954,-0.08881981572598155,0.10590601244781019,0.18356362951536662,-0.47171275991446704,0.4538282363472105
all_289_pairs,SMA/MACD,6.0,30,30,0,0.016722817502405413,-0.008278298510256299,-0.11088243486030651,0.12427269852562225,0.17589031992156173,-0.3091862802800664,0.46811318372382077
all_289_pairs,SMA/SMA,0.0,36,36,0,0.15281156103043397,0.1890491979275966,0.07594974824034835,0.26213403471203706,0.1526898542365896,-0.22944804227899032,0.3973558022241376
all_289_pairs,SMA/SMA,0.5,36,36,0,0.16802113113603145,0.1741007400386947,0.11584279567445513,0.27372167848604045,0.13732090925610835,-0.19439599067635027,0.4019798322941194
all_289_pairs,SMA/SMA,1.0,36,36,0,0.14527866430988776,0.16201591170209928,0.06857500118843493,0.2697024973812594,0.15306790334333623,-0.19144029697346465,0.35658065676222744
all_289_pairs,SMA/SMA,1.5,36,36,0,0.14519758532544755,0.17991042118129302,0.08328505997451277,0.2558492263325788,0.15950814430556062,-0.25773853669526686,0.3569627331211069
all_289_pairs,SMA/SMA,2.0,36,36,0,0.13777719251546303,0.15053144685782432,0.0805407976253733,0.2709156985054376,0.1528615872171944,-0.25626275081925404,0.3709226190903781
all_289_pairs,SMA/SMA,2.5,36,36,0,0.1318138349978778,0.1569970113640099,0.07874512729057563,0.2541635566640108,0.15451078128484344,-0.2869395785745298,0.33978738673121983
all_289_pairs,SMA/SMA,3.0,36,36,0,0.1213022672040621,0.15398850779146744,0.05381644578085097,0.26274209115551067,0.17601811516055826,-0.34504223656942784,0.37527794762578226
all_289_pairs,SMA/SMA,3.5,36,36,0,0.1077770935152476,0.16003679786152547,0.027015581773857492,0.2567381366094849,0.17714529729356673,-0.2860603926557218,0.31500292319607137
all_289_pairs,SMA/SMA,4.0,36,36,0,0.110547326430603,0.1715400571264984,-0.005479984313906465,0.25081525744970523,0.16930959645850474,-0.3031078394437518,0.3414408265044172
all_289_pairs,SMA/SMA,4.5,36,36,0,0.11370370921409322,0.16188912833906904,-0.017754543336792245,0.2698675967399874,0.17797275867226287,-0.2680769190473554,0.3303326567531627
all_289_pairs,SMA/SMA,5.0,36,36,0,0.10618181079351395,0.1694827963878808,-0.03488478394894676,0.2592209945106265,0.18712135845267142,-0.33570719810723526,0.3195124953030628
all_289_pairs,SMA/SMA,5.5,36,36,0,0.08359740714025594,0.13618671979379324,-0.033270856165065005,0.23114366467270572,0.18029092401954577,-0.29084487456087826,0.298597635652389
all_289_pairs,SMA/SMA,6.0,36,36,0,0.10125177368184618,0.17299188778477925,-0.03506645400802137,0.2527666645295029,0.18735580661035187,-0.31596698669781675,0.3158052023675397
