cohort,common_confirmation_hours,pair_count,finite_sharpe_count,nonfinite_sharpe_count,mean_sharpe,median_sharpe,q25_sharpe,q75_sharpe,sample_std_sharpe,min_sharpe,max_sharpe,finite_paired_count,mean_delta_sharpe_vs_zero,median_delta_sharpe_vs_zero,positive_delta_count,negative_delta_count,unchanged_delta_count,fraction_improved_vs_zero,mean_trade_count,median_trade_count,mean_annualized_turnover,mean_cost_drag_return
frozen_45_pairs,0.0,45,45,0,0.25820253140226435,0.25602463092826233,0.21285985836880875,0.3189337366588616,0.11530242895311346,-0.023926805264447643,0.4919102303298107,45,0.0,0.0,0,0,45,0.0,142.95555555555555,134.0,25.99117304036468,0.20767199404718728
frozen_45_pairs,0.5,45,45,0,0.29339614500031086,0.3202103500020069,0.2445945578172393,0.3915394213791464,0.13861603157582664,-0.07234707340386975,0.5025294561875815,45,0.035193613598046486,0.03664574571238177,32,13,0,0.7111111111111111,90.4888888888889,87.0,16.452052948914226,0.1333585112917816
frozen_45_pairs,1.0,45,45,0,0.2999093645092627,0.34068437245862404,0.23478854605759764,0.3875440038348535,0.1375071539103257,-0.04986811129689131,0.535730888176613,45,0.04170683310699829,0.03423350663270161,29,16,0,0.6444444444444445,73.22222222222223,68.0,13.312749132286926,0.10627630695138145
frozen_45_pairs,1.5,45,45,0,0.3098277224112195,0.3304209570318941,0.23217419165534312,0.3992395263045235,0.12857945788586,0.02048752236948826,0.5276993156015823,45,0.0516251910089551,0.04917212179856134,33,12,0,0.7333333333333333,63.84444444444444,59.0,11.607747574221655,0.0928040828676805
frozen_45_pairs,2.0,45,45,0,0.2995793463298333,0.33297427269165264,0.189753618668509,0.3862500444473663,0.1324748923507112,0.0023127024877667786,0.5293889259123709,45,0.04137681492756893,0.042787568906857434,33,12,0,0.7333333333333333,58.82222222222222,54.0,10.6946424744047,0.08322907028746832
frozen_45_pairs,2.5,45,45,0,0.29155539756826093,0.3261646498378727,0.18959775037497628,0.39154378536008555,0.12917305830297182,0.020088114774524417,0.5245328088466094,45,0.033352866165996586,0.03439442989380104,30,15,0,0.6666666666666666,55.333333333333336,49.0,10.060317250195583,0.07641402027143518
frozen_45_pairs,3.0,45,45,0,0.30002270273667053,0.3398249968664842,0.182537945170528,0.3955727032898955,0.13564171477904646,0.0020309050482895923,0.5123863196481896,45,0.04182017133440609,0.05634421096692066,33,12,0,0.7333333333333333,52.86666666666667,48.0,9.61184527639168,0.074294763068951
frozen_45_pairs,3.5,45,45,0,0.2880142691360563,0.31500292319607137,0.20886375773077084,0.36533627131776764,0.11546824316742682,0.016886363947962564,0.503181725876322,45,0.029811737733791963,0.02692276636285912,28,17,0,0.6222222222222222,50.86666666666667,46.0,9.248219351685819,0.06891726475472609
frozen_45_pairs,4.0,45,45,0,0.2874821393673254,0.29734307332747206,0.257176883295361,0.3503349461416495,0.10729754176808223,-0.0006529100956122701,0.5153255567924492,45,0.02927960796506108,0.03494098779510446,27,18,0,0.6,48.86666666666667,44.0,8.884593426979954,0.06583949743180374
frozen_45_pairs,4.5,45,45,0,0.2896169142344206,0.31859350863102975,0.25280502742259636,0.35019043681880463,0.10236844706206458,0.04592269386184363,0.5024449798164932,45,0.03141438283215621,0.04595783229501693,28,17,0,0.6222222222222222,47.111111111111114,43.0,8.565410670849248,0.06441253744727479
frozen_45_pairs,5.0,45,45,0,0.2805941419813294,0.29191391399357236,0.24036257718142834,0.34987832516226625,0.10985916714008254,0.006592177352351659,0.49707044857006744,45,0.022391610579065028,0.04204379771310224,25,20,0,0.5555555555555556,45.55555555555556,41.0,8.282590507189132,0.061074919574591595
frozen_45_pairs,5.5,45,45,0,0.2741435118371117,0.283216960234343,0.22025198208655886,0.35363445755355694,0.11408728630727041,-0.0040489490249291235,0.4923828057217835,45,0.01594098043484736,0.024579119977597985,25,20,0,0.5555555555555556,44.84444444444444,40.0,8.153301289515936,0.05933901517866848
frozen_45_pairs,6.0,45,45,0,0.2718088354622088,0.28202282474931784,0.2296026298320777,0.32913854630644135,0.10373346922845851,-0.006999222020293645,0.49971270049186217,45,0.013606304059944436,0.0057565695172635545,23,22,0,0.5111111111111111,42.977777777777774,38.0,7.813917093123797,0.056977563884151324
all_289_pairs,0.0,289,289,0,0.1391643287114218,0.1701393409829781,0.038576601851310864,0.25498967813224716,0.16330715472200868,-0.3862908182941333,0.4919102303298107,289,0.0,0.0,0,0,289,0.0,199.88235294117646,144.0,36.34120271030943,0.24242791750358705
all_289_pairs,0.5,289,289,0,0.14981264316449314,0.17548853139651144,0.06506592632959368,0.27604091951370957,0.17795888732283155,-0.5309625715101365,0.5025294561875815,289,0.010648314453071352,0.00674242899454669,166,123,0,0.5743944636678201,125.70242214532873,92.0,22.854329745181012,0.14609808816025116
all_289_pairs,1.0,289,289,0,0.1404503660040949,0.16806137858984785,0.03830093292190221,0.2660320904371599,0.17696700122613668,-0.49383422881249156,0.535730888176613,289,0.0012860372926731508,-0.0025301167162264937,140,149,0,0.4844290657439446,102.4878892733564,76.0,18.633626754088226,0.11428284009804612
all_289_pairs,1.5,289,289,0,0.14115558225728045,0.1666292672646546,0.021311428464715208,0.2705565104777351,0.1804316837649178,-0.47172128924922896,0.5276993156015823,289,0.0019912535458586674,0.0021592311893202376,148,141,0,0.5121107266435986,90.29411764705883,66.0,16.41664101245594,0.09868575464542265
all_289_pairs,2.0,289,289,0,0.128870827672954,0.1425011670968245,0.020459872535770175,0.2696811743876734,0.1748599187599308,-0.4215337407140114,0.5293889259123709,289,-0.010293501038467762,-0.0055558527092158805,138,151,0,0.47750865051903113,83.37716262975779,62.0,15.15904893029846,0.0878074589738866
all_289_pairs,2.5,289,289,0,0.1257322093918391,0.14442224521234795,0.020353244700730085,0.27287575811181425,0.17702610241924874,-0.4702194231827668,0.5245328088466094,289,-0.013432119319582686,-0.00024288884664495913,143,146,0,0.49480968858131485,78.4083044982699,59.0,14.255646113901191,0.08109898525599238
all_289_pairs,3.0,289,289,0,0.12581340381552675,0.13551106432754348,0.0056141473078697894,0.2870655744127293,0.18517834345991985,-0.5002011470697788,0.5123863196481896,289,-0.013350924895895006,-0.006198040727245967,138,151,0,0.47750865051903113,74.6159169550173,55.0,13.566140900272076,0.07690954572180313
all_289_pairs,3.5,289,289,0,0.11283082718874993,0.13365601379537934,-0.005918085233743165,0.2676256927357984,0.18024392015269142,-0.4518391091138316,0.503181725876322,289,-0.026333501522671852,-0.020746265848182732,126,163,0,0.4359861591695502,71.59515570934256,53.0,13.016927349635019,0.07138318870255062
all_289_pairs,4.0,289,289,0,0.1064868913461117,0.13706127409273644,-0.02576878807762771,0.25543637493047966,0.18193584399477825,-0.44485186825970785,0.5153255567924492,289,-0.03267743736531008,-0.026028600100874322,117,172,0,0.40484429065743943,68.93771626297578,51.0,12.533770411617539,0.06794757129983221
all_289_pairs,4.5,289,289,0,0.10013134683846496,0.12398277776914729,-0.02842576933335551,0.26621346261207307,0.18887183024431436,-0.48110115447076834,0.5024449798164932,289,-0.03903298187295682,-0.02818743176671079,110,179,0,0.3806228373702422,66.4878892733564,49.0,12.088360109382673,0.06464479773797202
all_289_pairs,5.0,289,289,0,0.09901594606312737,0.11978152770559983,-0.040725722652840114,0.25983489857867403,0.19313433821780424,-0.47665963877883893,0.49707044857006744,289,-0.04014838264829441,-0.03949353265244591,110,179,0,0.3806228373702422,63.56401384083045,45.0,11.556761655444168,0.06128741283734535
all_289_pairs,5.5,289,289,0,0.09359796490304924,0.09589156935481784,-0.0323656721537354,0.254596251321764,0.19368438493872805,-0.4907369085030557,0.4923828057217835,289,-0.045566363808372534,-0.04015221577427286,110,179,0,0.3806228373702422,61.75778546712803,44.0,11.228365924135412,0.05879729390832397
all_289_pairs,6.0,289,289,0,0.09687256138909393,0.11895520664323975,-0.038376208470602816,0.2625988018044812,0.18687667816467346,-0.3626041723825618,0.49971270049186217,289,-0.04229176732232783,-0.028563130656703906,112,177,0,0.3875432525951557,59.73702422145329,43.0,10.860965335851285,0.057136245327587126
