pair_id,entry_rule,exit_rule,family_cell,frozen_shortlist_member,wait_count,finite_sharpe_count,minimum_sharpe_across_waits,maximum_sharpe_across_waits,sharpe_span_0_to_6_hours
ema_100__ema_10,ema_100,ema_10,EMA/EMA,False,13,13,-0.17909155640147267,0.0661525368884888,0.24524409328996147
ema_100__ema_100,ema_100,ema_100,EMA/EMA,False,13,13,0.26002747535994064,0.3870158837365452,0.12698840837660458
ema_100__ema_20,ema_100,ema_20,EMA/EMA,False,13,13,0.002427974695422791,0.24731206597189026,0.24488409127646746
ema_100__ema_200,ema_100,ema_200,EMA/EMA,False,13,13,0.15038308416861185,0.27479412412450854,0.1244110399558967
ema_100__ema_250,ema_100,ema_250,EMA/EMA,False,13,13,0.2048396593405551,0.32713926661664355,0.12229960727608846
ema_100__ema_50,ema_100,ema_50,EMA/EMA,False,13,13,0.1760361424377203,0.3466833384657445,0.1706471960280242
ema_100__macd_12_26_9,ema_100,macd_12_26_9,EMA/MACD,False,13,13,-0.08556398821285074,0.12758087644133648,0.21314486465418722
ema_100__macd_24_52_18,ema_100,macd_24_52_18,EMA/MACD,False,13,13,-0.07650085183876652,0.12828172443477173,0.20478257627353824
ema_100__macd_48_104_36,ema_100,macd_48_104_36,EMA/MACD,False,13,13,0.1510310189767324,0.2839908383932107,0.1329598194164783
ema_100__macd_6_13_5,ema_100,macd_6_13_5,EMA/MACD,False,13,13,-0.28943031059653074,0.0043957242007201395,0.2938260347972509
ema_100__macd_96_208_72,ema_100,macd_96_208_72,EMA/MACD,False,13,13,0.2658197094927448,0.36172264941517923,0.09590293992243443
ema_100__sma_10,ema_100,sma_10,EMA/SMA,False,13,13,-0.20163941944691183,0.0014747309702171578,0.203114150417129
ema_100__sma_100,ema_100,sma_100,EMA/SMA,False,13,13,0.1817936175567501,0.24735853502526767,0.06556491746851756
ema_100__sma_20,ema_100,sma_20,EMA/SMA,False,13,13,-0.07577055379074157,0.26574609221734224,0.34151664600808385
ema_100__sma_200,ema_100,sma_200,EMA/SMA,False,13,13,0.1286052783081268,0.18012710885093117,0.051521830542804375
ema_100__sma_250,ema_100,sma_250,EMA/SMA,False,13,13,0.23901821650928037,0.3217375940080132,0.08271937749873284
ema_100__sma_50,ema_100,sma_50,EMA/SMA,True,13,13,0.2413773894022649,0.4219403234431528,0.18056293404088788
ema_10__ema_10,ema_10,ema_10,EMA/EMA,False,13,13,-0.2177285435949611,0.13809985308529016,0.35582839668025124
ema_10__ema_100,ema_10,ema_100,EMA/EMA,True,13,13,0.28292642504301196,0.45886994523858865,0.17594352019557669
ema_10__ema_20,ema_10,ema_20,EMA/EMA,False,13,13,0.0696837853793249,0.4074960362135531,0.3378122508342282
ema_10__ema_200,ema_10,ema_200,EMA/EMA,False,13,13,0.2341865103350679,0.32455693491959015,0.09037042458452224
ema_10__ema_250,ema_10,ema_250,EMA/EMA,False,13,13,0.2535970817655029,0.37300775059451513,0.11941066882901225
ema_10__ema_50,ema_10,ema_50,EMA/EMA,False,13,13,0.004466235497486848,0.29332963587277333,0.28886340037528646
ema_10__macd_12_26_9,ema_10,macd_12_26_9,EMA/MACD,False,13,13,-0.1494397532650348,0.07940650860530071,0.22884626187033552
ema_10__macd_24_52_18,ema_10,macd_24_52_18,EMA/MACD,False,13,13,-0.13327858854555075,-0.015868468196456334,0.11741012034909441
ema_10__macd_48_104_36,ema_10,macd_48_104_36,EMA/MACD,False,13,13,-0.01380068594528957,0.07205841121769573,0.0858590971629853
ema_10__macd_6_13_5,ema_10,macd_6_13_5,EMA/MACD,False,13,13,-0.3952893841433043,-0.11552960501436382,0.27975977912894046
ema_10__macd_96_208_72,ema_10,macd_96_208_72,EMA/MACD,False,13,13,0.1206323486693492,0.18175803083553874,0.061125682166189535
ema_10__sma_10,ema_10,sma_10,EMA/SMA,False,13,13,-0.22134016373184548,-0.013529470981159239,0.20781069275068625
ema_10__sma_100,ema_10,sma_100,EMA/SMA,False,13,13,0.14739997761475004,0.25690343291381434,0.1095034552990643
ema_10__sma_20,ema_10,sma_20,EMA/SMA,True,13,13,-0.0040489490249291235,0.42532758358725087,0.42937653261218
ema_10__sma_200,ema_10,sma_200,EMA/SMA,False,13,13,0.09858498891742092,0.1996286150378415,0.10104362612042057
ema_10__sma_250,ema_10,sma_250,EMA/SMA,False,13,13,0.22643092329653705,0.3303661172661976,0.10393519396966053
ema_10__sma_50,ema_10,sma_50,EMA/SMA,True,13,13,0.24095496202501465,0.35021482289838674,0.10925986087337208
ema_200__ema_10,ema_200,ema_10,EMA/EMA,False,13,13,-0.15267832096610437,0.1141014013281132,0.26677972229421754
ema_200__ema_100,ema_200,ema_100,EMA/EMA,True,13,13,0.2473743971928503,0.4486997783009183,0.201325381108068
ema_200__ema_20,ema_200,ema_20,EMA/EMA,False,13,13,-0.1088476873093118,0.1589425052753569,0.2677901925846687
ema_200__ema_200,ema_200,ema_200,EMA/EMA,False,13,13,0.1825266450478972,0.3488812933340723,0.1663546482861751
ema_200__ema_250,ema_200,ema_250,EMA/EMA,False,13,13,0.2541445047800556,0.32165470055033185,0.06751019577027623
ema_200__ema_50,ema_200,ema_50,EMA/EMA,False,13,13,0.15607492835680065,0.28456577435460306,0.12849084599780242
ema_200__macd_12_26_9,ema_200,macd_12_26_9,EMA/MACD,False,13,13,0.18098312589714632,0.3468540867525648,0.16587096085541847
ema_200__macd_24_52_18,ema_200,macd_24_52_18,EMA/MACD,False,13,13,-0.1275816491064865,0.05075341238522892,0.17833506149171544
ema_200__macd_48_104_36,ema_200,macd_48_104_36,EMA/MACD,False,13,13,0.13856427068099675,0.28447686609307216,0.1459125954120754
ema_200__macd_6_13_5,ema_200,macd_6_13_5,EMA/MACD,True,13,13,-0.06369889165414097,0.35843582336909463,0.42213471502323563
ema_200__macd_96_208_72,ema_200,macd_96_208_72,EMA/MACD,True,13,13,0.4521443181480897,0.535730888176613,0.08358657002852327
ema_200__sma_10,ema_200,sma_10,EMA/SMA,False,13,13,-0.1452546929759172,0.043594792551802146,0.18884948552771935
ema_200__sma_100,ema_200,sma_100,EMA/SMA,False,13,13,0.10943336572303634,0.27107061856755477,0.1616372528445184
ema_200__sma_20,ema_200,sma_20,EMA/SMA,False,13,13,-0.10329483696705308,0.1978819181163215,0.3011767550833746
ema_200__sma_200,ema_200,sma_200,EMA/SMA,False,13,13,0.16939549064342743,0.3171179021362884,0.14772241149286094
ema_200__sma_250,ema_200,sma_250,EMA/SMA,False,13,13,0.23696304062549195,0.31088273769208813,0.07391969706659618
ema_200__sma_50,ema_200,sma_50,EMA/SMA,True,13,13,0.19608868657989567,0.3421619329365716,0.14607324635667593
ema_20__ema_10,ema_20,ema_10,EMA/EMA,False,13,13,-0.029824215147397762,0.17175753213492623,0.20158174728232398
ema_20__ema_100,ema_20,ema_100,EMA/EMA,True,13,13,0.3084589117540858,0.4617710407295349,0.1533121289754491
ema_20__ema_20,ema_20,ema_20,EMA/EMA,False,13,13,0.08546394140319218,0.33516626164033736,0.24970232023714517
ema_20__ema_200,ema_20,ema_200,EMA/EMA,False,13,13,0.19302553893031535,0.2939967543465762,0.10097121541626083
ema_20__ema_250,ema_20,ema_250,EMA/EMA,False,13,13,0.2693014992255929,0.3734283788394084,0.1041268796138155
ema_20__ema_50,ema_20,ema_50,EMA/EMA,False,13,13,-0.00721271795454427,0.2528875695267343,0.26010028748127856
ema_20__macd_12_26_9,ema_20,macd_12_26_9,EMA/MACD,False,13,13,-0.039991968857327975,0.21460125348798925,0.2545932223453172
ema_20__macd_24_52_18,ema_20,macd_24_52_18,EMA/MACD,False,13,13,-0.12800487821902468,0.020353244700730085,0.14835812291975475
ema_20__macd_48_104_36,ema_20,macd_48_104_36,EMA/MACD,False,13,13,-0.018880728561343048,0.07930038457462231,0.09818111313596536
ema_20__macd_6_13_5,ema_20,macd_6_13_5,EMA/MACD,False,13,13,-0.22418171367416825,0.038435402075479415,0.2626171157496477
ema_20__macd_96_208_72,ema_20,macd_96_208_72,EMA/MACD,False,13,13,0.10990619565972176,0.16489882865510538,0.05499263299538362
ema_20__sma_10,ema_20,sma_10,EMA/SMA,False,13,13,-0.04179897029604946,0.13650382061961763,0.1783027909156671
ema_20__sma_100,ema_20,sma_100,EMA/SMA,False,13,13,0.1389332152423413,0.28335511742946096,0.14442190218711964
ema_20__sma_20,ema_20,sma_20,EMA/SMA,False,13,13,0.051130238525272965,0.4204221554160418,0.3692919168907688
ema_20__sma_200,ema_20,sma_200,EMA/SMA,False,13,13,0.10045436603882249,0.16762783504545087,0.06717346900662838
ema_20__sma_250,ema_20,sma_250,EMA/SMA,False,13,13,0.20655988032072792,0.33394521773722213,0.12738533741649422
ema_20__sma_50,ema_20,sma_50,EMA/SMA,False,13,13,0.23776180327552526,0.3375802638132439,0.09981846053771865
ema_250__ema_10,ema_250,ema_10,EMA/EMA,False,13,13,-0.04534214585704523,0.2094731578666729,0.25481530372371813
ema_250__ema_100,ema_250,ema_100,EMA/EMA,True,13,13,0.2964332169184078,0.3992395263045235,0.10280630938611568
ema_250__ema_20,ema_250,ema_20,EMA/EMA,False,13,13,0.042415605535845995,0.3152715338327527,0.2728559282969067
ema_250__ema_200,ema_250,ema_200,EMA/EMA,False,13,13,0.24453467116009633,0.35055652821995864,0.1060218570598623
ema_250__ema_250,ema_250,ema_250,EMA/EMA,False,13,13,0.2354008148792335,0.37419432588656304,0.13879351100732953
ema_250__ema_50,ema_250,ema_50,EMA/EMA,False,13,13,0.09495990675715554,0.32765508549061995,0.2326951787334644
ema_250__macd_12_26_9,ema_250,macd_12_26_9,EMA/MACD,True,13,13,0.21115979195711268,0.41059709304744174,0.19943730109032906
ema_250__macd_24_52_18,ema_250,macd_24_52_18,EMA/MACD,False,13,13,-0.10819416095017619,0.09596094061214698,0.20415510156232317
ema_250__macd_48_104_36,ema_250,macd_48_104_36,EMA/MACD,False,13,13,0.11570115764448136,0.23223936978870546,0.11653821214422411
ema_250__macd_6_13_5,ema_250,macd_6_13_5,EMA/MACD,True,13,13,-0.049089048026071495,0.3413584817745445,0.390447529800616
ema_250__macd_96_208_72,ema_250,macd_96_208_72,EMA/MACD,True,13,13,0.42177777187561777,0.5025294561875815,0.08075168431196372
ema_250__sma_10,ema_250,sma_10,EMA/SMA,False,13,13,-0.059405759098244144,0.1377190356853646,0.19712479478360873
ema_250__sma_100,ema_250,sma_100,EMA/SMA,False,13,13,0.18390248044013977,0.24685431054437945,0.06295183010423969
ema_250__sma_20,ema_250,sma_20,EMA/SMA,False,13,13,0.009629909565663288,0.292018940434404,0.28238903086874073
ema_250__sma_200,ema_250,sma_200,EMA/SMA,False,13,13,0.1399485000732323,0.25779904148458377,0.11785054141135146
ema_250__sma_250,ema_250,sma_250,EMA/SMA,False,13,13,0.2417563602223665,0.3287958284995567,0.0870394682771902
ema_250__sma_50,ema_250,sma_50,EMA/SMA,True,13,13,0.15654521334199661,0.342714414471988,0.1861692011299914
ema_50__ema_10,ema_50,ema_10,EMA/EMA,False,13,13,-0.3208933128600942,-0.10613701044397655,0.21475630241611765
ema_50__ema_100,ema_50,ema_100,EMA/EMA,True,13,13,0.2538071088359077,0.40091149321160136,0.14710438437569368
ema_50__ema_20,ema_50,ema_20,EMA/EMA,False,13,13,-0.20875242464761537,0.13835396155375768,0.347106386201373
ema_50__ema_200,ema_50,ema_200,EMA/EMA,False,13,13,0.17224309443874863,0.2443925866810142,0.07214949224226558
ema_50__ema_250,ema_50,ema_250,EMA/EMA,False,13,13,0.23353136861486706,0.33831288246847224,0.10478151385360518
ema_50__ema_50,ema_50,ema_50,EMA/EMA,False,13,13,-0.03885086030730254,0.2459029260605443,0.2847537863678469
ema_50__macd_12_26_9,ema_50,macd_12_26_9,EMA/MACD,False,13,13,-0.30080552626586227,0.03965121012708557,0.3404567363929478
ema_50__macd_24_52_18,ema_50,macd_24_52_18,EMA/MACD,False,13,13,-0.15119750375782712,-0.0358247652516172,0.11537273850620991
ema_50__macd_48_104_36,ema_50,macd_48_104_36,EMA/MACD,False,13,13,-0.08419559998843945,0.005816640044012152,0.0900122400324516
ema_50__macd_6_13_5,ema_50,macd_6_13_5,EMA/MACD,False,13,13,-0.4907369085030557,-0.23606243051252473,0.25467447799053095
ema_50__macd_96_208_72,ema_50,macd_96_208_72,EMA/MACD,False,13,13,0.09351867030216526,0.1477677931427919,0.054249122840626635
ema_50__sma_10,ema_50,sma_10,EMA/SMA,False,13,13,-0.37550139648709674,-0.1501667580588593,0.22533463842823745
ema_50__sma_100,ema_50,sma_100,EMA/SMA,False,13,13,0.12959538342963314,0.23877070716991255,0.10917532374027941
ema_50__sma_20,ema_50,sma_20,EMA/SMA,False,13,13,-0.25290966762569583,0.25506146671504637,0.5079711343407423
ema_50__sma_200,ema_50,sma_200,EMA/SMA,False,13,13,0.09043631128033577,0.17638623451869018,0.0859499232383544
ema_50__sma_250,ema_50,sma_250,EMA/SMA,False,13,13,0.20720528889116566,0.31828818271351583,0.11108289382235018
ema_50__sma_50,ema_50,sma_50,EMA/SMA,False,13,13,0.09485993487985157,0.2559739708340563,0.16111403595420476
macd_12_26_9__ema_10,macd_12_26_9,ema_10,MACD/EMA,False,13,13,-0.027182781644891085,0.2133020192006997,0.24048480084559076
macd_12_26_9__ema_100,macd_12_26_9,ema_100,MACD/EMA,True,13,13,0.2519950113135395,0.4112007121940281,0.15920570088048858
macd_12_26_9__ema_20,macd_12_26_9,ema_20,MACD/EMA,False,13,13,0.04812453392455479,0.3493518170015414,0.3012272830769866
macd_12_26_9__ema_200,macd_12_26_9,ema_200,MACD/EMA,False,13,13,0.2210217023622388,0.30414768539756565,0.08312598303532684
macd_12_26_9__ema_250,macd_12_26_9,ema_250,MACD/EMA,False,13,13,0.1838063064624598,0.3378084825762665,0.1540021761138067
macd_12_26_9__ema_50,macd_12_26_9,ema_50,MACD/EMA,False,13,13,-0.08314818586166245,0.19839467366397762,0.28154285952564007
macd_12_26_9__macd_12_26_9,macd_12_26_9,macd_12_26_9,MACD/MACD,False,13,13,-0.1753657429212764,0.06733679086171125,0.24270253378298767
macd_12_26_9__macd_24_52_18,macd_12_26_9,macd_24_52_18,MACD/MACD,False,13,13,-0.14081998797565648,-0.06382148462032758,0.0769985033553289
macd_12_26_9__macd_48_104_36,macd_12_26_9,macd_48_104_36,MACD/MACD,False,13,13,-0.007644505857663275,0.09291713477429117,0.10056164063195444
macd_12_26_9__macd_6_13_5,macd_12_26_9,macd_6_13_5,MACD/MACD,False,13,13,-0.1177844841729754,0.0077185194567373685,0.12550300362971278
macd_12_26_9__macd_96_208_72,macd_12_26_9,macd_96_208_72,MACD/MACD,True,13,13,0.12452553586785543,0.18932454793521306,0.06479901206735762
macd_12_26_9__sma_10,macd_12_26_9,sma_10,MACD/SMA,False,13,13,-0.07568355402775155,0.10551868826461283,0.18120224229236437
macd_12_26_9__sma_100,macd_12_26_9,sma_100,MACD/SMA,False,13,13,0.14953403306323426,0.31399357866835,0.16445954560511572
macd_12_26_9__sma_20,macd_12_26_9,sma_20,MACD/SMA,False,13,13,0.030406820254799304,0.3213854527321184,0.2909786324773191
macd_12_26_9__sma_200,macd_12_26_9,sma_200,MACD/SMA,False,13,13,0.13864908495678407,0.2225005061799354,0.08385142122315131
macd_12_26_9__sma_250,macd_12_26_9,sma_250,MACD/SMA,False,13,13,0.23313442889803296,0.32486280269194107,0.09172837379390811
macd_12_26_9__sma_50,macd_12_26_9,sma_50,MACD/SMA,True,13,13,0.23962115166422804,0.3362816323810094,0.09666048071678135
macd_24_52_18__ema_10,macd_24_52_18,ema_10,MACD/EMA,False,13,13,-0.20099054948067915,-0.009612468459102231,0.1913780810215769
macd_24_52_18__ema_100,macd_24_52_18,ema_100,MACD/EMA,True,13,13,0.27558468580713613,0.3751495340320505,0.09956484822491435
macd_24_52_18__ema_20,macd_24_52_18,ema_20,MACD/EMA,False,13,13,-0.07412195418531191,0.16566960277307055,0.23979155695838245
macd_24_52_18__ema_200,macd_24_52_18,ema_200,MACD/EMA,False,13,13,0.038576601851310864,0.21883138850807768,0.1802547866567668
macd_24_52_18__ema_250,macd_24_52_18,ema_250,MACD/EMA,False,13,13,0.21813457779921872,0.3551848615813472,0.1370502837821285
macd_24_52_18__ema_50,macd_24_52_18,ema_50,MACD/EMA,False,13,13,0.005301135242203682,0.23438172095273185,0.22908058571052817
macd_24_52_18__macd_12_26_9,macd_24_52_18,macd_12_26_9,MACD/MACD,False,13,13,-0.2150203652258196,-0.11758068622893823,0.09743967899688137
macd_24_52_18__macd_24_52_18,macd_24_52_18,macd_24_52_18,MACD/MACD,False,13,13,-0.18667846303675317,-0.11973621764901658,0.06694224538773659
macd_24_52_18__macd_48_104_36,macd_24_52_18,macd_48_104_36,MACD/MACD,False,13,13,0.0068510872302553595,0.1053865807723658,0.09853549354211044
macd_24_52_18__macd_6_13_5,macd_24_52_18,macd_6_13_5,MACD/MACD,False,13,13,-0.3262585202312911,-0.1872170673418241,0.13904145288946698
macd_24_52_18__macd_96_208_72,macd_24_52_18,macd_96_208_72,MACD/MACD,False,13,13,0.10990619565972176,0.16489882865510538,0.05499263299538362
macd_24_52_18__sma_10,macd_24_52_18,sma_10,MACD/SMA,False,13,13,-0.28249392649363725,-0.06402731677938527,0.21846660971425197
macd_24_52_18__sma_100,macd_24_52_18,sma_100,MACD/SMA,False,13,13,0.20577223491274066,0.33846927962267215,0.1326970447099315
macd_24_52_18__sma_20,macd_24_52_18,sma_20,MACD/SMA,False,13,13,-0.02576878807762771,0.14407231228142342,0.16984110035905114
macd_24_52_18__sma_200,macd_24_52_18,sma_200,MACD/SMA,False,13,13,0.05373798559744341,0.19632423288367448,0.14258624728623107
macd_24_52_18__sma_250,macd_24_52_18,sma_250,MACD/SMA,True,13,13,0.2624020855323676,0.3767662561322569,0.11436417059988929
macd_24_52_18__sma_50,macd_24_52_18,sma_50,MACD/SMA,False,13,13,0.1924333058867206,0.2976300820303955,0.10519677614367487
macd_48_104_36__ema_10,macd_48_104_36,ema_10,MACD/EMA,False,13,13,-0.21208913869205687,0.09858734194093736,0.31067648063299425
macd_48_104_36__ema_100,macd_48_104_36,ema_100,MACD/EMA,False,13,13,0.21586020093072814,0.3025208184709439,0.08666061754021578
macd_48_104_36__ema_20,macd_48_104_36,ema_20,MACD/EMA,False,13,13,-0.11406951608050815,0.1911647969576895,0.30523431303819765
macd_48_104_36__ema_200,macd_48_104_36,ema_200,MACD/EMA,False,13,13,0.11979253442066116,0.2840581633242154,0.16426562890355423
macd_48_104_36__ema_250,macd_48_104_36,ema_250,MACD/EMA,False,13,13,0.14539503665112252,0.3085420072390305,0.163146970587908
macd_48_104_36__ema_50,macd_48_104_36,ema_50,MACD/EMA,False,13,13,0.08551230665245978,0.2671486369229301,0.18163633027047033
macd_48_104_36__macd_12_26_9,macd_48_104_36,macd_12_26_9,MACD/MACD,False,13,13,-0.1768008254688179,0.03015577026868823,0.20695659573750613
macd_48_104_36__macd_24_52_18,macd_48_104_36,macd_24_52_18,MACD/MACD,False,13,13,-0.12791767617858113,-0.027945000438011097,0.09997267574057003
macd_48_104_36__macd_48_104_36,macd_48_104_36,macd_48_104_36,MACD/MACD,False,13,13,0.0005563299426666202,0.09291713477429117,0.09236080483162455
macd_48_104_36__macd_6_13_5,macd_48_104_36,macd_6_13_5,MACD/MACD,False,13,13,-0.4203332314114589,-0.24994494313057333,0.17038828828088556
macd_48_104_36__macd_96_208_72,macd_48_104_36,macd_96_208_72,MACD/MACD,True,13,13,0.09589156935481784,0.1780850318940042,0.08219346253918637
macd_48_104_36__sma_10,macd_48_104_36,sma_10,MACD/SMA,False,13,13,-0.19876550203982057,0.005578873963882409,0.20434437600370298
macd_48_104_36__sma_100,macd_48_104_36,sma_100,MACD/SMA,False,13,13,0.18995668452513495,0.3806469562548948,0.19069027172975986
macd_48_104_36__sma_20,macd_48_104_36,sma_20,MACD/SMA,False,13,13,-0.15362895613118122,0.2527713749066454,0.40640033103782663
macd_48_104_36__sma_200,macd_48_104_36,sma_200,MACD/SMA,False,13,13,0.032853137192307126,0.1312595124291468,0.09840637523683968
macd_48_104_36__sma_250,macd_48_104_36,sma_250,MACD/SMA,False,13,13,0.21589438499543298,0.2862967086543967,0.07040232365896373
macd_48_104_36__sma_50,macd_48_104_36,sma_50,MACD/SMA,False,13,13,0.13424332681152007,0.2939941488100153,0.15975082199849522
macd_6_13_5__ema_10,macd_6_13_5,ema_10,MACD/EMA,False,13,13,-0.17781394572461784,0.0975667625220086,0.2753807082466264
macd_6_13_5__ema_100,macd_6_13_5,ema_100,MACD/EMA,False,13,13,0.20905005498886176,0.36629961804208555,0.1572495630532238
macd_6_13_5__ema_20,macd_6_13_5,ema_20,MACD/EMA,False,13,13,0.03938581091090165,0.3932842103998786,0.35389839948897694
macd_6_13_5__ema_200,macd_6_13_5,ema_200,MACD/EMA,False,13,13,0.2730695715576068,0.38879773477748053,0.11572816321987373
macd_6_13_5__ema_250,macd_6_13_5,ema_250,MACD/EMA,True,13,13,0.2357207832752722,0.3884296753080859,0.1527088920328137
macd_6_13_5__ema_50,macd_6_13_5,ema_50,MACD/EMA,False,13,13,-0.008461529656417726,0.2916194114240565,0.30008094108047423
macd_6_13_5__macd_12_26_9,macd_6_13_5,macd_12_26_9,MACD/MACD,False,13,13,-0.151941502770719,0.1562394276297973,0.3081809304005163
macd_6_13_5__macd_24_52_18,macd_6_13_5,macd_24_52_18,MACD/MACD,False,13,13,-0.17150650138074916,-0.08478910274393897,0.08671739863681019
macd_6_13_5__macd_48_104_36,macd_6_13_5,macd_48_104_36,MACD/MACD,False,13,13,-0.0012177125537393843,0.127808058521568,0.1290257710753074
macd_6_13_5__macd_6_13_5,macd_6_13_5,macd_6_13_5,MACD/MACD,False,13,13,-0.3629393319790297,-0.19194352131521258,0.17099581066381714
macd_6_13_5__macd_96_208_72,macd_6_13_5,macd_96_208_72,MACD/MACD,False,13,13,0.08205216211092853,0.16503114378334596,0.08297898167241743
macd_6_13_5__sma_10,macd_6_13_5,sma_10,MACD/SMA,False,13,13,-0.32597598002761097,-0.06135077599801717,0.2646252040295938
macd_6_13_5__sma_100,macd_6_13_5,sma_100,MACD/SMA,False,13,13,0.0712920394766533,0.2809450696512357,0.20965303017458242
macd_6_13_5__sma_20,macd_6_13_5,sma_20,MACD/SMA,False,13,13,0.040074965759500224,0.33144359005648616,0.29136862429698596
macd_6_13_5__sma_200,macd_6_13_5,sma_200,MACD/SMA,False,13,13,0.13757663267503495,0.2224352591238302,0.08485862644879524
macd_6_13_5__sma_250,macd_6_13_5,sma_250,MACD/SMA,False,13,13,0.2541158717272931,0.3428138488181805,0.08869797709088739
macd_6_13_5__sma_50,macd_6_13_5,sma_50,MACD/SMA,False,13,13,0.1901678307245145,0.33756906706293577,0.14740123633842125
macd_96_208_72__ema_10,macd_96_208_72,ema_10,MACD/EMA,False,13,13,-0.19896804852773065,0.15066532983641298,0.34963337836414365
macd_96_208_72__ema_100,macd_96_208_72,ema_100,MACD/EMA,True,13,13,0.24876418537290512,0.4251317855882287,0.17636760021532355
macd_96_208_72__ema_20,macd_96_208_72,ema_20,MACD/EMA,False,13,13,0.08558356420657522,0.3006826338687007,0.2150990696621255
macd_96_208_72__ema_200,macd_96_208_72,ema_200,MACD/EMA,True,13,13,0.2486568790396074,0.36667999342816776,0.11802311438856036
macd_96_208_72__ema_250,macd_96_208_72,ema_250,MACD/EMA,False,13,13,0.27023947645334234,0.3276777329335542,0.057438256480211836
macd_96_208_72__ema_50,macd_96_208_72,ema_50,MACD/EMA,False,13,13,0.27982517934013756,0.37978028714905315,0.09995510780891559
macd_96_208_72__macd_12_26_9,macd_96_208_72,macd_12_26_9,MACD/MACD,True,13,13,-0.006999222020293645,0.17603507149309555,0.1830342935133892
macd_96_208_72__macd_24_52_18,macd_96_208_72,macd_24_52_18,MACD/MACD,False,13,13,-0.012593678914830824,0.08071961701030117,0.09331329592513199
macd_96_208_72__macd_48_104_36,macd_96_208_72,macd_48_104_36,MACD/MACD,True,13,13,0.15314005543429246,0.24574763724732063,0.09260758181302817
macd_96_208_72__macd_6_13_5,macd_96_208_72,macd_6_13_5,MACD/MACD,False,13,13,-0.23901566812573066,-0.009116973083050206,0.22989869504268046
macd_96_208_72__macd_96_208_72,macd_96_208_72,macd_96_208_72,MACD/MACD,True,13,13,0.10990619565972176,0.16212757037540804,0.052221374715686275
macd_96_208_72__sma_10,macd_96_208_72,sma_10,MACD/SMA,False,13,13,-0.23118463625189747,0.09268205731065514,0.3238666935625526
macd_96_208_72__sma_100,macd_96_208_72,sma_100,MACD/SMA,True,13,13,0.22253908991566315,0.3698230254083782,0.14728393549271504
macd_96_208_72__sma_20,macd_96_208_72,sma_20,MACD/SMA,False,13,13,6.939689572012424e-05,0.31773684879009023,0.3176674518943701
macd_96_208_72__sma_200,macd_96_208_72,sma_200,MACD/SMA,True,13,13,0.24244512639711346,0.3796161996449103,0.13717107324779682
macd_96_208_72__sma_250,macd_96_208_72,sma_250,MACD/SMA,False,13,13,0.2648457964528295,0.3425709104055184,0.07772511395268888
macd_96_208_72__sma_50,macd_96_208_72,sma_50,MACD/SMA,True,13,13,0.3214393896303881,0.40128098885815017,0.07984159922776207
sma_100__ema_10,sma_100,ema_10,SMA/EMA,False,13,13,-0.24781663835569337,-0.041817962192901736,0.20599867616279163
sma_100__ema_100,sma_100,ema_100,SMA/EMA,False,13,13,0.21671303282705587,0.30885915466403174,0.09214612183697587
sma_100__ema_20,sma_100,ema_20,SMA/EMA,False,13,13,-0.17603114348630963,0.14972042322937665,0.3257515667156863
sma_100__ema_200,sma_100,ema_200,SMA/EMA,False,13,13,0.10792151683272168,0.23033393225731386,0.12241241542459218
sma_100__ema_250,sma_100,ema_250,SMA/EMA,False,13,13,0.17945852948404592,0.3071864602606929,0.127727930776647
sma_100__ema_50,sma_100,ema_50,SMA/EMA,False,13,13,0.07949905328261006,0.25889087755010926,0.1793918242674992
sma_100__macd_12_26_9,sma_100,macd_12_26_9,SMA/MACD,False,13,13,-0.2563939544145418,-0.04680309898383682,0.209590855430705
sma_100__macd_24_52_18,sma_100,macd_24_52_18,SMA/MACD,False,13,13,-0.18865585343291402,0.05569714182017264,0.24435299525308665
sma_100__macd_48_104_36,sma_100,macd_48_104_36,SMA/MACD,True,13,13,0.0020309050482895923,0.3117649380502604,0.30973403300197083
sma_100__macd_6_13_5,sma_100,macd_6_13_5,SMA/MACD,False,13,13,-0.5309625715101365,-0.17845489578574394,0.35250767572439257
sma_100__macd_96_208_72,sma_100,macd_96_208_72,SMA/MACD,True,13,13,0.06999947678837608,0.3362262597918845,0.2662267830035084
sma_100__sma_10,sma_100,sma_10,SMA/SMA,False,13,13,-0.34504223656942784,-0.12374433195353052,0.22129790461589732
sma_100__sma_100,sma_100,sma_100,SMA/SMA,False,13,13,0.0920373005190363,0.2806874205346342,0.1886501200155979
sma_100__sma_20,sma_100,sma_20,SMA/SMA,False,13,13,-0.10776352634240352,0.14539435143846427,0.2531578777808678
sma_100__sma_200,sma_100,sma_200,SMA/SMA,False,13,13,0.07287151690355337,0.1435570138048758,0.07068549690132242
sma_100__sma_250,sma_100,sma_250,SMA/SMA,False,13,13,0.2053967051958365,0.2924671453691674,0.0870704401733309
sma_100__sma_50,sma_100,sma_50,SMA/SMA,True,13,13,0.20635165910340286,0.3227946250342913,0.11644296593088843
sma_10__ema_10,sma_10,ema_10,SMA/EMA,False,13,13,-0.17373414570394008,0.1612172276902425,0.33495137339418257
sma_10__ema_100,sma_10,ema_100,SMA/EMA,True,13,13,0.2533153179256109,0.4557408972678902,0.20242557934227928
sma_10__ema_20,sma_10,ema_20,SMA/EMA,False,13,13,0.060905902806902654,0.3411043840613864,0.2801984812544837
sma_10__ema_200,sma_10,ema_200,SMA/EMA,False,13,13,0.22050521905943818,0.34407589146693646,0.12357067240749828
sma_10__ema_250,sma_10,ema_250,SMA/EMA,False,13,13,0.2577482421717187,0.35808470078566057,0.10033645861394186
sma_10__ema_50,sma_10,ema_50,SMA/EMA,False,13,13,-0.0015297072540396317,0.2813456963184928,0.28287540357253244
sma_10__macd_12_26_9,sma_10,macd_12_26_9,SMA/MACD,False,13,13,-0.21512409211157232,0.08033849999115496,0.2954625921027273
sma_10__macd_24_52_18,sma_10,macd_24_52_18,SMA/MACD,False,13,13,-0.15952476355461748,-0.05031717778769874,0.10920758576691875
sma_10__macd_48_104_36,sma_10,macd_48_104_36,SMA/MACD,False,13,13,-0.018031419239799253,0.06560810414872889,0.08363952338852815
sma_10__macd_6_13_5,sma_10,macd_6_13_5,SMA/MACD,False,13,13,-0.5192125988364109,-0.25215209162681934,0.26706050720959157
sma_10__macd_96_208_72,sma_10,macd_96_208_72,SMA/MACD,False,13,13,0.10950842709107304,0.1701393409829781,0.060630913891905044
sma_10__sma_10,sma_10,sma_10,SMA/SMA,False,13,13,-0.24959920259135465,-0.06092987926780446,0.1886693233235502
sma_10__sma_100,sma_10,sma_100,SMA/SMA,False,13,13,0.15322389800831132,0.27369998208338897,0.12047608407507765
sma_10__sma_20,sma_10,sma_20,SMA/SMA,True,13,13,0.006061676990626551,0.4019798322941194,0.39591815530349284
sma_10__sma_200,sma_10,sma_200,SMA/SMA,False,13,13,0.11688207548842236,0.22662441591210541,0.10974234042368305
sma_10__sma_250,sma_10,sma_250,SMA/SMA,False,13,13,0.22981600162777008,0.33534664397945624,0.10553064235168616
sma_10__sma_50,sma_10,sma_50,SMA/SMA,True,13,13,0.23512665380751266,0.3709226190903781,0.13579596528286544
sma_200__ema_10,sma_200,ema_10,SMA/EMA,False,13,13,-0.3565177373545883,0.012041925718993778,0.36855966307358207
sma_200__ema_100,sma_200,ema_100,SMA/EMA,False,13,13,0.17353504263493041,0.3029626218405587,0.1294275792056283
sma_200__ema_20,sma_200,ema_20,SMA/EMA,False,13,13,-0.2633336577884733,-0.02136727397146682,0.24196638381700647
sma_200__ema_200,sma_200,ema_200,SMA/EMA,False,13,13,0.10821488703876408,0.30506779294740494,0.19685290590864085
sma_200__ema_250,sma_200,ema_250,SMA/EMA,False,13,13,0.19275481604691197,0.3073641164634764,0.11460930041656442
sma_200__ema_50,sma_200,ema_50,SMA/EMA,False,13,13,0.004830154375471659,0.1718126662426759,0.16698251186720425
sma_200__macd_12_26_9,sma_200,macd_12_26_9,SMA/MACD,False,13,13,-0.053998961237751955,0.1636626940474257,0.21766165528517767
sma_200__macd_24_52_18,sma_200,macd_24_52_18,SMA/MACD,False,13,13,-0.3118562231094378,-0.21638314565541003,0.09547307745402775
sma_200__macd_48_104_36,sma_200,macd_48_104_36,SMA/MACD,False,13,13,-0.12161246453167342,0.0019255000270069762,0.1235379645586804
sma_200__macd_6_13_5,sma_200,macd_6_13_5,SMA/MACD,False,13,13,-0.11993163133239154,0.08885704132252008,0.20878867265491163
sma_200__macd_96_208_72,sma_200,macd_96_208_72,SMA/MACD,False,13,13,0.12716915300381132,0.18444772884921884,0.05727857584540752
sma_200__sma_10,sma_200,sma_10,SMA/SMA,False,13,13,-0.33570719810723526,-0.04531899006400214,0.2903882080432331
sma_200__sma_100,sma_200,sma_100,SMA/SMA,False,13,13,-0.021218118274778815,0.0530685971137799,0.07428671538855872
sma_200__sma_20,sma_200,sma_20,SMA/SMA,False,13,13,-0.3031078394437518,0.05561315327823555,0.3587209927219874
sma_200__sma_200,sma_200,sma_200,SMA/SMA,False,13,13,0.0614431327929076,0.1705512658105357,0.1091081330176281
sma_200__sma_250,sma_200,sma_250,SMA/SMA,False,13,13,0.22382349814475724,0.31068446996447846,0.08686097181972122
sma_200__sma_50,sma_200,sma_50,SMA/SMA,False,13,13,0.01903756575933883,0.17271294868087791,0.1536753829215391
sma_20__ema_10,sma_20,ema_10,SMA/EMA,False,13,13,-0.047794741809656885,0.2563094156052095,0.30410415741486635
sma_20__ema_100,sma_20,ema_100,SMA/EMA,True,13,13,0.33163871427024283,0.4784100436687951,0.14677132939855225
sma_20__ema_20,sma_20,ema_20,SMA/EMA,False,13,13,0.0010293821895391167,0.3536244230778022,0.35259504088826304
sma_20__ema_200,sma_20,ema_200,SMA/EMA,False,13,13,0.18329761025071833,0.2707744701763812,0.08747685992566284
sma_20__ema_250,sma_20,ema_250,SMA/EMA,True,13,13,0.23075759095571138,0.33288471438220724,0.10212712342649585
sma_20__ema_50,sma_20,ema_50,SMA/EMA,False,13,13,-0.019783737295569054,0.2615150136909736,0.2812987509865426
sma_20__macd_12_26_9,sma_20,macd_12_26_9,SMA/MACD,False,13,13,-0.07563811529932589,0.18373349472576084,0.25937161002508674
sma_20__macd_24_52_18,sma_20,macd_24_52_18,SMA/MACD,False,13,13,-0.12833870589134988,0.0012344684591145683,0.12957317435046445
sma_20__macd_48_104_36,sma_20,macd_48_104_36,SMA/MACD,False,13,13,-0.009804433347840981,0.08020606322141861,0.0900104965692596
sma_20__macd_6_13_5,sma_20,macd_6_13_5,SMA/MACD,False,13,13,-0.12330101910138651,0.031913881613811985,0.1552149007151985
sma_20__macd_96_208_72,sma_20,macd_96_208_72,SMA/MACD,False,13,13,0.13154262987937884,0.16344052486618202,0.03189789498680318
sma_20__sma_10,sma_20,sma_10,SMA/SMA,False,13,13,-0.07521030439001111,0.1559458064164358,0.2311561108064469
sma_20__sma_100,sma_20,sma_100,SMA/SMA,False,13,13,0.14714152321439358,0.274722885775774,0.1275813625613804
sma_20__sma_20,sma_20,sma_20,SMA/SMA,False,13,13,0.013637716959163222,0.37104513628894653,0.3574074193297833
sma_20__sma_200,sma_20,sma_200,SMA/SMA,False,13,13,0.11579584309454591,0.18727606653126952,0.07148022343672361
sma_20__sma_250,sma_20,sma_250,SMA/SMA,False,13,13,0.21504707563981468,0.31794214117610803,0.10289506553629335
sma_20__sma_50,sma_20,sma_50,SMA/SMA,True,13,13,0.21990121019832348,0.37527794762578226,0.15537673742745878
sma_250__ema_10,sma_250,ema_10,SMA/EMA,False,13,13,-0.15368505248668776,0.10868400118833703,0.2623690536750248
sma_250__ema_100,sma_250,ema_100,SMA/EMA,True,13,13,0.28202282474931784,0.399801654516381,0.11777882976706316
sma_250__ema_20,sma_250,ema_20,SMA/EMA,False,13,13,-0.09000362200866184,0.17522089728680043,0.26522451929546226
sma_250__ema_200,sma_250,ema_200,SMA/EMA,False,13,13,0.21590378022167703,0.3026552743227669,0.08675149410108987
sma_250__ema_250,sma_250,ema_250,SMA/EMA,False,13,13,0.2153771887821716,0.2862988869932743,0.07092169821110272
sma_250__ema_50,sma_250,ema_50,SMA/EMA,False,13,13,0.051898249639798714,0.2342658224261597,0.18236757278636098
sma_250__macd_12_26_9,sma_250,macd_12_26_9,SMA/MACD,True,13,13,0.11116759619469258,0.32494845367432607,0.2137808574796335
sma_250__macd_24_52_18,sma_250,macd_24_52_18,SMA/MACD,False,13,13,-0.20414109708004743,0.0320659498669322,0.23620704694697964
sma_250__macd_48_104_36,sma_250,macd_48_104_36,SMA/MACD,False,13,13,0.0733851844923781,0.20529052846520518,0.13190534397282708
sma_250__macd_6_13_5,sma_250,macd_6_13_5,SMA/MACD,True,13,13,-0.07234707340386975,0.21506309282895936,0.2874101662328291
sma_250__macd_96_208_72,sma_250,macd_96_208_72,SMA/MACD,True,13,13,0.45143095908631264,0.5022822508483156,0.050851291762002926
sma_250__sma_10,sma_250,sma_10,SMA/SMA,False,13,13,-0.16995710173638723,0.027241394372306146,0.1971984961086934
sma_250__sma_100,sma_250,sma_100,SMA/SMA,False,13,13,0.1685090024140894,0.22136003236071988,0.05285102994663049
sma_250__sma_20,sma_250,sma_20,SMA/SMA,False,13,13,-0.11552078346378114,0.19555302537749422,0.31107380884127533
sma_250__sma_200,sma_250,sma_200,SMA/SMA,False,13,13,0.21940284642080654,0.29812845801960375,0.07872561159879721
sma_250__sma_250,sma_250,sma_250,SMA/SMA,False,13,13,0.23530299575095337,0.29806525947321916,0.06276226372226579
sma_250__sma_50,sma_250,sma_50,SMA/SMA,False,13,13,0.08699529958486796,0.2667436347212956,0.17974833513642763
sma_50__ema_10,sma_50,ema_10,SMA/EMA,False,13,13,-0.16369888648975905,0.029408518856582862,0.1931074053463419
sma_50__ema_100,sma_50,ema_100,SMA/EMA,False,13,13,0.20535337148710184,0.33775199892502794,0.1323986274379261
sma_50__ema_20,sma_50,ema_20,SMA/EMA,False,13,13,-0.05593527849271044,0.13134201196214132,0.18727729045485175
sma_50__ema_200,sma_50,ema_200,SMA/EMA,False,13,13,0.15880750908882557,0.3195626580372114,0.16075514894838583
sma_50__ema_250,sma_50,ema_250,SMA/EMA,True,13,13,0.25602463092826233,0.3815418888677061,0.1255172579394438
sma_50__ema_50,sma_50,ema_50,SMA/EMA,False,13,13,0.002844313342972932,0.25821313451319217,0.25536882117021925
sma_50__macd_12_26_9,sma_50,macd_12_26_9,SMA/MACD,False,13,13,-0.13600357762970716,0.04703847255801846,0.18304205018772562
sma_50__macd_24_52_18,sma_50,macd_24_52_18,SMA/MACD,False,13,13,-0.07164666090036245,0.02338612389065498,0.09503278479101743
sma_50__macd_48_104_36,sma_50,macd_48_104_36,SMA/MACD,False,13,13,-0.044149377216730595,0.04703914038405259,0.09118851760078318
sma_50__macd_6_13_5,sma_50,macd_6_13_5,SMA/MACD,False,13,13,-0.40486506227652985,-0.13078493334350472,0.27408012893302514
sma_50__macd_96_208_72,sma_50,macd_96_208_72,SMA/MACD,False,13,13,0.09509876851802161,0.1456139689034943,0.05051520038547268
sma_50__sma_10,sma_50,sma_10,SMA/SMA,False,13,13,-0.22944804227899032,-0.026257695663875962,0.20319034661511437
sma_50__sma_100,sma_50,sma_100,SMA/SMA,False,13,13,0.09972782951429088,0.247790176533532,0.14806234701924112
sma_50__sma_20,sma_50,sma_20,SMA/SMA,False,13,13,-0.12305842047503104,0.2593123638451282,0.38237078432015925
sma_50__sma_200,sma_50,sma_200,SMA/SMA,False,13,13,0.09625919278753316,0.21294208023970257,0.11668288745216941
sma_50__sma_250,sma_50,sma_250,SMA/SMA,False,13,13,0.23955295251565004,0.3335069605700108,0.09395400805436074
sma_50__sma_50,sma_50,sma_50,SMA/SMA,True,13,13,0.1652563699705109,0.3391428535335872,0.1738864835630763
