candidate_id,family,period,indicator_units,entry_threshold,exit_threshold,confirmation_hours,entry_confirmation_hours,exit_confirmation_hours,entry_required_checks,exit_required_checks,cash_excess_sharpe,cagr,max_drawdown,annualized_volatility,exposure_fraction,total_turnover,annualized_turnover,trade_count,trades_per_year,order_count,average_holding_hours,total_commission,total_slippage,cost_drag_return,terminal_equity,gross_terminal_equity,cash_terminal_equity,total_return,scored_sessions,start_session,end_session,sampling_minutes,commission_bps,slippage_bps,unknown_missing_slots,halt_affected_slots,cancelled_blackout_order_count,cancelled_terminal_order_count,post_gap_confirmed_buy_count,post_gap_confirmed_sell_count,post_gap_confirmed_signal_count,has_post_gap_confirmed_signal,scenario_slippage_bps,BH_cash_excess_sharpe,Sharpe_difference_vs_BH,beats_BH_Sharpe
mr_30m__sma_distance_10__entry_m0p02__exit_0__shared_hours_3,SMA_DISTANCE,10,daily_sessions,-0.02,0.0,3.0,3.0,3.0,7,7,0.1859034062225869,0.0485317473954916,-0.47520221020529607,0.2003482784540575,0.2582322626850799,193.96121260612142,17.635857348234428,97,8.819692039421444,194,256.4845360824742,23.547758556156328,70.64331746625726,0.13588764837403824,1684.064276276627,1819.9519246506652,1390.862472038107,0.6840642762766269,2767,2001-01-02,2011-12-30,30,1.0,3.0,14,0,0,0,0,0,0,False,3.0,0.04332982424247732,0.14257358198010955,True
mr_30m__sma_distance_10__entry_m0p02__exit_0p01__shared_hours_3,SMA_DISTANCE,10,daily_sessions,-0.02,0.01,3.0,3.0,3.0,7,7,0.07641338736122012,0.023509130399395284,-0.48658542954480843,0.21710661953900642,0.3179716327515608,163.9672106567212,14.908662912940443,82,7.455822136418129,164,373.5914634146341,18.545362073368427,55.63609470274852,0.08754200778541758,1291.1893196333963,1378.7313274188139,1390.862472038107,0.29118931963339634,2767,2001-01-02,2011-12-30,30,1.0,3.0,14,0,0,0,0,0,0,False,3.0,0.04332982424247732,0.033083563118742804,True
mr_30m__sma_distance_10__entry_m0p04__exit_0__shared_hours_3,SMA_DISTANCE,10,daily_sessions,-0.04,0.0,3.0,3.0,3.0,7,7,0.25852133296383056,0.061596755707118866,-0.2794488225459031,0.17075134146490886,0.11846154644579032,83.98320545832058,7.636144418823151,42,3.8188357284092853,84,271.73809523809524,11.640162230635875,34.92053560930858,0.06594203970166358,1929.7742740038932,1995.7163137055568,1390.862472038107,0.9297742740038932,2767,2001-01-02,2011-12-30,30,1.0,3.0,14,0,0,0,1,0,1,True,3.0,0.04332982424247732,0.21519150872135323,True
mr_30m__sma_distance_10__entry_m0p04__exit_0p01__shared_hours_3,SMA_DISTANCE,10,daily_sessions,-0.04,0.01,3.0,3.0,3.0,7,7,0.054846295345595694,0.02318286926609736,-0.40185450728625616,0.18766614337759147,0.14401075319040724,71.98560467856049,6.545266644705557,36,3.2732877672079588,72,385.40277777777777,8.694405899799873,26.08321409658133,0.03759485928135132,1286.6698246980463,1324.2646839793977,1390.862472038107,0.28666982469804636,2767,2001-01-02,2011-12-30,30,1.0,3.0,14,0,0,0,1,0,1,True,3.0,0.04332982424247732,0.011516471103118375,True
mr_30m__sma_distance_10__entry_m0p06__exit_0__shared_hours_3,SMA_DISTANCE,10,daily_sessions,-0.06,0.0,3.0,3.0,3.0,7,7,0.4013016587820588,0.08015231340362261,-0.201352114642097,0.14199803487243678,0.04946882768427553,39.99200259920025,3.6362592470586406,20,1.8184932040044215,40,238.3,6.166853505190211,18.500632844098003,0.03765918452007327,2334.919597360518,2372.578781880591,1390.862472038107,1.3349195973605177,2767,2001-01-02,2011-12-30,30,1.0,3.0,14,0,0,0,0,0,0,False,3.0,0.04332982424247732,0.3579718345395815,True
mr_30m__sma_distance_10__entry_m0p06__exit_0p01__shared_hours_3,SMA_DISTANCE,10,daily_sessions,-0.06,0.01,3.0,3.0,3.0,7,7,0.22544551777302854,0.05447852846335621,-0.284205442740442,0.1536009430623582,0.05613767405170043,33.9932022093202,3.0908203599998436,17,1.5457192234037582,34,318.1470588235294,4.647138025532214,13.941442933150197,0.024539585659079648,1792.1392749750214,1816.678860634101,1390.862472038107,0.7921392749750213,2767,2001-01-02,2011-12-30,30,1.0,3.0,14,0,0,0,0,0,0,False,3.0,0.04332982424247732,0.18211569353055124,True
mr_30m__sma_distance_20__entry_m0p02__exit_0__shared_hours_3,SMA_DISTANCE,20,daily_sessions,-0.02,0.0,3.0,3.0,3.0,7,7,-0.27103733534430424,-0.05302606076963212,-0.6570853217903594,0.2219168079967734,0.31337869186815925,113.97720740772081,10.363338854117135,57,5.182705631412602,114,529.6842105263158,7.313174138495989,21.939471851213334,0.025625199996529773,549.2408995521738,574.8660995487036,1390.862472038107,-0.4507591004478262,2767,2001-01-02,2011-12-30,30,1.0,3.0,14,0,0,0,0,0,0,False,3.0,0.04332982424247732,-0.3143671595867816,False
mr_30m__sma_distance_20__entry_m0p02__exit_0p01__shared_hours_3,SMA_DISTANCE,20,daily_sessions,-0.02,0.01,3.0,3.0,3.0,7,7,-0.1893799176318238,-0.03793184528633986,-0.6296577004983224,0.22747763939122667,0.34823314494491064,103.97920675792074,9.454274042352473,52,4.728082330411496,104,645.1923076923077,7.35388811774332,22.061622416536633,0.02776219798898978,653.5756535279811,681.3378515169709,1390.862472038107,-0.3464243464720189,2767,2001-01-02,2011-12-30,30,1.0,3.0,14,0,0,0,0,0,0,False,3.0,0.04332982424247732,-0.2327097418743011,False
mr_30m__sma_distance_20__entry_m0p04__exit_0__shared_hours_3,SMA_DISTANCE,20,daily_sessions,-0.04,0.0,3.0,3.0,3.0,7,7,-0.15211918016981246,-0.022876933554552892,-0.6070452671059174,0.20833830116342503,0.20675499644501186,67.98640441864046,6.181640719999693,34,3.0914384468075164,68,585.8676470588235,4.690792656700619,14.07234426619959,0.02137713793513626,775.2840557355748,796.6611936707111,1390.862472038107,-0.2247159442644252,2767,2001-01-02,2011-12-30,30,1.0,3.0,14,0,0,0,0,0,0,False,3.0,0.04332982424247732,-0.1954490044122898,False
mr_30m__sma_distance_20__entry_m0p04__exit_0p01__shared_hours_3,SMA_DISTANCE,20,daily_sessions,-0.04,0.01,3.0,3.0,3.0,7,7,-0.10190721766047799,-0.014097028592287564,-0.5860364534631988,0.2131919829556844,0.2277112623062272,65.98680428868045,5.99982775764676,33,3.0005137866072955,66,664.8030303030303,4.87471176347346,14.624107947713153,0.022884255118096348,855.4360423751277,878.3202974932241,1390.862472038107,-0.14456395762487229,2767,2001-01-02,2011-12-30,30,1.0,3.0,14,0,0,0,0,0,0,False,3.0,0.04332982424247732,-0.1452370419029553,False
mr_30m__sma_distance_20__entry_m0p06__exit_0__shared_hours_3,SMA_DISTANCE,20,daily_sessions,-0.06,0.0,3.0,3.0,3.0,7,7,-0.23391438385560492,-0.03322810227192208,-0.5718335634277387,0.19366089493218194,0.12821311245698983,33.9932022093202,3.0908203599998436,17,1.5457192234037582,34,726.6176470588235,2.5454185266309337,7.636211227290733,0.009442506810084182,689.5914031984677,699.0339100085519,1390.862472038107,-0.3104085968015323,2767,2001-01-02,2011-12-30,30,1.0,3.0,14,0,0,0,0,0,0,False,3.0,0.04332982424247732,-0.27724420809808226,False
mr_30m__sma_distance_20__entry_m0p06__exit_0p01__shared_hours_3,SMA_DISTANCE,20,daily_sessions,-0.06,0.01,3.0,3.0,3.0,7,7,-0.19382020665320074,-0.02754133758298205,-0.5484256875135183,0.19855168806811685,0.1428586256467743,33.9932022093202,3.0908203599998436,17,1.5457192234037582,34,809.6176470588235,2.676050989462376,8.028111931310098,0.01007165765608329,735.5386313503262,745.6102890064095,1390.862472038107,-0.26446136864967373,2767,2001-01-02,2011-12-30,30,1.0,3.0,14,0,0,0,0,0,0,False,3.0,0.04332982424247732,-0.23715003089567804,False
mr_30m__sma_distance_50__entry_m0p02__exit_0__shared_hours_3,SMA_DISTANCE,50,daily_sessions,-0.02,0.0,3.0,3.0,3.0,7,7,-0.15581119755023295,-0.03387557766161575,-0.6973187628679743,0.2364324666331744,0.3573775086020333,77.98440506844054,7.090705531764354,39,3.546061747808622,78,882.8461538461538,4.854993790937511,14.56494340877293,0.02169397179589839,684.5290101339033,706.2229819298017,1390.862472038107,-0.3154709898660967,2767,2001-01-02,2011-12-30,30,1.0,3.0,14,0,0,0,0,0,0,False,3.0,0.04332982424247732,-0.19914102179271026,False
mr_30m__sma_distance_50__entry_m0p02__exit_0p01__shared_hours_3,SMA_DISTANCE,50,daily_sessions,-0.02,0.01,3.0,3.0,3.0,7,7,-0.09159976323101003,-0.019690845833344683,-0.6840217603359431,0.23812006911760242,0.3908930026415897,69.98600454860048,6.363453682352625,35,3.182363107007738,70,1076.0,4.690006535716981,14.06999220581309,0.02281719524901814,803.5444531114166,826.3616483604347,1390.862472038107,-0.19645554688858335,2767,2001-01-02,2011-12-30,30,1.0,3.0,14,0,0,0,0,0,0,False,3.0,0.04332982424247732,-0.13492958747348735,False
mr_30m__sma_distance_50__entry_m0p04__exit_0__shared_hours_3,SMA_DISTANCE,50,daily_sessions,-0.04,0.0,3.0,3.0,3.0,7,7,-0.049597858075647906,-0.007040160960351538,-0.6090352581804993,0.22823248458806253,0.29136890397380205,53.989203508920355,4.908949983529166,27,2.454965825405969,54,1039.6851851851852,4.127922083507517,12.383745718915385,0.02020258219383004,925.2397826419403,945.4423648357704,1390.862472038107,-0.07476021735805971,2767,2001-01-02,2011-12-30,30,1.0,3.0,14,0,0,0,0,0,0,False,3.0,0.04332982424247732,-0.09292768231812523,False
mr_30m__sma_distance_50__entry_m0p04__exit_0p01__shared_hours_3,SMA_DISTANCE,50,daily_sessions,-0.04,0.01,3.0,3.0,3.0,7,7,-0.01919253141993493,-0.0005811418909763555,-0.6050593941753917,0.22989896611081617,0.3225645736349624,49.990003249000324,4.545324058823302,25,2.273116505005527,50,1243.08,3.9015586170363914,11.70466193630989,0.020072598768533113,993.6270697334519,1013.699668501985,1390.862472038107,-0.00637293026654806,2767,2001-01-02,2011-12-30,30,1.0,3.0,14,0,0,0,0,0,0,False,3.0,0.04332982424247732,-0.06252235566241225,False
mr_30m__sma_distance_50__entry_m0p06__exit_0__shared_hours_3,SMA_DISTANCE,50,daily_sessions,-0.06,0.0,3.0,3.0,3.0,7,7,-0.07941612215485047,-0.011374152203551868,-0.5639460777019888,0.22025133758852927,0.23045145754513796,33.9932022093202,3.0908203599998436,17,1.5457192234037582,34,1306.0294117647059,2.8738636220726175,8.621562668176095,0.012074145259452053,881.781389133927,893.855534393379,1390.862472038107,-0.1182186108660731,2767,2001-01-02,2011-12-30,30,1.0,3.0,14,0,0,0,0,0,0,False,3.0,0.04332982424247732,-0.12274594639732779,False
mr_30m__sma_distance_50__entry_m0p06__exit_0p01__shared_hours_3,SMA_DISTANCE,50,daily_sessions,-0.06,0.01,3.0,3.0,3.0,7,7,-0.03187798901529047,-0.001032565533854335,-0.5595116852657736,0.22031333952150928,0.23834508814813662,33.9932022093202,3.0908203599998436,17,1.5457192234037582,34,1350.764705882353,3.00645253216123,9.019338139455723,0.013538200820697397,988.7021623078414,1002.2403631285388,1390.862472038107,-0.011297837692158641,2767,2001-01-02,2011-12-30,30,1.0,3.0,14,0,0,0,0,0,0,False,3.0,0.04332982424247732,-0.07520781325776779,False
mr_30m__ema_distance_10__entry_m0p02__exit_0__shared_hours_3,EMA_DISTANCE,10,daily_sessions,-0.02,0.0,3.0,3.0,3.0,7,7,-0.04338970908665407,0.0001267833283453701,-0.46463095023963474,0.20587149134996155,0.23519490157613124,155.96881013688113,14.181411063528714,78,7.092123495617244,156,290.5064102564103,14.007116943557294,42.021334957648534,0.06447785448978277,1001.3952618965401,1065.8731163863229,1390.862472038107,0.0013952618965400454,2767,2001-01-02,2011-12-30,30,1.0,3.0,14,0,0,0,0,0,0,False,3.0,0.04332982424247732,-0.08671953332913139,False
mr_30m__ema_distance_10__entry_m0p02__exit_0p01__shared_hours_3,EMA_DISTANCE,10,daily_sessions,-0.02,0.01,3.0,3.0,3.0,7,7,-0.06981175726535103,-0.008876171914371511,-0.5423659642987602,0.21863638121924528,0.28979121580594436,121.97560792756087,11.090590703528864,61,5.546404272213485,122,457.6967213114754,9.949075284022157,29.847202830140212,0.04533922523938088,906.5972223180415,951.9364475574224,1390.862472038107,-0.09340277768195848,2767,2001-01-02,2011-12-30,30,1.0,3.0,14,0,0,0,0,0,0,False,3.0,0.04332982424247732,-0.11314158150782835,False
mr_30m__ema_distance_10__entry_m0p04__exit_0__shared_hours_3,EMA_DISTANCE,10,daily_sessions,-0.04,0.0,3.0,3.0,3.0,7,7,0.14361424854912921,0.04088368293890898,-0.3371031974154811,0.17393588253884393,0.09794641049992994,61.987604028760416,5.636201832940896,31,2.8186644662068536,62,304.4032258064516,7.19577457074568,21.587343577256693,0.039015708669458034,1553.7867998484378,1592.8025085178958,1390.862472038107,0.5537867998484378,2767,2001-01-02,2011-12-30,30,1.0,3.0,14,0,0,0,1,0,1,True,3.0,0.04332982424247732,0.1002844243066519,True
mr_30m__ema_distance_10__entry_m0p04__exit_0p01__shared_hours_3,EMA_DISTANCE,10,daily_sessions,-0.04,0.01,3.0,3.0,3.0,7,7,-0.035646289124904744,0.00569834410122394,-0.4887208460377993,0.18881980153661657,0.13077166596604856,49.990003249000324,4.545324058823302,25,2.273116505005527,50,503.96,4.572045804456349,13.716121739129676,0.021504068085219614,1064.4871850060224,1085.991253091242,1390.862472038107,0.06448718500602246,2767,2001-01-02,2011-12-30,30,1.0,3.0,14,0,0,0,0,0,0,False,3.0,0.04332982424247732,-0.07897611336738206,False
mr_30m__ema_distance_10__entry_m0p06__exit_0__shared_hours_3,EMA_DISTANCE,10,daily_sessions,-0.06,0.0,3.0,3.0,3.0,7,7,0.2975722901811531,0.06366633738311789,-0.2509648138142615,0.13787911279101178,0.036188222350236394,23.995201559520144,2.181755548235184,12,1.0910959224026529,24,290.5416666666667,3.391446822131211,10.17438333473352,0.019018076940774335,1971.5558110740908,1990.5738880148651,1390.862472038107,0.9715558110740907,2767,2001-01-02,2011-12-30,30,1.0,3.0,14,0,0,0,0,0,0,False,3.0,0.04332982424247732,0.2542424659386758,True
mr_30m__ema_distance_10__entry_m0p06__exit_0p01__shared_hours_3,EMA_DISTANCE,10,daily_sessions,-0.06,0.01,3.0,3.0,3.0,7,7,0.11810838682709895,0.037472299716091007,-0.4169520547945206,0.14663383490251342,0.05183017017235205,19.99600129960012,1.81812962352932,10,0.9092466020022107,20,499.35,2.3596986779569447,7.079106815851258,0.012037598397572992,1498.6889904486864,1510.7265888462593,1390.862472038107,0.4986889904486864,2767,2001-01-02,2011-12-30,30,1.0,3.0,14,0,0,0,0,0,0,False,3.0,0.04332982424247732,0.07477856258462164,True
mr_30m__ema_distance_20__entry_m0p02__exit_0__shared_hours_3,EMA_DISTANCE,20,daily_sessions,-0.02,0.0,3.0,3.0,3.0,7,7,-0.2693489243428432,-0.05270311706437336,-0.6914445822719145,0.22198632451243294,0.2906060087084235,113.97720740772081,10.363338854117135,57,5.182705631412602,114,491.1929824561403,6.728169329894593,20.184458147741775,0.025721475298789643,551.3044281734221,577.0259034722118,1390.862472038107,-0.4486955718265778,2767,2001-01-02,2011-12-30,30,1.0,3.0,14,0,0,0,0,0,0,False,3.0,0.04332982424247732,-0.3126787485853205,False
mr_30m__ema_distance_20__entry_m0p02__exit_0p01__shared_hours_3,EMA_DISTANCE,20,daily_sessions,-0.02,0.01,3.0,3.0,3.0,7,7,-0.22756250565097852,-0.0460608963634862,-0.6958800645052815,0.2270394890163408,0.33506152464878275,95.98080623808067,8.727022192940744,48,4.364383689610611,96,672.5208333333334,5.543790423741348,16.631325922780828,0.023305697957221923,595.3409308978335,618.6466288550554,1390.862472038107,-0.40465906910216654,2767,2001-01-02,2011-12-30,30,1.0,3.0,14,0,0,0,0,0,0,False,3.0,0.04332982424247732,-0.27089232989345585,False
mr_30m__ema_distance_20__entry_m0p04__exit_0__shared_hours_3,EMA_DISTANCE,20,daily_sessions,-0.04,0.0,3.0,3.0,3.0,7,7,-0.07020777470843306,-0.005652355192572789,-0.5294216806637855,0.2068086588157432,0.1884403203122162,61.987604028760416,5.636201832940896,31,2.8186644662068536,62,585.6451612903226,5.024586959209236,15.073738340837831,0.02359247222998738,939.5618630778126,963.1543353078,1390.862472038107,-0.06043813692218736,2767,2001-01-02,2011-12-30,30,1.0,3.0,14,0,0,0,0,0,0,False,3.0,0.04332982424247732,-0.11353759895091038,False
mr_30m__ema_distance_20__entry_m0p04__exit_0p01__shared_hours_3,EMA_DISTANCE,20,daily_sessions,-0.04,0.01,3.0,3.0,3.0,7,7,-0.16746475196038585,-0.027144456846357246,-0.6164405637243948,0.21150706840785857,0.21483026877786254,51.98960337896034,4.727137021176234,26,2.364041165205748,52,796.0576923076923,3.593287706282972,10.77982622158484,0.015528956872331832,738.8468858244964,754.3758426968283,1390.862472038107,-0.2611531141755036,2767,2001-01-02,2011-12-30,30,1.0,3.0,14,0,0,0,0,0,0,False,3.0,0.04332982424247732,-0.21079457620286318,False
mr_30m__ema_distance_20__entry_m0p06__exit_0__shared_hours_3,EMA_DISTANCE,20,daily_sessions,-0.06,0.0,3.0,3.0,3.0,7,7,-0.10185370218605204,-0.0068318736426343785,-0.45354421455149074,0.18896631945526557,0.10910440247655524,29.99400194940018,2.72719443529398,15,1.3638699030033161,30,700.7666666666667,2.5815115137941143,7.744506144555471,0.011195557979223053,927.3765597082908,938.5721176875138,1390.862472038107,-0.0726234402917092,2767,2001-01-02,2011-12-30,30,1.0,3.0,14,0,0,0,0,0,0,False,3.0,0.04332982424247732,-0.14518352642852936,False
mr_30m__ema_distance_20__entry_m0p06__exit_0p01__shared_hours_3,EMA_DISTANCE,20,daily_sessions,-0.06,0.01,3.0,3.0,3.0,7,7,-0.1433700196357142,-0.015477910950820073,-0.49535422506328575,0.19169500098695547,0.1181034527497963,27.994401819440167,2.545381472941048,14,1.2729452428030952,28,812.75,2.318224705789856,6.954640533959338,0.009487356546244427,842.3505627242585,851.8379192705029,1390.862472038107,-0.15764943727574154,2767,2001-01-02,2011-12-30,30,1.0,3.0,14,0,0,0,0,0,0,False,3.0,0.04332982424247732,-0.1866998438781915,False
mr_30m__ema_distance_50__entry_m0p02__exit_0__shared_hours_3,EMA_DISTANCE,50,daily_sessions,-0.02,0.0,3.0,3.0,3.0,7,7,-0.016253116997096386,-0.0019669163016388103,-0.6183719310524809,0.23827251379478817,0.3426178206106276,95.98080623808067,8.727022192940744,48,4.364383689610611,96,687.6875,8.077969264127749,24.233893260987063,0.03830824877222176,978.5790808324282,1016.88732960465,1390.862472038107,-0.021420919167571828,2767,2001-01-02,2011-12-30,30,1.0,3.0,14,0,0,0,0,0,0,False,3.0,0.04332982424247732,-0.05958294123957371,False
mr_30m__ema_distance_50__entry_m0p02__exit_0p01__shared_hours_3,EMA_DISTANCE,50,daily_sessions,-0.02,0.01,3.0,3.0,3.0,7,7,0.020206081067113725,0.006234281371297223,-0.5932836539799982,0.24036733901786692,0.373548812322575,79.98400519840055,7.2725184941172865,40,3.636986408008843,80,899.725,7.088682769706885,21.266041933868316,0.034817881866764086,1070.7426881175732,1105.5605699843372,1390.862472038107,0.07074268811757323,2767,2001-01-02,2011-12-30,30,1.0,3.0,14,0,0,0,0,0,0,False,3.0,0.04332982424247732,-0.023123743175363594,False
mr_30m__ema_distance_50__entry_m0p04__exit_0__shared_hours_3,EMA_DISTANCE,50,daily_sessions,-0.04,0.0,3.0,3.0,3.0,7,7,0.009407237280844596,0.006787957251041199,-0.589728996154135,0.22649801035081515,0.26091018075947003,55.98880363888037,5.090762945882099,28,2.5458904856061904,56,897.75,4.694635476956958,14.08389762904902,0.024402470994938086,1077.2403165421135,1101.6427875370516,1390.862472038107,0.07724031654211361,2767,2001-01-02,2011-12-30,30,1.0,3.0,14,0,0,0,0,0,0,False,3.0,0.04332982424247732,-0.03392258696163272,False
mr_30m__ema_distance_50__entry_m0p04__exit_0p01__shared_hours_3,EMA_DISTANCE,50,daily_sessions,-0.04,0.01,3.0,3.0,3.0,7,7,0.07423485036998957,0.02135708763098232,-0.5466775304474688,0.22822161121622558,0.28277465526994555,51.98960337896034,4.727137021176234,26,2.364041165205748,52,1047.826923076923,4.813978885582857,14.441943267650107,0.026516990135753305,1261.642732626281,1288.1597227620343,1390.862472038107,0.2616427326262811,2767,2001-01-02,2011-12-30,30,1.0,3.0,14,0,0,0,0,0,0,False,3.0,0.04332982424247732,0.030905026127512253,True
mr_30m__ema_distance_50__entry_m0p06__exit_0__shared_hours_3,EMA_DISTANCE,50,daily_sessions,-0.06,0.0,3.0,3.0,3.0,7,7,-0.09178160097890287,-0.013093223133951781,-0.6156695470123843,0.21709390755809482,0.2001588067695278,31.99360207936019,2.9090073976469117,16,1.4547945632035373,32,1205.25,2.601161748515272,7.8034557711910635,0.011143988458018499,865.0639706277692,876.2079590857877,1390.862472038107,-0.13493602937223081,2767,2001-01-02,2011-12-30,30,1.0,3.0,14,0,0,0,0,0,0,False,3.0,0.04332982424247732,-0.1351114252213802,False
mr_30m__ema_distance_50__entry_m0p06__exit_0p01__shared_hours_3,EMA_DISTANCE,50,daily_sessions,-0.06,0.01,3.0,3.0,3.0,7,7,-0.02070969768492403,0.0020126816818946125,-0.5704420197217739,0.21786337903464756,0.21474723255850162,31.99360207936019,2.9090073976469117,16,1.4547945632035373,32,1293.09375,2.839857686295289,8.51955606506682,0.013170315643651634,1022.359776127647,1035.5300917712987,1390.862472038107,0.022359776127647057,2767,2001-01-02,2011-12-30,30,1.0,3.0,14,0,0,0,0,0,0,False,3.0,0.04332982424247732,-0.06403952192740135,False
mr_30m__zscore_10__entry_m1p5__exit_m0p5__shared_hours_3,ZSCORE,10,daily_sessions,-1.5,-0.5,3.0,3.0,3.0,7,7,0.1861284298650097,0.04826204860962835,-0.31071334237254955,0.16495075682464497,0.20530186260619554,221.95561442556163,20.18123882117548,111,10.09263728222454,222,178.1936936936937,30.804530843956442,92.4136308432714,0.1559438559999521,1679.3063684564186,1835.2502244563707,1390.862472038107,0.6793063684564187,2767,2001-01-02,2011-12-30,30,1.0,3.0,14,0,0,0,0,0,0,False,3.0,0.04332982424247732,0.14279860562253238,True
mr_30m__zscore_10__entry_m1p5__exit_0__shared_hours_3,ZSCORE,10,daily_sessions,-1.5,0.0,3.0,3.0,3.0,7,7,0.14963000944189195,0.0418086550252974,-0.375460080720981,0.17404022711355585,0.2521965674902822,191.9616124761614,17.454044385881495,96,8.728767379221223,192,253.09895833333334,23.433206090307145,70.29965055606631,0.125250345626323,1569.040187917511,1694.290533543834,1390.862472038107,0.5690401879175111,2767,2001-01-02,2011-12-30,30,1.0,3.0,14,0,0,0,0,0,0,False,3.0,0.04332982424247732,0.10630018519941463,True
mr_30m__zscore_10__entry_m1p5__exit_0p5__shared_hours_3,ZSCORE,10,daily_sessions,-1.5,0.5,3.0,3.0,3.0,7,7,-0.08762477017913949,-0.00815156563504138,-0.4508580719633717,0.20275168270459895,0.31252238085599965,167.96641091664122,15.272288837646308,84,7.637671456818571,168,358.44642857142856,13.194638547154463,39.58389639138576,0.06352554808759578,913.9135762700503,977.439124357646,1390.862472038107,-0.08608642372994968,2767,2001-01-02,2011-12-30,30,1.0,3.0,14,0,0,0,0,0,0,False,3.0,0.04332982424247732,-0.1309545944216168,False
mr_30m__zscore_10__entry_m2__exit_m0p5__shared_hours_3,ZSCORE,10,daily_sessions,-2.0,-0.5,3.0,3.0,3.0,7,7,-0.035547270419763174,0.025934846414084944,-0.1374317953588846,0.06487079705697572,0.05057943711822801,49.990003249000324,4.545324058823302,25,2.273116505005527,50,194.92,5.608303761145689,16.82491209789696,0.026771754653284914,1325.2464433991668,1352.0181980524517,1390.862472038107,0.32524644339916686,2767,2001-01-02,2011-12-30,30,1.0,3.0,14,0,0,0,0,0,0,False,3.0,0.04332982424247732,-0.0788770946622405,False
mr_30m__zscore_10__entry_m2__exit_0__shared_hours_3,ZSCORE,10,daily_sessions,-2.0,0.0,3.0,3.0,3.0,7,7,0.15372635972604995,0.03912823945451582,-0.10716893772173819,0.07095937070369215,0.0665898581637578,49.990003249000324,4.545324058823302,25,2.273116505005527,50,256.62,6.093401380568209,18.28022191436815,0.030811256760462584,1525.2085254494311,1556.0197822098937,1390.862472038107,0.5252085254494312,2767,2001-01-02,2011-12-30,30,1.0,3.0,14,0,0,0,0,0,0,False,3.0,0.04332982424247732,0.11039653548357263,True
mr_30m__zscore_10__entry_m2__exit_0p5__shared_hours_3,ZSCORE,10,daily_sessions,-2.0,0.5,3.0,3.0,3.0,7,7,-0.08287503855455373,0.015426682535202518,-0.3421745883669459,0.10785042626821478,0.08982962005739879,49.990003249000324,4.545324058823302,25,2.273116505005527,50,346.18,5.331687792666443,15.99505288848178,0.023905726671855518,1183.3732849802968,1207.2790116521523,1390.862472038107,0.18337328498029692,2767,2001-01-02,2011-12-30,30,1.0,3.0,14,0,0,0,0,0,0,False,3.0,0.04332982424247732,-0.12620486279703105,False
mr_30m__zscore_10__entry_m2p5__exit_m0p5__shared_hours_3,ZSCORE,10,daily_sessions,-2.5,-0.5,3.0,3.0,3.0,7,7,,0.030452711148542644,0.0,0.0011514930333371037,0.0,0.0,0.0,0,0.0,0,0.0,0.0,0.0,0.0,1390.862472038107,1390.862472038107,1390.862472038107,0.39086247203810687,2767,2001-01-02,2011-12-30,30,1.0,3.0,14,0,0,0,0,0,0,False,3.0,0.04332982424247732,,False
mr_30m__zscore_10__entry_m2p5__exit_0__shared_hours_3,ZSCORE,10,daily_sessions,-2.5,0.0,3.0,3.0,3.0,7,7,,0.030452711148542644,0.0,0.0011514930333371037,0.0,0.0,0.0,0,0.0,0,0.0,0.0,0.0,0.0,1390.862472038107,1390.862472038107,1390.862472038107,0.39086247203810687,2767,2001-01-02,2011-12-30,30,1.0,3.0,14,0,0,0,0,0,0,False,3.0,0.04332982424247732,,False
mr_30m__zscore_10__entry_m2p5__exit_0p5__shared_hours_3,ZSCORE,10,daily_sessions,-2.5,0.5,3.0,3.0,3.0,7,7,,0.030452711148542644,0.0,0.0011514930333371037,0.0,0.0,0.0,0,0.0,0,0.0,0.0,0.0,0.0,1390.862472038107,1390.862472038107,1390.862472038107,0.39086247203810687,2767,2001-01-02,2011-12-30,30,1.0,3.0,14,0,0,0,0,0,0,False,3.0,0.04332982424247732,,False
mr_30m__zscore_20__entry_m1p5__exit_m0p5__shared_hours_3,ZSCORE,20,daily_sessions,-1.5,-0.5,3.0,3.0,3.0,7,7,-0.10654389052883952,-0.010559053264943996,-0.5143977764991742,0.19854927309848092,0.23411024096072905,129.97400844740093,11.817842552940593,65,5.91010291301437,130,347.0,11.205294521230858,33.6158580321794,0.04749427840538567,889.8101465517711,937.3044249571568,1390.862472038107,-0.11018985344822885,2767,2001-01-02,2011-12-30,30,1.0,3.0,14,0,0,0,0,0,0,False,3.0,0.04332982424247732,-0.14987371477131683,False
mr_30m__zscore_20__entry_m1p5__exit_0__shared_hours_3,ZSCORE,20,daily_sessions,-1.5,0.0,3.0,3.0,3.0,7,7,-0.19367459142493776,-0.03343266151589652,-0.6113335381887777,0.21382033651383905,0.28797479850742397,103.97920675792074,9.454274042352473,52,4.728082330411496,104,533.5480769230769,7.570307314207366,22.710881509901615,0.029223960363964692,687.9883574468136,717.2123178107782,1390.862472038107,-0.3120116425531865,2767,2001-01-02,2011-12-30,30,1.0,3.0,14,0,0,0,0,0,0,False,3.0,0.04332982424247732,-0.2370044156674151,False
mr_30m__zscore_20__entry_m1p5__exit_0p5__shared_hours_3,ZSCORE,20,daily_sessions,-1.5,0.5,3.0,3.0,3.0,7,7,-0.09663040733048993,-0.01504643500882652,-0.5730296820235143,0.2198479341561994,0.32707447829900305,99.9800064980007,9.090648117646609,50,4.546233010011054,100,630.23,7.806738636045871,23.420189489523004,0.03454304088199808,846.4196218611128,880.9626627431109,1390.862472038107,-0.15358037813888725,2767,2001-01-02,2011-12-30,30,1.0,3.0,14,0,0,0,0,0,0,False,3.0,0.04332982424247732,-0.13996023157296725,False
mr_30m__zscore_20__entry_m2__exit_m0p5__shared_hours_3,ZSCORE,20,daily_sessions,-2.0,-0.5,3.0,3.0,3.0,7,7,-0.3398882725087575,-0.035941164524803115,-0.5128311872106328,0.159161750536447,0.12852449827959334,55.98880363888037,5.090762945882099,28,2.5458904856061904,56,442.23214285714283,3.8549480253583703,11.564798096816421,0.015145725448629946,668.603850811642,683.749576260272,1390.862472038107,-0.331396149188358,2767,2001-01-02,2011-12-30,30,1.0,3.0,14,0,0,0,0,0,0,False,3.0,0.04332982424247732,-0.38321809675123486,False
mr_30m__zscore_20__entry_m2__exit_0__shared_hours_3,ZSCORE,20,daily_sessions,-2.0,0.0,3.0,3.0,3.0,7,7,-0.24911268775848805,-0.026916547797259494,-0.4818220076078873,0.17150976335651955,0.16908769143740884,55.98880363888037,5.090762945882099,28,2.5458904856061904,56,581.8035714285714,4.11142942729185,12.334248592859913,0.016780097725061068,740.7527618294247,757.5328595544858,1390.862472038107,-0.25924723817057527,2767,2001-01-02,2011-12-30,30,1.0,3.0,14,0,0,0,0,0,0,False,3.0,0.04332982424247732,-0.2924425120009654,False
mr_30m__zscore_20__entry_m2__exit_0p5__shared_hours_3,ZSCORE,20,daily_sessions,-2.0,0.5,3.0,3.0,3.0,7,7,-0.1574366051716104,-0.01304004067419573,-0.4605683584300079,0.17619739864925366,0.1950572690425405,53.989203508920355,4.908949983529166,27,2.454965825405969,54,696.0185185185185,4.419766580285772,13.25927000044723,0.018899842878701407,865.5768034629689,884.4766463416703,1390.862472038107,-0.13442319653703116,2767,2001-01-02,2011-12-30,30,1.0,3.0,14,0,0,0,0,0,0,False,3.0,0.04332982424247732,-0.20076642941408773,False
mr_30m__zscore_20__entry_m2p5__exit_m0p5__shared_hours_3,ZSCORE,20,daily_sessions,-2.5,-0.5,3.0,3.0,3.0,7,7,-0.1615051932389124,0.01010348607529643,-0.3415505105093355,0.095625137414979,0.04023623804408185,15.996801039680095,1.4545036988234559,8,0.7273972816017686,16,484.5625,1.7399834260485054,5.219930557247875,0.007171117090530743,1116.9052853024498,1124.0764023929805,1390.862472038107,0.1169052853024497,2767,2001-01-02,2011-12-30,30,1.0,3.0,14,0,0,0,0,0,0,False,3.0,0.04332982424247732,-0.20483501748138971,False
mr_30m__zscore_20__entry_m2p5__exit_0__shared_hours_3,ZSCORE,20,daily_sessions,-2.5,0.0,3.0,3.0,3.0,7,7,-0.1485391050561134,0.010273572618573201,-0.3415505105093355,0.0999792475459712,0.053625828416032216,15.996801039680095,1.4545036988234559,8,0.7273972816017686,16,645.8125,1.73996786716676,5.219884541510886,0.007184408615725488,1118.9754473873,1126.1598560030254,1390.862472038107,0.11897544738729993,2767,2001-01-02,2011-12-30,30,1.0,3.0,14,0,0,0,0,0,0,False,3.0,0.04332982424247732,-0.19186892929859073,False
mr_30m__zscore_20__entry_m2p5__exit_0p5__shared_hours_3,ZSCORE,20,daily_sessions,-2.5,0.5,3.0,3.0,3.0,7,7,-0.12001092045670311,0.012638585457901641,-0.3415505105093355,0.10228875999289865,0.06261968892556322,15.996801039680095,1.4545036988234559,8,0.7273972816017686,16,754.125,1.752757727744009,5.258256956492418,0.007371559617237608,1148.1243150049193,1155.4958746221569,1390.862472038107,0.14812431500491918,2767,2001-01-02,2011-12-30,30,1.0,3.0,14,0,0,0,0,0,0,False,3.0,0.04332982424247732,-0.16334074469918042,False
mr_30m__zscore_50__entry_m1p5__exit_m0p5__shared_hours_3,ZSCORE,50,daily_sessions,-1.5,-0.5,3.0,3.0,3.0,7,7,-0.09446986926501012,-0.012452224185918626,-0.52498243253558,0.2130724901939465,0.2434102975291535,65.98680428868045,5.99982775764676,33,3.0005137866072955,66,710.6363636363636,5.69823922276556,17.094689250916005,0.023307664256893075,871.2634938747834,894.5711581316765,1390.862472038107,-0.1287365061252166,2767,2001-01-02,2011-12-30,30,1.0,3.0,14,0,0,0,0,0,0,False,3.0,0.04332982424247732,-0.13779969350748744,False
mr_30m__zscore_50__entry_m1p5__exit_0__shared_hours_3,ZSCORE,50,daily_sessions,-1.5,0.0,3.0,3.0,3.0,7,7,-0.071898327833712,-0.010560629918181852,-0.544317505183571,0.22311203529161544,0.29466440392968907,53.989203508920355,4.908949983529166,27,2.454965825405969,54,1051.4444444444443,4.593247272052603,13.779716294031305,0.01942863668434859,889.7945525163846,909.2231892007331,1390.862472038107,-0.11020544748361549,2767,2001-01-02,2011-12-30,30,1.0,3.0,14,0,0,0,0,0,0,False,3.0,0.04332982424247732,-0.11522815207618932,False
mr_30m__zscore_50__entry_m1p5__exit_0p5__shared_hours_3,ZSCORE,50,daily_sessions,-1.5,0.5,3.0,3.0,3.0,7,7,-0.003899572817457212,0.003136730931912579,-0.5607204520212332,0.22905728991611302,0.3440709544494439,47.99040311904031,4.36351109647037,24,2.1821918448053057,48,1381.2083333333333,4.3366161513136445,13.009836122238164,0.02006485549338754,1035.0442083883709,1055.1090638817584,1390.862472038107,0.03504420838837086,2767,2001-01-02,2011-12-30,30,1.0,3.0,14,0,0,0,0,0,0,False,3.0,0.04332982424247732,-0.04722939705993453,False
mr_30m__zscore_50__entry_m2__exit_m0p5__shared_hours_3,ZSCORE,50,daily_sessions,-2.0,-0.5,3.0,3.0,3.0,7,7,-0.16977869533094234,-0.020708337700586776,-0.5177937595182016,0.1921965835548763,0.18723629513148266,39.99200259920025,3.6362592470586406,20,1.8184932040044215,40,901.95,3.0389195208298996,9.116723497845102,0.012812938014724978,794.4192220719161,807.2321600866411,1390.862472038107,-0.20558077792808382,2767,2001-01-02,2011-12-30,30,1.0,3.0,14,0,0,0,0,0,0,False,3.0,0.04332982424247732,-0.21310851957341964,False
mr_30m__zscore_50__entry_m2__exit_0__shared_hours_3,ZSCORE,50,daily_sessions,-2.0,0.0,3.0,3.0,3.0,7,7,-0.08166526353124574,-0.006041019680418702,-0.4598552085374076,0.1996247165017952,0.2225474474147192,37.99240246924023,3.4544462847057082,19,1.7275685438042006,38,1128.4736842105262,3.201062229369309,9.603163261070149,0.014328688925712981,935.5306861531222,949.8593750788352,1390.862472038107,-0.06446931384687771,2767,2001-01-02,2011-12-30,30,1.0,3.0,14,0,0,0,0,0,0,False,3.0,0.04332982424247732,-0.12499508777372306,False
mr_30m__zscore_50__entry_m2__exit_0p5__shared_hours_3,ZSCORE,50,daily_sessions,-2.0,0.5,3.0,3.0,3.0,7,7,-0.06131439673383567,-0.003897526477757318,-0.5003238259791206,0.20668534260081892,0.26499452479928587,33.9932022093202,3.0908203599998436,17,1.5457192234037582,34,1501.7941176470588,2.6935272634798344,8.080562501815812,0.013117252133843862,957.9600509735787,971.0773031074226,1390.862472038107,-0.042039949026421275,2767,2001-01-02,2011-12-30,30,1.0,3.0,14,0,0,0,0,0,0,False,3.0,0.04332982424247732,-0.10464422097631298,False
mr_30m__zscore_50__entry_m2p5__exit_m0p5__shared_hours_3,ZSCORE,50,daily_sessions,-2.5,-0.5,3.0,3.0,3.0,7,7,0.032038261678046874,0.027007238623393715,-0.40419580419580425,0.12062760119959832,0.07659572259675017,17.99640116964011,1.636316661176388,9,0.8183219418019897,18,819.9444444444445,2.2915463028471006,6.874636052712091,0.009686874124500491,1340.5615276207045,1350.248401745205,1390.862472038107,0.3405615276207046,2767,2001-01-02,2011-12-30,30,1.0,3.0,14,0,0,0,0,0,0,False,3.0,0.04332982424247732,-0.011291562564430445,False
mr_30m__zscore_50__entry_m2p5__exit_0__shared_hours_3,ZSCORE,50,daily_sessions,-2.5,0.0,3.0,3.0,3.0,7,7,0.04462526609206353,0.02785685910712732,-0.40419580419580414,0.12919067742717616,0.10738140092481589,17.99640116964011,1.636316661176388,9,0.8183219418019897,18,1149.5,2.319968730761883,6.959905261687284,0.009775375547593512,1352.8091940441436,1362.5845695917371,1390.862472038107,0.35280919404414357,2767,2001-01-02,2011-12-30,30,1.0,3.0,14,0,0,0,0,0,0,False,3.0,0.04332982424247732,0.0012954418495862083,True
mr_30m__zscore_50__entry_m2p5__exit_0p5__shared_hours_3,ZSCORE,50,daily_sessions,-2.5,0.5,3.0,3.0,3.0,7,7,0.07864987249951123,0.03218832681953354,-0.40419580419580425,0.13276226872940236,0.12743983766419115,15.996801039680095,1.4545036988234559,8,0.7273972816017686,16,1534.75,2.08778238546943,6.263351763220923,0.00909688967455304,1416.8453853150563,1425.9422749896094,1390.862472038107,0.4168453853150562,2767,2001-01-02,2011-12-30,30,1.0,3.0,14,0,0,0,0,0,0,False,3.0,0.04332982424247732,0.035320048257033915,True
mr_30m__rsi_2__entry_10__exit_50__shared_hours_3,RSI,2,daily_sessions,10.0,50.0,3.0,3.0,3.0,7,7,0.16145402509200196,0.044106894175497624,-0.23497595670767746,0.160257136926447,0.16824175995266935,247.95041611504183,22.5448073317636,124,11.274657864827414,248,130.71774193548387,33.149725711298956,99.44921018114194,0.16764478062097646,1607.5307531480355,1775.175533769012,1390.862472038107,0.6075307531480354,2767,2001-01-02,2011-12-30,30,1.0,3.0,14,0,0,0,0,0,0,False,3.0,0.04332982424247732,0.11812420084952464,True
mr_30m__rsi_2__entry_10__exit_60__shared_hours_3,RSI,2,daily_sessions,10.0,60.0,3.0,3.0,3.0,7,7,0.15641873543212473,0.04318666470018173,-0.273719976220282,0.1697692083409276,0.19921945953800724,239.95201559520177,21.81755548235187,120,10.910959224026529,240,159.94583333333333,31.46723013726798,94.40172341643434,0.16041014934266037,1592.0170261487833,1752.4271754914437,1390.862472038107,0.5920170261487834,2767,2001-01-02,2011-12-30,30,1.0,3.0,14,0,0,0,0,0,0,False,3.0,0.04332982424247732,0.11308891118964741,True
mr_30m__rsi_2__entry_10__exit_70__shared_hours_3,RSI,2,daily_sessions,10.0,70.0,3.0,3.0,3.0,7,7,0.2711994324970317,0.06508135504956747,-0.2918523343999442,0.18309241516647418,0.24279790541136662,225.95481468548167,20.544864745881345,113,10.274486602624982,226,207.00884955752213,35.32385845634811,105.9716424401114,0.18928031417406646,2000.5942967272367,2189.874610901303,1390.862472038107,1.0005942967272365,2767,2001-01-02,2011-12-30,30,1.0,3.0,14,0,0,0,0,0,0,False,3.0,0.04332982424247732,0.22786960825455438,True
mr_30m__rsi_2__entry_20__exit_50__shared_hours_3,RSI,2,daily_sessions,20.0,50.0,3.0,3.0,3.0,7,7,0.15892920710666492,0.04336069620431582,-0.34663371636711393,0.18390713035429013,0.2759137876452485,421.91562742156316,38.36253505646871,211,19.18510330224665,422,125.98341232227489,53.483926939317726,160.45182587031118,0.29328298506681766,1594.9404655111166,1888.2234505779343,1390.862472038107,0.5949404655111166,2767,2001-01-02,2011-12-30,30,1.0,3.0,14,0,0,0,1,0,1,True,3.0,0.04332982424247732,0.1155993828641876,True
mr_30m__rsi_2__entry_20__exit_60__shared_hours_3,RSI,2,daily_sessions,20.0,60.0,3.0,3.0,3.0,7,7,0.19224030541383128,0.049805831667498524,-0.38574696660012786,0.19311611230963502,0.31342539974154976,391.92162547216293,35.63534062117473,196,17.821233399243333,392,154.0637755102041,52.64737536407258,157.94218066696922,0.2897334239211873,1706.7072380375303,1996.4406619587176,1390.862472038107,0.7067072380375303,2767,2001-01-02,2011-12-30,30,1.0,3.0,14,0,0,0,1,0,1,True,3.0,0.04332982424247732,0.14891048117135397,True
mr_30m__rsi_2__entry_20__exit_70__shared_hours_3,RSI,2,daily_sessions,20.0,70.0,3.0,3.0,3.0,7,7,0.2370956666971838,0.05952746379370133,-0.42551198831090364,0.20735106090416852,0.37134835250951026,345.9308224830826,31.45364248705728,173,15.729966214638246,346,206.80346820809248,47.761460170404156,143.28445150459484,0.28036444683889544,1888.8049078875285,2169.169354726424,1390.862472038107,0.8888049078875286,2767,2001-01-02,2011-12-30,30,1.0,3.0,14,0,0,0,1,0,1,True,3.0,0.04332982424247732,0.19376584245470646,True
mr_30m__rsi_2__entry_30__exit_50__shared_hours_3,RSI,2,daily_sessions,30.0,50.0,3.0,3.0,3.0,7,7,0.11800685501563253,0.034401565236112486,-0.5251593105518797,0.1989501598726844,0.35557147083093305,579.8840376884025,52.72575908235019,290,26.368151458064112,580,118.12758620689655,60.15394711347271,180.46188344770897,0.37878510152786043,1450.6184321053172,1829.4035336331776,1390.862472038107,0.45061843210531727,2767,2001-01-02,2011-12-30,30,1.0,3.0,14,0,0,0,0,0,0,False,3.0,0.04332982424247732,0.07467703077315521,True
mr_30m__rsi_2__entry_30__exit_60__shared_hours_3,RSI,2,daily_sessions,30.0,60.0,3.0,3.0,3.0,7,7,0.11304786545288935,0.03247096059749088,-0.5691342653860928,0.20869811730257654,0.4022378261117771,529.8940344394035,48.18043502352701,265,24.095034953058587,530,146.2377358490566,54.42993436182062,163.28984212828698,0.33559403446497005,1421.1180661794913,1756.7121006444613,1390.862472038107,0.4211180661794913,2767,2001-01-02,2011-12-30,30,1.0,3.0,14,0,0,0,0,0,0,False,3.0,0.04332982424247732,0.06971804121041203,True
mr_30m__rsi_2__entry_30__exit_70__shared_hours_3,RSI,2,daily_sessions,30.0,70.0,3.0,3.0,3.0,7,7,0.19050493247833103,0.048935638030392026,-0.546108020049638,0.22300074459851643,0.4632590678146424,455.9088296308834,41.453355416468554,228,20.730822525650407,456,195.75438596491227,51.609220486196335,154.82772399990805,0.3384017035576169,1691.2124586132306,2029.6141621708475,1390.862472038107,0.6912124586132307,2767,2001-01-02,2011-12-30,30,1.0,3.0,14,0,0,0,0,0,0,False,3.0,0.04332982424247732,0.14717510823585372,True
mr_30m__rsi_5__entry_10__exit_50__shared_hours_3,RSI,5,daily_sessions,10.0,50.0,3.0,3.0,3.0,7,7,0.32855444025742936,0.05490358725895517,-0.18331910048391686,0.0813275106373526,0.017686714723878623,11.997600779760072,1.090877774117592,6,0.5455479612013264,12,284.0,1.70050549241961,5.101550539159057,0.008661252694451378,1800.1004407263854,1808.7616934208368,1390.862472038107,0.8001004407263854,2767,2001-01-02,2011-12-30,30,1.0,3.0,14,0,0,0,0,0,0,False,3.0,0.04332982424247732,0.285224616014952,True
mr_30m__rsi_5__entry_10__exit_60__shared_hours_3,RSI,5,daily_sessions,10.0,60.0,3.0,3.0,3.0,7,7,0.31484365484408283,0.05633543998459012,-0.18331910048391697,0.09215736846000064,0.039841816002117426,11.997600779760074,1.0908777741175921,6,0.5455479612013264,12,639.75,1.7080899856034066,5.124307078443088,0.008791429452114016,1827.1555616261926,1835.9469910783066,1390.862472038107,0.8271555616261925,2767,2001-01-02,2011-12-30,30,1.0,3.0,14,0,0,0,0,0,0,False,3.0,0.04332982424247732,0.2715138306016055,True
mr_30m__rsi_5__entry_10__exit_70__shared_hours_3,RSI,5,daily_sessions,10.0,70.0,3.0,3.0,3.0,7,7,0.3691255299347876,0.06312803973049652,-0.18331910048391686,0.09731138769698745,0.05848863701235683,11.997600779760072,1.090877774117592,6,0.5455479612013264,12,939.1666666666666,1.7476505177089485,5.243000658111795,0.009433550864012204,1960.6100488024822,1970.0435996664944,1390.862472038107,0.9606100488024822,2767,2001-01-02,2011-12-30,30,1.0,3.0,14,0,0,0,0,0,0,False,3.0,0.04332982424247732,0.32579570569231026,True
mr_30m__rsi_5__entry_20__exit_50__shared_hours_3,RSI,5,daily_sessions,20.0,50.0,3.0,3.0,3.0,7,7,0.34376987862384795,0.0710962409502589,-0.20987386350772097,0.14149887418580526,0.10937427018947828,81.98360532836057,7.454331456470219,41,3.7279110682090644,82,257.0121951219512,12.22906786576199,36.687270661117964,0.0709697072983081,2128.4196646205946,2199.3893719189027,1390.862472038107,1.1284196646205946,2767,2001-01-02,2011-12-30,30,1.0,3.0,14,0,0,0,0,0,0,False,3.0,0.04332982424247732,0.3004400543813706,True
mr_30m__rsi_5__entry_20__exit_60__shared_hours_3,RSI,5,daily_sessions,20.0,60.0,3.0,3.0,3.0,7,7,-0.24042460474902855,-0.029929468847017193,-0.6000916812446959,0.18250909879435712,0.18667580065079636,63.98720415872043,5.818014795293828,32,2.9095891264070746,64,562.03125,3.8019145949274287,11.405705598340095,0.018564022676069953,715.9147103420548,734.4787330181248,1390.862472038107,-0.2840852896579452,2767,2001-01-02,2011-12-30,30,1.0,3.0,14,0,0,0,0,0,0,False,3.0,0.04332982424247732,-0.2837544289915059,False
mr_30m__rsi_5__entry_20__exit_70__shared_hours_3,RSI,5,daily_sessions,20.0,70.0,3.0,3.0,3.0,7,7,-0.11547328084323984,-0.01115813048913572,-0.5953212987338631,0.19444474366127745,0.2564885020785004,55.98880363888037,5.090762945882099,28,2.5458904856061904,56,882.5357142857143,3.551240096704124,10.653697890243505,0.02002284117480724,883.9027723749556,903.9256135497628,1390.862472038107,-0.11609722762504437,2767,2001-01-02,2011-12-30,30,1.0,3.0,14,0,0,0,0,0,0,False,3.0,0.04332982424247732,-0.15880310508571716,False
mr_30m__rsi_5__entry_30__exit_50__shared_hours_3,RSI,5,daily_sessions,30.0,50.0,3.0,3.0,3.0,7,7,0.12903117295799715,0.037343048180231264,-0.3278323328219912,0.19034848885882735,0.24759324707946048,183.96321195632135,16.726792536469766,92,8.365068738420339,184,259.2826086956522,23.326491855022198,69.979499711816,0.11430738746754991,1496.6367957014756,1610.9441831690256,1390.862472038107,0.4966367957014757,2767,2001-01-02,2011-12-30,30,1.0,3.0,14,0,0,0,0,0,0,False,3.0,0.04332982424247732,0.08570134871551983,True
mr_30m__rsi_5__entry_30__exit_60__shared_hours_3,RSI,5,daily_sessions,30.0,60.0,3.0,3.0,3.0,7,7,-0.13656863911196554,-0.02439769367381084,-0.6034351057692826,0.2219959508191399,0.3430797095808228,137.972408967241,12.545094402352323,69,6.273801553815255,138,479.036231884058,10.080115121990293,30.240313326353412,0.043251578226439394,762.1162235776137,805.3678018040531,1390.862472038107,-0.23788377642238634,2767,2001-01-02,2011-12-30,30,1.0,3.0,14,0,0,0,0,0,0,False,3.0,0.04332982424247732,-0.17989846335444287,False
mr_30m__rsi_5__entry_30__exit_70__shared_hours_3,RSI,5,daily_sessions,30.0,70.0,3.0,3.0,3.0,7,7,-0.06299352588012011,-0.01261665740818696,-0.6489231285027345,0.2367999256985409,0.45036769475885763,109.97800714780078,9.99971292941127,55,5.000856311012159,110,788.9090909090909,7.555689098862595,22.667047271292645,0.03911977456933232,869.6693121852952,908.7890867546275,1390.862472038107,-0.1303306878147048,2767,2001-01-02,2011-12-30,30,1.0,3.0,14,0,0,0,0,0,0,False,3.0,0.04332982424247732,-0.10632335012259743,False
mr_30m__rsi_14__entry_10__exit_50__shared_hours_3,RSI,14,daily_sessions,10.0,50.0,3.0,3.0,3.0,7,7,,0.030452711148542644,0.0,0.0011514930333371037,0.0,0.0,0.0,0,0.0,0,0.0,0.0,0.0,0.0,1390.862472038107,1390.862472038107,1390.862472038107,0.39086247203810687,2767,2001-01-02,2011-12-30,30,1.0,3.0,14,0,0,0,0,0,0,False,3.0,0.04332982424247732,,False
mr_30m__rsi_14__entry_10__exit_60__shared_hours_3,RSI,14,daily_sessions,10.0,60.0,3.0,3.0,3.0,7,7,,0.030452711148542644,0.0,0.0011514930333371037,0.0,0.0,0.0,0,0.0,0,0.0,0.0,0.0,0.0,1390.862472038107,1390.862472038107,1390.862472038107,0.39086247203810687,2767,2001-01-02,2011-12-30,30,1.0,3.0,14,0,0,0,0,0,0,False,3.0,0.04332982424247732,,False
mr_30m__rsi_14__entry_10__exit_70__shared_hours_3,RSI,14,daily_sessions,10.0,70.0,3.0,3.0,3.0,7,7,,0.030452711148542644,0.0,0.0011514930333371037,0.0,0.0,0.0,0,0.0,0,0.0,0.0,0.0,0.0,1390.862472038107,1390.862472038107,1390.862472038107,0.39086247203810687,2767,2001-01-02,2011-12-30,30,1.0,3.0,14,0,0,0,0,0,0,False,3.0,0.04332982424247732,,False
mr_30m__rsi_14__entry_20__exit_50__shared_hours_3,RSI,14,daily_sessions,20.0,50.0,3.0,3.0,3.0,7,7,0.1973869305114271,0.045395972028686726,-0.2724167378309138,0.09616035550040596,0.01968477375225106,3.9992002599200243,0.363625924705864,2,0.18184932040044216,4,948.25,0.524244043558496,1.5727483969300868,0.0026092771106548296,1629.4938654484215,1632.1031425590763,1390.862472038107,0.6294938654484215,2767,2001-01-02,2011-12-30,30,1.0,3.0,14,0,0,0,0,0,0,False,3.0,0.04332982424247732,0.1540571062689498,True
mr_30m__rsi_14__entry_20__exit_60__shared_hours_3,RSI,14,daily_sessions,20.0,60.0,3.0,3.0,3.0,7,7,0.29258955755419314,0.056796714164711215,-0.2724167378309138,0.10505847740868811,0.030661123999024324,3.9992002599200243,0.363625924705864,2,0.18184932040044216,4,1477.0,0.5650701481718075,1.6952421654724827,0.002939871055574713,1835.9498233451075,1838.8896944006822,1390.862472038107,0.8359498233451075,2767,2001-01-02,2011-12-30,30,1.0,3.0,14,0,0,0,0,0,0,False,3.0,0.04332982424247732,0.2492597333117158,True
mr_30m__rsi_14__entry_20__exit_70__shared_hours_3,RSI,14,daily_sessions,20.0,70.0,3.0,3.0,3.0,7,7,0.15933588606484322,0.043232201907991596,-0.5325099044511769,0.19023068998052622,0.20552502244572804,3.9992002599200243,0.363625924705864,2,0.18184932040044216,4,9900.5,0.48524072694391185,1.4557457160617953,0.0025504903148166704,1592.7815044545985,1595.3319947694151,1390.862472038107,0.5927815044545985,2767,2001-01-02,2011-12-30,30,1.0,3.0,14,0,0,0,0,0,0,False,3.0,0.04332982424247732,0.1160060618223659,True
mr_30m__rsi_14__entry_30__exit_50__shared_hours_3,RSI,14,daily_sessions,30.0,50.0,3.0,3.0,3.0,7,7,-0.11644849662965313,-0.0032044049040329536,-0.41338553672424605,0.16672870378613625,0.09386206646011407,17.99640116964011,1.636316661176388,9,0.8183219418019897,18,1004.7777777777778,1.7327074625688315,5.19809376044256,0.006975361851976914,965.3167389030097,972.2921007549866,1390.862472038107,-0.03468326109699038,2767,2001-01-02,2011-12-30,30,1.0,3.0,14,0,0,0,0,0,0,False,3.0,0.04332982424247732,-0.15977832087213045,False
mr_30m__rsi_14__entry_30__exit_60__shared_hours_3,RSI,14,daily_sessions,30.0,60.0,3.0,3.0,3.0,7,7,-0.059824915263598975,0.0007167454035605925,-0.49513004222522605,0.19001842347089815,0.15717199395911505,15.996801039680097,1.454503698823456,8,0.7273972816017686,16,1892.8125,1.5388159426999912,4.616425929562852,0.006471317669970972,1007.9111548714358,1014.3824725414067,1390.862472038107,0.007911154871435677,2767,2001-01-02,2011-12-30,30,1.0,3.0,14,0,0,0,0,0,0,False,3.0,0.04332982424247732,-0.10315473950607629,False
mr_30m__rsi_14__entry_30__exit_70__shared_hours_3,RSI,14,daily_sessions,30.0,70.0,3.0,3.0,3.0,7,7,-0.040892617175002914,-0.010360647917362908,-0.6153403643336529,0.24685971240383084,0.38144763268928367,11.997600779760074,1.0908777741175921,6,0.5455479612013264,12,6125.0,0.9266264835055029,2.7798571243845775,0.004290807288953033,891.7744770176242,896.0652843065773,1390.862472038107,-0.10822552298237575,2767,2001-01-02,2011-12-30,30,1.0,3.0,14,0,0,0,0,0,0,False,3.0,0.04332982424247732,-0.08422244141748023,False
