candidate_id,family,period,indicator_units,entry_threshold,exit_threshold,confirmation_hours,entry_confirmation_hours,exit_confirmation_hours,entry_required_checks,exit_required_checks,cash_excess_sharpe,cagr,max_drawdown,annualized_volatility,exposure_fraction,total_turnover,annualized_turnover,trade_count,trades_per_year,order_count,average_holding_hours,total_commission,total_slippage,cost_drag_return,terminal_equity,gross_terminal_equity,cash_terminal_equity,total_return,scored_sessions,start_session,end_session,sampling_minutes,commission_bps,slippage_bps,unknown_missing_slots,halt_affected_slots,cancelled_blackout_order_count,cancelled_terminal_order_count,post_gap_confirmed_buy_count,post_gap_confirmed_sell_count,post_gap_confirmed_signal_count,has_post_gap_confirmed_signal,scenario_slippage_bps,BH_cash_excess_sharpe,Sharpe_difference_vs_BH,beats_BH_Sharpe,family_rank
mr_30m__sma_distance_10__entry_m0p06__exit_0__shared_hours_3,SMA_DISTANCE,10,daily_sessions,-0.06,0.0,3.0,3.0,3.0,7,7,0.4013016587820588,0.08015231340362261,-0.201352114642097,0.14199803487243678,0.04946882768427553,39.99200259920025,3.6362592470586406,20,1.8184932040044215,40,238.3,6.166853505190211,18.500632844098003,0.03765918452007327,2334.919597360518,2372.578781880591,1390.862472038107,1.3349195973605177,2767,2001-01-02,2011-12-30,30,1.0,3.0,14,0,0,0,0,0,0,False,3.0,0.04332982424247732,0.3579718345395815,True,1
mr_30m__sma_distance_10__entry_m0p04__exit_0__shared_hours_3,SMA_DISTANCE,10,daily_sessions,-0.04,0.0,3.0,3.0,3.0,7,7,0.25852133296383056,0.061596755707118866,-0.2794488225459031,0.17075134146490886,0.11846154644579032,83.98320545832058,7.636144418823151,42,3.8188357284092853,84,271.73809523809524,11.640162230635875,34.92053560930858,0.06594203970166358,1929.7742740038932,1995.7163137055568,1390.862472038107,0.9297742740038932,2767,2001-01-02,2011-12-30,30,1.0,3.0,14,0,0,0,1,0,1,True,3.0,0.04332982424247732,0.21519150872135323,True,2
mr_30m__sma_distance_10__entry_m0p06__exit_0p01__shared_hours_3,SMA_DISTANCE,10,daily_sessions,-0.06,0.01,3.0,3.0,3.0,7,7,0.22544551777302854,0.05447852846335621,-0.284205442740442,0.1536009430623582,0.05613767405170043,33.9932022093202,3.0908203599998436,17,1.5457192234037582,34,318.1470588235294,4.647138025532214,13.941442933150197,0.024539585659079648,1792.1392749750214,1816.678860634101,1390.862472038107,0.7921392749750213,2767,2001-01-02,2011-12-30,30,1.0,3.0,14,0,0,0,0,0,0,False,3.0,0.04332982424247732,0.18211569353055124,True,3
mr_30m__sma_distance_10__entry_m0p02__exit_0__shared_hours_3,SMA_DISTANCE,10,daily_sessions,-0.02,0.0,3.0,3.0,3.0,7,7,0.1859034062225869,0.0485317473954916,-0.47520221020529607,0.2003482784540575,0.2582322626850799,193.96121260612142,17.635857348234428,97,8.819692039421444,194,256.4845360824742,23.547758556156328,70.64331746625726,0.13588764837403824,1684.064276276627,1819.9519246506652,1390.862472038107,0.6840642762766269,2767,2001-01-02,2011-12-30,30,1.0,3.0,14,0,0,0,0,0,0,False,3.0,0.04332982424247732,0.14257358198010955,True,4
mr_30m__sma_distance_10__entry_m0p02__exit_0p01__shared_hours_3,SMA_DISTANCE,10,daily_sessions,-0.02,0.01,3.0,3.0,3.0,7,7,0.07641338736122012,0.023509130399395284,-0.48658542954480843,0.21710661953900642,0.3179716327515608,163.9672106567212,14.908662912940443,82,7.455822136418129,164,373.5914634146341,18.545362073368427,55.63609470274852,0.08754200778541758,1291.1893196333963,1378.7313274188139,1390.862472038107,0.29118931963339634,2767,2001-01-02,2011-12-30,30,1.0,3.0,14,0,0,0,0,0,0,False,3.0,0.04332982424247732,0.033083563118742804,True,5
mr_30m__ema_distance_10__entry_m0p06__exit_0__shared_hours_3,EMA_DISTANCE,10,daily_sessions,-0.06,0.0,3.0,3.0,3.0,7,7,0.2975722901811531,0.06366633738311789,-0.2509648138142615,0.13787911279101178,0.036188222350236394,23.995201559520144,2.181755548235184,12,1.0910959224026529,24,290.5416666666667,3.391446822131211,10.17438333473352,0.019018076940774335,1971.5558110740908,1990.5738880148651,1390.862472038107,0.9715558110740907,2767,2001-01-02,2011-12-30,30,1.0,3.0,14,0,0,0,0,0,0,False,3.0,0.04332982424247732,0.2542424659386758,True,1
mr_30m__ema_distance_10__entry_m0p04__exit_0__shared_hours_3,EMA_DISTANCE,10,daily_sessions,-0.04,0.0,3.0,3.0,3.0,7,7,0.14361424854912921,0.04088368293890898,-0.3371031974154811,0.17393588253884393,0.09794641049992994,61.987604028760416,5.636201832940896,31,2.8186644662068536,62,304.4032258064516,7.19577457074568,21.587343577256693,0.039015708669458034,1553.7867998484378,1592.8025085178958,1390.862472038107,0.5537867998484378,2767,2001-01-02,2011-12-30,30,1.0,3.0,14,0,0,0,1,0,1,True,3.0,0.04332982424247732,0.1002844243066519,True,2
mr_30m__ema_distance_10__entry_m0p06__exit_0p01__shared_hours_3,EMA_DISTANCE,10,daily_sessions,-0.06,0.01,3.0,3.0,3.0,7,7,0.11810838682709895,0.037472299716091007,-0.4169520547945206,0.14663383490251342,0.05183017017235205,19.99600129960012,1.81812962352932,10,0.9092466020022107,20,499.35,2.3596986779569447,7.079106815851258,0.012037598397572992,1498.6889904486864,1510.7265888462593,1390.862472038107,0.4986889904486864,2767,2001-01-02,2011-12-30,30,1.0,3.0,14,0,0,0,0,0,0,False,3.0,0.04332982424247732,0.07477856258462164,True,3
mr_30m__ema_distance_50__entry_m0p04__exit_0p01__shared_hours_3,EMA_DISTANCE,50,daily_sessions,-0.04,0.01,3.0,3.0,3.0,7,7,0.07423485036998957,0.02135708763098232,-0.5466775304474688,0.22822161121622558,0.28277465526994555,51.98960337896034,4.727137021176234,26,2.364041165205748,52,1047.826923076923,4.813978885582857,14.441943267650107,0.026516990135753305,1261.642732626281,1288.1597227620343,1390.862472038107,0.2616427326262811,2767,2001-01-02,2011-12-30,30,1.0,3.0,14,0,0,0,0,0,0,False,3.0,0.04332982424247732,0.030905026127512253,True,4
mr_30m__ema_distance_50__entry_m0p02__exit_0p01__shared_hours_3,EMA_DISTANCE,50,daily_sessions,-0.02,0.01,3.0,3.0,3.0,7,7,0.020206081067113725,0.006234281371297223,-0.5932836539799982,0.24036733901786692,0.373548812322575,79.98400519840055,7.2725184941172865,40,3.636986408008843,80,899.725,7.088682769706885,21.266041933868316,0.034817881866764086,1070.7426881175732,1105.5605699843372,1390.862472038107,0.07074268811757323,2767,2001-01-02,2011-12-30,30,1.0,3.0,14,0,0,0,0,0,0,False,3.0,0.04332982424247732,-0.023123743175363594,False,5
mr_30m__zscore_10__entry_m1p5__exit_m0p5__shared_hours_3,ZSCORE,10,daily_sessions,-1.5,-0.5,3.0,3.0,3.0,7,7,0.1861284298650097,0.04826204860962835,-0.31071334237254955,0.16495075682464497,0.20530186260619554,221.95561442556163,20.18123882117548,111,10.09263728222454,222,178.1936936936937,30.804530843956442,92.4136308432714,0.1559438559999521,1679.3063684564186,1835.2502244563707,1390.862472038107,0.6793063684564187,2767,2001-01-02,2011-12-30,30,1.0,3.0,14,0,0,0,0,0,0,False,3.0,0.04332982424247732,0.14279860562253238,True,1
mr_30m__zscore_10__entry_m2__exit_0__shared_hours_3,ZSCORE,10,daily_sessions,-2.0,0.0,3.0,3.0,3.0,7,7,0.15372635972604995,0.03912823945451582,-0.10716893772173819,0.07095937070369215,0.0665898581637578,49.990003249000324,4.545324058823302,25,2.273116505005527,50,256.62,6.093401380568209,18.28022191436815,0.030811256760462584,1525.2085254494311,1556.0197822098937,1390.862472038107,0.5252085254494312,2767,2001-01-02,2011-12-30,30,1.0,3.0,14,0,0,0,0,0,0,False,3.0,0.04332982424247732,0.11039653548357263,True,2
mr_30m__zscore_10__entry_m1p5__exit_0__shared_hours_3,ZSCORE,10,daily_sessions,-1.5,0.0,3.0,3.0,3.0,7,7,0.14963000944189195,0.0418086550252974,-0.375460080720981,0.17404022711355585,0.2521965674902822,191.9616124761614,17.454044385881495,96,8.728767379221223,192,253.09895833333334,23.433206090307145,70.29965055606631,0.125250345626323,1569.040187917511,1694.290533543834,1390.862472038107,0.5690401879175111,2767,2001-01-02,2011-12-30,30,1.0,3.0,14,0,0,0,0,0,0,False,3.0,0.04332982424247732,0.10630018519941463,True,3
mr_30m__zscore_50__entry_m2p5__exit_0p5__shared_hours_3,ZSCORE,50,daily_sessions,-2.5,0.5,3.0,3.0,3.0,7,7,0.07864987249951123,0.03218832681953354,-0.40419580419580425,0.13276226872940236,0.12743983766419115,15.996801039680095,1.4545036988234559,8,0.7273972816017686,16,1534.75,2.08778238546943,6.263351763220923,0.00909688967455304,1416.8453853150563,1425.9422749896094,1390.862472038107,0.4168453853150562,2767,2001-01-02,2011-12-30,30,1.0,3.0,14,0,0,0,0,0,0,False,3.0,0.04332982424247732,0.035320048257033915,True,4
mr_30m__zscore_50__entry_m2p5__exit_0__shared_hours_3,ZSCORE,50,daily_sessions,-2.5,0.0,3.0,3.0,3.0,7,7,0.04462526609206353,0.02785685910712732,-0.40419580419580414,0.12919067742717616,0.10738140092481589,17.99640116964011,1.636316661176388,9,0.8183219418019897,18,1149.5,2.319968730761883,6.959905261687284,0.009775375547593512,1352.8091940441436,1362.5845695917371,1390.862472038107,0.35280919404414357,2767,2001-01-02,2011-12-30,30,1.0,3.0,14,0,0,0,0,0,0,False,3.0,0.04332982424247732,0.0012954418495862083,True,5
mr_30m__rsi_5__entry_10__exit_70__shared_hours_3,RSI,5,daily_sessions,10.0,70.0,3.0,3.0,3.0,7,7,0.3691255299347876,0.06312803973049652,-0.18331910048391686,0.09731138769698745,0.05848863701235683,11.997600779760072,1.090877774117592,6,0.5455479612013264,12,939.1666666666666,1.7476505177089485,5.243000658111795,0.009433550864012204,1960.6100488024822,1970.0435996664944,1390.862472038107,0.9606100488024822,2767,2001-01-02,2011-12-30,30,1.0,3.0,14,0,0,0,0,0,0,False,3.0,0.04332982424247732,0.32579570569231026,True,1
mr_30m__rsi_5__entry_20__exit_50__shared_hours_3,RSI,5,daily_sessions,20.0,50.0,3.0,3.0,3.0,7,7,0.34376987862384795,0.0710962409502589,-0.20987386350772097,0.14149887418580526,0.10937427018947828,81.98360532836057,7.454331456470219,41,3.7279110682090644,82,257.0121951219512,12.22906786576199,36.687270661117964,0.0709697072983081,2128.4196646205946,2199.3893719189027,1390.862472038107,1.1284196646205946,2767,2001-01-02,2011-12-30,30,1.0,3.0,14,0,0,0,0,0,0,False,3.0,0.04332982424247732,0.3004400543813706,True,2
mr_30m__rsi_5__entry_10__exit_50__shared_hours_3,RSI,5,daily_sessions,10.0,50.0,3.0,3.0,3.0,7,7,0.32855444025742936,0.05490358725895517,-0.18331910048391686,0.0813275106373526,0.017686714723878623,11.997600779760072,1.090877774117592,6,0.5455479612013264,12,284.0,1.70050549241961,5.101550539159057,0.008661252694451378,1800.1004407263854,1808.7616934208368,1390.862472038107,0.8001004407263854,2767,2001-01-02,2011-12-30,30,1.0,3.0,14,0,0,0,0,0,0,False,3.0,0.04332982424247732,0.285224616014952,True,3
mr_30m__rsi_5__entry_10__exit_60__shared_hours_3,RSI,5,daily_sessions,10.0,60.0,3.0,3.0,3.0,7,7,0.31484365484408283,0.05633543998459012,-0.18331910048391697,0.09215736846000064,0.039841816002117426,11.997600779760074,1.0908777741175921,6,0.5455479612013264,12,639.75,1.7080899856034066,5.124307078443088,0.008791429452114016,1827.1555616261926,1835.9469910783066,1390.862472038107,0.8271555616261925,2767,2001-01-02,2011-12-30,30,1.0,3.0,14,0,0,0,0,0,0,False,3.0,0.04332982424247732,0.2715138306016055,True,4
mr_30m__rsi_14__entry_20__exit_60__shared_hours_3,RSI,14,daily_sessions,20.0,60.0,3.0,3.0,3.0,7,7,0.29258955755419314,0.056796714164711215,-0.2724167378309138,0.10505847740868811,0.030661123999024324,3.9992002599200243,0.363625924705864,2,0.18184932040044216,4,1477.0,0.5650701481718075,1.6952421654724827,0.002939871055574713,1835.9498233451075,1838.8896944006822,1390.862472038107,0.8359498233451075,2767,2001-01-02,2011-12-30,30,1.0,3.0,14,0,0,0,0,0,0,False,3.0,0.04332982424247732,0.2492597333117158,True,5
