family,configurations,finite_Sharpe_count,undefined_Sharpe_count,beat_BH_Sharpe_count,beat_BH_Sharpe_pct,BH_Sharpe,all_median_cash_excess_sharpe,all_median_cagr,all_median_max_drawdown,all_median_trade_count,all_median_trades_per_year,BH_beaters_median_cash_excess_sharpe,BH_beaters_median_cagr,BH_beaters_median_max_drawdown,BH_beaters_median_trade_count,BH_beaters_median_trades_per_year,slippage_bps
SMA_DISTANCE,18,18,0,6,33.333333333333336,0.0434486484515093,-0.06090996471553353,-0.008413658500019294,-0.5665979614759978,33.5,3.045976116707406,0.21648381212753615,0.053684036112863986,-0.3425875770894087,39.0,3.546061747808622,1.0
EMA_DISTANCE,18,18,0,4,22.22222222222222,0.0434486484515093,-0.03009654765056697,0.001186432825140693,-0.5401924978597169,27.0,2.454965825405969,0.13535783384306183,0.03995380058814335,-0.37676236128069035,19.0,1.7275685438042006,1.0
ZSCORE,27,24,3,5,18.51851851851852,0.0434486484515093,-0.07625722340696091,0.01039742746035377,-0.40419580419580425,25.0,2.273116505005527,0.1664691964977804,0.04007349298540497,-0.3734583518344692,25.0,2.273116505005527,1.0
RSI,27,24,3,17,62.96296296296296,0.0434486484515093,0.18586830804209376,0.045369407235415604,-0.33781971215290074,32.0,2.9095891264070746,0.22774183017404884,0.0551338125883285,-0.2892984083845266,113.0,10.274486602624982,1.0
ALL,90,84,6,32,35.55555555555556,0.0434486484515093,-0.03009654765056697,0.0077564795968743105,-0.48104677817396935,27.0,2.454965825405969,0.19940469707442937,0.050112299078172384,-0.330990418001905,38.5,3.5005994177085116,1.0
SMA_DISTANCE,18,18,0,6,33.333333333333336,0.04332982424247732,-0.06450699011524919,-0.009207156581951703,-0.5678898205648637,33.5,3.045976116707406,0.2056744619978077,0.051505137929423905,-0.3430299750133491,39.0,3.546061747808622,3.0
EMA_DISTANCE,18,18,0,4,22.22222222222222,0.04332982424247732,-0.03951799910577941,-0.0009200664866467201,-0.5445217473731145,27.0,2.454965825405969,0.1308613176881141,0.039177991327499995,-0.37702762610500085,19.0,1.7275685438042006,3.0
ZSCORE,27,24,3,5,18.51851851851852,0.04332982424247732,-0.08524990436684661,0.01010348607529643,-0.40419580419580425,25.0,2.273116505005527,0.14963000944189195,0.03912823945451582,-0.375460080720981,25.0,2.273116505005527,3.0
RSI,27,24,3,17,62.96296296296296,0.04332982424247732,0.15913254658575407,0.04318666470018173,-0.34663371636711393,32.0,2.9095891264070746,0.19224030541383128,0.048935638030392026,-0.2918523343999442,113.0,10.274486602624982,3.0
ALL,90,84,6,32,35.55555555555556,0.04332982424247732,-0.03826945314995383,0.006511119311169211,-0.48420371857634786,27.0,2.454965825405969,0.17367871565729442,0.044751433102092175,-0.33246776511873616,38.5,3.5005994177085116,3.0
SMA_DISTANCE,18,18,0,4,22.22222222222222,0.04291412626972717,-0.0770969592745451,-0.011979146584702283,-0.5723701706736488,33.5,3.045976116707406,0.21936358250263774,0.05406765250687873,-0.28383782347350867,31.0,2.8186644662068536,10.0
EMA_DISTANCE,18,18,0,4,22.22222222222222,0.04291412626972717,-0.07121446708676768,-0.008386442005640371,-0.5591755849814515,27.0,2.454965825405969,0.11508757205194783,0.03646840298431431,-0.37795438399149384,19.0,1.7275685438042006,10.0
ZSCORE,27,24,3,4,14.814814814814815,0.04291412626972717,-0.11353207074871882,0.009075364043131362,-0.40419580419580425,25.0,2.273116505005527,0.08959877111288016,0.03234614922348045,-0.35325386765345607,60.5,5.500941942113375,10.0
RSI,27,24,3,14,51.851851851851855,0.04291412626972717,0.06225631836123763,0.027372712613401795,-0.3765688526908443,32.0,2.9095891264070746,0.17527918489572575,0.04404824975642674,-0.2786178748164022,66.5,6.0464899033147015,10.0
ALL,90,84,6,26,28.88888888888889,0.04291412626972717,-0.06502155676100217,0.0006002654333462365,-0.4951507901198226,27.0,2.454965825405969,0.12722797601238384,0.03661697181251777,-0.29296293804591744,28.5,2.591352815706301,10.0
SMA_DISTANCE,18,18,0,3,16.666666666666668,0.042024325100356,-0.10407172621656588,-0.01789171482470392,-0.5827523395811709,33.5,3.045976116707406,0.18130068002449096,0.04733116230787204,-0.28734802746293264,20.0,1.8184932040044215,25.0
EMA_DISTANCE,18,18,0,3,16.666666666666668,0.042024325100356,-0.10975896218595915,-0.015341159735351162,-0.5790374932736938,27.0,2.454965825405969,0.09055296462787334,0.0333299815884629,-0.36223933939009956,12.0,1.0910959224026529,25.0
ZSCORE,27,24,3,1,3.7037037037037037,0.042024325100356,-0.16682291102331773,0.0025548849892123027,-0.40419580419580425,25.0,2.273116505005527,0.05445834778314345,0.02889003169074078,-0.40419580419580414,8.0,0.7273972816017686,25.0
RSI,27,24,3,7,25.925925925925927,0.042024325100356,-0.11567857804288854,-0.0057118301230126844,-0.41338553672424605,32.0,2.9095891264070746,0.2850447633332857,0.053670519119981996,-0.2219462238726525,6.0,0.5455479612013264,25.0
ALL,90,84,6,14,15.555555555555555,0.042024325100356,-0.1261705690737765,-0.009631559265819711,-0.5236563588032519,27.0,2.454965825405969,0.20886437184144818,0.049852789061893166,-0.27241673783091386,9.0,0.8183219418019897,25.0
