candidate_id,entry_family,exit_family,family_cell,entry_rule,exit_rule,entry_confirmation_hours,exit_confirmation_hours,entry_required_checks,exit_required_checks,cash_excess_sharpe,cash_excess_Sharpe,cagr,max_drawdown,annualized_volatility,exposure_fraction,total_turnover,annualized_turnover,trade_count,order_count,average_holding_hours,total_commission,total_slippage,cost_drag_return,terminal_equity,gross_terminal_equity,cash_terminal_equity,total_return,scored_sessions,start_session,end_session,sampling_minutes,commission_bps,slippage_bps,quality_profile,daily_valuation_hour_ny,daily_quote_kind,unknown_missing_slots,halt_affected_slots,quality_classification_complete,tradable_price_coverage_complete,source_row_presence_complete,raw_intraday_price_coverage_complete,all_slots_signal_eligible,cancelled_blackout_order_count,cancelled_terminal_order_count,post_gap_confirmed_buy_count,post_gap_confirmed_sell_count,post_gap_confirmed_signal_count,has_post_gap_confirmed_signal
v5_30m__entry_sma_100__exit_sma_50__entry_hours_6p5__exit_hours_0,SMA,SMA,SMA/SMA,sma_100,sma_50,6.5,0.0,14,1,0.49918780713065075,0.49918780713065075,0.08120198620004682,-0.1843367424882122,0.13513742071256715,0.47131358109265287,127.97440831744092,11.636029590587661,64,128,709.5,20.855115857091167,62.565463173678594,0.12397858154597362,2359.9962757307,2483.9748572766734,1243.8907190194404,1.3599962757306998,2767,2001-01-02,2011-12-30,30,1.0,3.0,observed_only_blackout_v1,17,provider_daily_raw_close_not_NOCP,14,0,True,False,False,False,False,0,0,0,0,0,False
v5_30m__entry_sma_20__exit_ema_100__entry_hours_0__exit_hours_3,SMA,EMA,SMA/EMA,sma_20,ema_100,0.0,3.0,1,7,0.4912139481801165,0.4912139481801165,0.08496948811122462,-0.185039967363962,0.1482513947892155,0.5934183416629041,117.97640766764084,10.726964778823,59,118,969.0169491525423,19.661696525606686,58.98521671761851,0.11851074705426527,2452.0316050293673,2570.5423520836325,1243.8907190194404,1.4520316050293673,2767,2001-01-02,2011-12-30,30,1.0,3.0,observed_only_blackout_v1,17,provider_daily_raw_close_not_NOCP,14,0,True,False,False,False,False,0,0,0,0,0,False
v5_30m__entry_sma_250__exit_macd_96_208_72__entry_hours_1__exit_hours_0p5,SMA,MACD,SMA/MACD,sma_250,macd_96_208_72,1.0,0.5,3,2,0.5056114291368018,0.5056114291368018,0.07432431600618417,-0.17569749934452839,0.11606023572667448,0.41694042670237225,33.9932022093202,3.0908203599998436,17,34,2362.9117647058824,5.746681177116917,17.24013892489365,0.030124946461111447,2200.041209315465,2230.1661557765765,1243.8907190194404,1.200041209315465,2767,2001-01-02,2011-12-30,30,1.0,3.0,observed_only_blackout_v1,17,provider_daily_raw_close_not_NOCP,14,0,True,False,False,False,False,0,0,0,0,0,False
v5_30m__entry_ema_100__exit_sma_50__entry_hours_3__exit_hours_0,EMA,SMA,EMA/SMA,ema_100,sma_50,3.0,0.0,7,1,0.49731766270036837,0.49731766270036837,0.0812766695496232,-0.16701044481249838,0.13603129200919667,0.5014194003747009,177.9644115664413,16.18135364941097,89,178,542.7921348314607,29.3778236700515,88.13359061904201,0.17429055503127164,2361.789755797105,2536.0803108283767,1243.8907190194404,1.3617897557971053,2767,2001-01-02,2011-12-30,30,1.0,3.0,observed_only_blackout_v1,17,provider_daily_raw_close_not_NOCP,14,0,True,False,False,False,False,0,0,0,0,0,False
v5_30m__entry_ema_200__exit_ema_100__entry_hours_5p5__exit_hours_2p5,EMA,EMA,EMA/EMA,ema_200,ema_100,5.5,2.5,12,6,0.48042277574959164,0.48042277574959164,0.07584197021500128,-0.19532870669803637,0.12818745467793258,0.5383860872814461,85.9828055882806,7.817957381176083,43,86,1206.2790697674418,14.713082964691026,44.139353837887285,0.07820296899747382,2234.4647619051416,2312.6677309026154,1243.8907190194404,1.2344647619051416,2767,2001-01-02,2011-12-30,30,1.0,3.0,observed_only_blackout_v1,17,provider_daily_raw_close_not_NOCP,14,0,True,False,False,False,False,0,0,0,0,0,False
v5_30m__entry_ema_200__exit_macd_96_208_72__entry_hours_1__exit_hours_0p5,EMA,MACD,EMA/MACD,ema_200,macd_96_208_72,1.0,0.5,3,2,0.5452559227594296,0.5452559227594296,0.08033182243480907,-0.16070684971879268,0.1183549804291271,0.42562290138929976,33.9932022093202,3.0908203599998436,17,34,2412.1176470588234,5.823401344293156,17.47031201687229,0.0320303083267554,2339.190821698332,2371.2211300250874,1243.8907190194404,1.339190821698332,2767,2001-01-02,2011-12-30,30,1.0,3.0,observed_only_blackout_v1,17,provider_daily_raw_close_not_NOCP,14,0,True,False,False,False,False,0,0,0,0,0,False
v5_30m__entry_macd_96_208_72__exit_sma_50__entry_hours_6p5__exit_hours_0,MACD,SMA,MACD/SMA,macd_96_208_72,sma_50,6.5,0.0,14,1,0.582507837434033,0.582507837434033,0.08863812904322721,-0.14174212689601196,0.12541253648195985,0.36467950614208533,93.98120610812066,8.545209230587812,47,94,747.5425531914893,14.60317828821774,43.80966114756008,0.09750517249197674,2544.7755349188114,2642.280707410788,1243.8907190194404,1.5447755349188115,2767,2001-01-02,2011-12-30,30,1.0,3.0,observed_only_blackout_v1,17,provider_daily_raw_close_not_NOCP,14,0,True,False,False,False,False,0,0,0,0,0,False
v5_30m__entry_macd_96_208_72__exit_ema_100__entry_hours_2__exit_hours_1p5,MACD,EMA,MACD/EMA,macd_96_208_72,ema_100,2.0,1.5,5,4,0.44614409461221477,0.44614409461221477,0.07307694375192986,-0.2549492297050524,0.1339530400872798,0.4630359079751099,73.9852048085205,6.7270796070584895,37,74,1205.6891891891892,10.960256417791008,32.88086492890768,0.06525547262212057,2172.1099511752286,2237.365423797349,1243.8907190194404,1.1721099511752286,2767,2001-01-02,2011-12-30,30,1.0,3.0,observed_only_blackout_v1,17,provider_daily_raw_close_not_NOCP,14,0,True,False,False,False,False,0,0,0,0,0,False
v5_30m__entry_macd_96_208_72__exit_macd_48_104_36__entry_hours_0p5__exit_hours_6p5,MACD,MACD,MACD/MACD,macd_96_208_72,macd_48_104_36,0.5,6.5,2,14,0.3280885335815248,0.3280885335815248,0.058820580714586734,-0.27357741844283645,0.14676578609065644,0.39215411522313387,37.99240246924023,3.4544462847057082,19,38,1988.5,4.467278767641802,13.401903774080434,0.028717576024897197,1874.9917555242987,1903.709331549196,1243.8907190194404,0.8749917555242988,2767,2001-01-02,2011-12-30,30,1.0,3.0,observed_only_blackout_v1,17,provider_daily_raw_close_not_NOCP,14,0,True,False,False,False,False,0,0,0,0,0,False
