candidate_id,entry_family,exit_family,family_cell,entry_rule,exit_rule,entry_confirmation_hours,exit_confirmation_hours,entry_required_checks,exit_required_checks,cash_excess_sharpe,cash_excess_Sharpe,cagr,max_drawdown,annualized_volatility,exposure_fraction,total_turnover,annualized_turnover,trade_count,order_count,average_holding_hours,total_commission,total_slippage,cost_drag_return,terminal_equity,gross_terminal_equity,cash_terminal_equity,total_return,scored_sessions,start_session,end_session,sampling_minutes,commission_bps,slippage_bps,quality_profile,daily_valuation_hour_ny,daily_quote_kind,unknown_missing_slots,halt_affected_slots,quality_classification_complete,tradable_price_coverage_complete,source_row_presence_complete,raw_intraday_price_coverage_complete,all_slots_signal_eligible,cancelled_blackout_order_count,cancelled_terminal_order_count,post_gap_confirmed_buy_count,post_gap_confirmed_sell_count,post_gap_confirmed_signal_count,has_post_gap_confirmed_signal,policy
v5_30m__entry_ema_200__exit_ema_100__entry_hours_5p5__exit_hours_2p5,EMA,EMA,EMA/EMA,ema_200,ema_100,5.5,2.5,12.0,6.0,0.8061498382004216,0.8061498382004216,0.1399427964306105,-0.2293962052485039,0.1482116630146323,0.7729235360922593,81.991801229836,7.881188559473782,41,82,1718.0487804878048,15.84927088830342,15.84929907839432,0.064593942344552,3906.446314704721,3971.040257049274,1268.3517618695712,2.9064463147047213,2615,2016-01-04,2026-05-28,30,1.0,1.0,observed_only_blackout_v1,17,provider_daily_raw_close_not_NOCP,0,0,True,True,True,True,True,0,0,0.0,0.0,0.0,False,v5_30m__entry_ema_200__exit_ema_100__entry_hours_5p5__exit_hours_2p5
benchmark_buy_and_hold,,,,,,,,,,0.8681085072633571,0.8681085072633571,0.2096514353920315,-0.3511955075769813,0.2219163047028257,0.9999890272070402,1.9998000299960004,0.1922241112066776,1,2,91133.5,0.8244192234826248,0.8244816756490809,0.002898018842352,7243.598168929139,7246.496187771491,1268.3517618695712,6.24359816892914,2615,2016-01-04,2026-05-28,30,1.0,1.0,observed_only_blackout_v1,17,provider_daily_raw_close_not_NOCP,0,0,True,True,True,True,True,0,0,,,,,buy_and_hold
benchmark_cash,,,,,,,,,,,,0.0231129307349764,-4.652266197835431e-06,0.0016687360423609,0.0,0.0,0.0,0,0,0.0,0.0,0.0,0.0,1268.3517618695712,1268.3517618695712,1268.3517618695712,0.2683517618695712,2615,2016-01-04,2026-05-28,30,1.0,1.0,observed_only_blackout_v1,17,provider_daily_raw_close_not_NOCP,0,0,True,True,True,True,True,0,0,,,,,cash
v5_30m__entry_ema_200__exit_ema_100__entry_hours_5p5__exit_hours_2p5,EMA,EMA,EMA/EMA,ema_200,ema_100,5.5,2.5,12.0,6.0,0.7951077075754412,0.7951077075754412,0.138147211502251,-0.2307820752783171,0.1482970693644013,0.7729235360922593,81.98360532836057,7.8804007557669,41,82,1718.0487804878048,15.6914206779917,47.07451294137294,0.1281371858529264,3842.903071196347,3971.040257049274,1268.3517618695712,2.8429030711963468,2615,2016-01-04,2026-05-28,30,1.0,3.0,observed_only_blackout_v1,17,provider_daily_raw_close_not_NOCP,0,0,True,True,True,True,True,0,0,0.0,0.0,0.0,False,v5_30m__entry_ema_200__exit_ema_100__entry_hours_5p5__exit_hours_2p5
benchmark_buy_and_hold,,,,,,,,,,0.8679363909830933,0.8679363909830933,0.2096049267994599,-0.3511955075769813,0.2219157192379488,0.9999890272070402,1.999600129960012,0.1922048964821193,1,2,91133.5,0.8241295097276911,2.4729504863050358,0.0057948788248359,7240.701308946655,7246.496187771491,1268.3517618695712,6.240701308946655,2615,2016-01-04,2026-05-28,30,1.0,3.0,observed_only_blackout_v1,17,provider_daily_raw_close_not_NOCP,0,0,True,True,True,True,True,0,0,,,,,buy_and_hold
benchmark_cash,,,,,,,,,,,,0.0231129307349764,-4.652266197835431e-06,0.0016687360423609,0.0,0.0,0.0,0,0,0.0,0.0,0.0,0.0,1268.3517618695712,1268.3517618695712,1268.3517618695712,0.2683517618695712,2615,2016-01-04,2026-05-28,30,1.0,3.0,observed_only_blackout_v1,17,provider_daily_raw_close_not_NOCP,0,0,True,True,True,True,True,0,0,,,,,cash
v5_30m__entry_ema_200__exit_ema_100__entry_hours_5p5__exit_hours_2p5,EMA,EMA,EMA/EMA,ema_200,ema_100,5.5,2.5,12.0,6.0,0.756495887880953,0.756495887880953,0.1318849054465043,-0.2356132651081717,0.1486119582697872,0.7729235360922593,81.9549454644945,7.8776459218953505,41,82,1718.0487804878048,15.153677146453717,151.53945339890038,0.3425086063689682,3628.531650680305,3971.040257049274,1268.3517618695712,2.628531650680305,2615,2016-01-04,2026-05-28,30,1.0,10.0,observed_only_blackout_v1,17,provider_daily_raw_close_not_NOCP,0,0,True,True,True,True,True,0,0,0.0,0.0,0.0,False,v5_30m__entry_ema_200__exit_ema_100__entry_hours_5p5__exit_hours_2p5
benchmark_buy_and_hold,,,,,,,,,,0.8673331735575397,0.8673331735575397,0.209442160738404,-0.3511955075769813,0.2219139455190497,0.9999890272070402,1.9989011088901103,0.1921377054120817,1,2,91133.5,0.8231164232720649,8.237403834337199,0.0159247727705687,7230.571415000923,7246.496187771491,1268.3517618695712,6.230571415000923,2615,2016-01-04,2026-05-28,30,1.0,10.0,observed_only_blackout_v1,17,provider_daily_raw_close_not_NOCP,0,0,True,True,True,True,True,0,0,,,,,buy_and_hold
benchmark_cash,,,,,,,,,,,,0.0231129307349764,-4.652266197835431e-06,0.0016687360423609,0.0,0.0,0.0,0,0,0.0,0.0,0.0,0.0,1268.3517618695712,1268.3517618695712,1268.3517618695712,0.2683517618695712,2615,2016-01-04,2026-05-28,30,1.0,10.0,observed_only_blackout_v1,17,provider_daily_raw_close_not_NOCP,0,0,True,True,True,True,True,0,0,,,,,cash
v5_30m__entry_ema_200__exit_ema_100__entry_hours_5p5__exit_hours_2p5,EMA,EMA,EMA/EMA,ema_200,ema_100,5.5,2.5,12.0,6.0,0.6740192550393171,0.6740192550393171,0.118581424894627,-0.2463008245302362,0.1493695122361777,0.7729235360922593,81.89366624434808,7.871755661143577,41,82,1718.0487804878048,14.074645995130684,351.88158928565656,0.762462852535004,3208.5774045142693,3971.040257049274,1268.3517618695712,2.208577404514269,2615,2016-01-04,2026-05-28,30,1.0,25.0,observed_only_blackout_v1,17,provider_daily_raw_close_not_NOCP,0,0,True,True,True,True,True,0,0,0.0,0.0,0.0,False,v5_30m__entry_ema_200__exit_ema_100__entry_hours_5p5__exit_hours_2p5
benchmark_buy_and_hold,,,,,,,,,,0.8660363427413287,0.8660363427413287,0.2090934490981688,-0.3511955075769815,0.2219115839215898,0.9999890272070402,1.9974064937645888,0.1919940405156971,1,2,91133.5,0.8209502877931278,20.562696354542304,0.0375840522445623,7208.912135526929,7246.496187771491,1268.3517618695712,6.208912135526929,2615,2016-01-04,2026-05-28,30,1.0,25.0,observed_only_blackout_v1,17,provider_daily_raw_close_not_NOCP,0,0,True,True,True,True,True,0,0,,,,,buy_and_hold
benchmark_cash,,,,,,,,,,,,0.0231129307349764,-4.652266197835431e-06,0.0016687360423609,0.0,0.0,0.0,0,0,0.0,0.0,0.0,0.0,1268.3517618695712,1268.3517618695712,1268.3517618695712,0.2683517618695712,2615,2016-01-04,2026-05-28,30,1.0,25.0,observed_only_blackout_v1,17,provider_daily_raw_close_not_NOCP,0,0,True,True,True,True,True,0,0,,,,,cash
