style,candidate_id,parameters
trend,v5_30m__entry_ema_100__exit_ema_200__entry_hours_3__exit_hours_3,"{""entry_confirmation_hours"": 3.0, ""entry_rule"": {""family"": ""EMA"", ""fast"": null, ""period"": 100, ""signal"": null, ""slow"": null}, ""exit_confirmation_hours"": 3.0, ""exit_rule"": {""family"": ""EMA"", ""fast"": null, ""period"": 200, ""signal"": null, ""slow"": null}}"
trend,v5_30m__entry_ema_100__exit_sma_200__entry_hours_3__exit_hours_3,"{""entry_confirmation_hours"": 3.0, ""entry_rule"": {""family"": ""EMA"", ""fast"": null, ""period"": 100, ""signal"": null, ""slow"": null}, ""exit_confirmation_hours"": 3.0, ""exit_rule"": {""family"": ""SMA"", ""fast"": null, ""period"": 200, ""signal"": null, ""slow"": null}}"
trend,v5_30m__entry_ema_10__exit_sma_200__entry_hours_3__exit_hours_3,"{""entry_confirmation_hours"": 3.0, ""entry_rule"": {""family"": ""EMA"", ""fast"": null, ""period"": 10, ""signal"": null, ""slow"": null}, ""exit_confirmation_hours"": 3.0, ""exit_rule"": {""family"": ""SMA"", ""fast"": null, ""period"": 200, ""signal"": null, ""slow"": null}}"
trend,v5_30m__entry_ema_20__exit_sma_200__entry_hours_3__exit_hours_3,"{""entry_confirmation_hours"": 3.0, ""entry_rule"": {""family"": ""EMA"", ""fast"": null, ""period"": 20, ""signal"": null, ""slow"": null}, ""exit_confirmation_hours"": 3.0, ""exit_rule"": {""family"": ""SMA"", ""fast"": null, ""period"": 200, ""signal"": null, ""slow"": null}}"
trend,v5_30m__entry_ema_50__exit_sma_200__entry_hours_3__exit_hours_3,"{""entry_confirmation_hours"": 3.0, ""entry_rule"": {""family"": ""EMA"", ""fast"": null, ""period"": 50, ""signal"": null, ""slow"": null}, ""exit_confirmation_hours"": 3.0, ""exit_rule"": {""family"": ""SMA"", ""fast"": null, ""period"": 200, ""signal"": null, ""slow"": null}}"
trend,v5_30m__entry_macd_12_26_9__exit_sma_200__entry_hours_3__exit_hours_3,"{""entry_confirmation_hours"": 3.0, ""entry_rule"": {""family"": ""MACD"", ""fast"": 12, ""period"": null, ""signal"": 9, ""slow"": 26}, ""exit_confirmation_hours"": 3.0, ""exit_rule"": {""family"": ""SMA"", ""fast"": null, ""period"": 200, ""signal"": null, ""slow"": null}}"
trend,v5_30m__entry_macd_24_52_18__exit_sma_200__entry_hours_3__exit_hours_3,"{""entry_confirmation_hours"": 3.0, ""entry_rule"": {""family"": ""MACD"", ""fast"": 24, ""period"": null, ""signal"": 18, ""slow"": 52}, ""exit_confirmation_hours"": 3.0, ""exit_rule"": {""family"": ""SMA"", ""fast"": null, ""period"": 200, ""signal"": null, ""slow"": null}}"
trend,v5_30m__entry_sma_100__exit_sma_200__entry_hours_3__exit_hours_3,"{""entry_confirmation_hours"": 3.0, ""entry_rule"": {""family"": ""SMA"", ""fast"": null, ""period"": 100, ""signal"": null, ""slow"": null}, ""exit_confirmation_hours"": 3.0, ""exit_rule"": {""family"": ""SMA"", ""fast"": null, ""period"": 200, ""signal"": null, ""slow"": null}}"
trend,v5_30m__entry_sma_10__exit_sma_200__entry_hours_3__exit_hours_3,"{""entry_confirmation_hours"": 3.0, ""entry_rule"": {""family"": ""SMA"", ""fast"": null, ""period"": 10, ""signal"": null, ""slow"": null}, ""exit_confirmation_hours"": 3.0, ""exit_rule"": {""family"": ""SMA"", ""fast"": null, ""period"": 200, ""signal"": null, ""slow"": null}}"
trend,v5_30m__entry_sma_20__exit_sma_200__entry_hours_3__exit_hours_3,"{""entry_confirmation_hours"": 3.0, ""entry_rule"": {""family"": ""SMA"", ""fast"": null, ""period"": 20, ""signal"": null, ""slow"": null}, ""exit_confirmation_hours"": 3.0, ""exit_rule"": {""family"": ""SMA"", ""fast"": null, ""period"": 200, ""signal"": null, ""slow"": null}}"
trend,v5_30m__entry_sma_50__exit_ema_200__entry_hours_3__exit_hours_3,"{""entry_confirmation_hours"": 3.0, ""entry_rule"": {""family"": ""SMA"", ""fast"": null, ""period"": 50, ""signal"": null, ""slow"": null}, ""exit_confirmation_hours"": 3.0, ""exit_rule"": {""family"": ""EMA"", ""fast"": null, ""period"": 200, ""signal"": null, ""slow"": null}}"
trend,v5_30m__entry_sma_50__exit_sma_200__entry_hours_3__exit_hours_3,"{""entry_confirmation_hours"": 3.0, ""entry_rule"": {""family"": ""SMA"", ""fast"": null, ""period"": 50, ""signal"": null, ""slow"": null}, ""exit_confirmation_hours"": 3.0, ""exit_rule"": {""family"": ""SMA"", ""fast"": null, ""period"": 200, ""signal"": null, ""slow"": null}}"
mean_reversion,mr_30m__ema_distance_10__entry_m0p04__exit_0__shared_hours_3,"{""confirmation_hours"": 3.0, ""entry_threshold"": -0.04, ""exit_threshold"": 0.0, ""rule"": {""family"": ""EMA_DISTANCE"", ""period"": 10}}"
mean_reversion,mr_30m__ema_distance_10__entry_m0p06__exit_0__shared_hours_3,"{""confirmation_hours"": 3.0, ""entry_threshold"": -0.06, ""exit_threshold"": 0.0, ""rule"": {""family"": ""EMA_DISTANCE"", ""period"": 10}}"
mean_reversion,mr_30m__ema_distance_10__entry_m0p06__exit_0p01__shared_hours_3,"{""confirmation_hours"": 3.0, ""entry_threshold"": -0.06, ""exit_threshold"": 0.01, ""rule"": {""family"": ""EMA_DISTANCE"", ""period"": 10}}"
mean_reversion,mr_30m__ema_distance_50__entry_m0p04__exit_0p01__shared_hours_3,"{""confirmation_hours"": 3.0, ""entry_threshold"": -0.04, ""exit_threshold"": 0.01, ""rule"": {""family"": ""EMA_DISTANCE"", ""period"": 50}}"
mean_reversion,mr_30m__rsi_14__entry_20__exit_50__shared_hours_3,"{""confirmation_hours"": 3.0, ""entry_threshold"": 20.0, ""exit_threshold"": 50.0, ""rule"": {""family"": ""RSI"", ""period"": 14}}"
mean_reversion,mr_30m__rsi_14__entry_20__exit_60__shared_hours_3,"{""confirmation_hours"": 3.0, ""entry_threshold"": 20.0, ""exit_threshold"": 60.0, ""rule"": {""family"": ""RSI"", ""period"": 14}}"
mean_reversion,mr_30m__rsi_14__entry_20__exit_70__shared_hours_3,"{""confirmation_hours"": 3.0, ""entry_threshold"": 20.0, ""exit_threshold"": 70.0, ""rule"": {""family"": ""RSI"", ""period"": 14}}"
mean_reversion,mr_30m__rsi_2__entry_10__exit_50__shared_hours_3,"{""confirmation_hours"": 3.0, ""entry_threshold"": 10.0, ""exit_threshold"": 50.0, ""rule"": {""family"": ""RSI"", ""period"": 2}}"
mean_reversion,mr_30m__rsi_2__entry_10__exit_60__shared_hours_3,"{""confirmation_hours"": 3.0, ""entry_threshold"": 10.0, ""exit_threshold"": 60.0, ""rule"": {""family"": ""RSI"", ""period"": 2}}"
mean_reversion,mr_30m__rsi_2__entry_10__exit_70__shared_hours_3,"{""confirmation_hours"": 3.0, ""entry_threshold"": 10.0, ""exit_threshold"": 70.0, ""rule"": {""family"": ""RSI"", ""period"": 2}}"
mean_reversion,mr_30m__rsi_2__entry_20__exit_50__shared_hours_3,"{""confirmation_hours"": 3.0, ""entry_threshold"": 20.0, ""exit_threshold"": 50.0, ""rule"": {""family"": ""RSI"", ""period"": 2}}"
mean_reversion,mr_30m__rsi_2__entry_20__exit_60__shared_hours_3,"{""confirmation_hours"": 3.0, ""entry_threshold"": 20.0, ""exit_threshold"": 60.0, ""rule"": {""family"": ""RSI"", ""period"": 2}}"
mean_reversion,mr_30m__rsi_2__entry_20__exit_70__shared_hours_3,"{""confirmation_hours"": 3.0, ""entry_threshold"": 20.0, ""exit_threshold"": 70.0, ""rule"": {""family"": ""RSI"", ""period"": 2}}"
mean_reversion,mr_30m__rsi_2__entry_30__exit_50__shared_hours_3,"{""confirmation_hours"": 3.0, ""entry_threshold"": 30.0, ""exit_threshold"": 50.0, ""rule"": {""family"": ""RSI"", ""period"": 2}}"
mean_reversion,mr_30m__rsi_2__entry_30__exit_60__shared_hours_3,"{""confirmation_hours"": 3.0, ""entry_threshold"": 30.0, ""exit_threshold"": 60.0, ""rule"": {""family"": ""RSI"", ""period"": 2}}"
mean_reversion,mr_30m__rsi_2__entry_30__exit_70__shared_hours_3,"{""confirmation_hours"": 3.0, ""entry_threshold"": 30.0, ""exit_threshold"": 70.0, ""rule"": {""family"": ""RSI"", ""period"": 2}}"
mean_reversion,mr_30m__rsi_5__entry_10__exit_50__shared_hours_3,"{""confirmation_hours"": 3.0, ""entry_threshold"": 10.0, ""exit_threshold"": 50.0, ""rule"": {""family"": ""RSI"", ""period"": 5}}"
mean_reversion,mr_30m__rsi_5__entry_10__exit_60__shared_hours_3,"{""confirmation_hours"": 3.0, ""entry_threshold"": 10.0, ""exit_threshold"": 60.0, ""rule"": {""family"": ""RSI"", ""period"": 5}}"
mean_reversion,mr_30m__rsi_5__entry_10__exit_70__shared_hours_3,"{""confirmation_hours"": 3.0, ""entry_threshold"": 10.0, ""exit_threshold"": 70.0, ""rule"": {""family"": ""RSI"", ""period"": 5}}"
mean_reversion,mr_30m__rsi_5__entry_20__exit_50__shared_hours_3,"{""confirmation_hours"": 3.0, ""entry_threshold"": 20.0, ""exit_threshold"": 50.0, ""rule"": {""family"": ""RSI"", ""period"": 5}}"
mean_reversion,mr_30m__rsi_5__entry_30__exit_50__shared_hours_3,"{""confirmation_hours"": 3.0, ""entry_threshold"": 30.0, ""exit_threshold"": 50.0, ""rule"": {""family"": ""RSI"", ""period"": 5}}"
mean_reversion,mr_30m__sma_distance_10__entry_m0p02__exit_0__shared_hours_3,"{""confirmation_hours"": 3.0, ""entry_threshold"": -0.02, ""exit_threshold"": 0.0, ""rule"": {""family"": ""SMA_DISTANCE"", ""period"": 10}}"
mean_reversion,mr_30m__sma_distance_10__entry_m0p02__exit_0p01__shared_hours_3,"{""confirmation_hours"": 3.0, ""entry_threshold"": -0.02, ""exit_threshold"": 0.01, ""rule"": {""family"": ""SMA_DISTANCE"", ""period"": 10}}"
mean_reversion,mr_30m__sma_distance_10__entry_m0p04__exit_0__shared_hours_3,"{""confirmation_hours"": 3.0, ""entry_threshold"": -0.04, ""exit_threshold"": 0.0, ""rule"": {""family"": ""SMA_DISTANCE"", ""period"": 10}}"
mean_reversion,mr_30m__sma_distance_10__entry_m0p04__exit_0p01__shared_hours_3,"{""confirmation_hours"": 3.0, ""entry_threshold"": -0.04, ""exit_threshold"": 0.01, ""rule"": {""family"": ""SMA_DISTANCE"", ""period"": 10}}"
mean_reversion,mr_30m__sma_distance_10__entry_m0p06__exit_0__shared_hours_3,"{""confirmation_hours"": 3.0, ""entry_threshold"": -0.06, ""exit_threshold"": 0.0, ""rule"": {""family"": ""SMA_DISTANCE"", ""period"": 10}}"
mean_reversion,mr_30m__sma_distance_10__entry_m0p06__exit_0p01__shared_hours_3,"{""confirmation_hours"": 3.0, ""entry_threshold"": -0.06, ""exit_threshold"": 0.01, ""rule"": {""family"": ""SMA_DISTANCE"", ""period"": 10}}"
mean_reversion,mr_30m__zscore_10__entry_m1p5__exit_0__shared_hours_3,"{""confirmation_hours"": 3.0, ""entry_threshold"": -1.5, ""exit_threshold"": 0.0, ""rule"": {""family"": ""ZSCORE"", ""period"": 10}}"
mean_reversion,mr_30m__zscore_10__entry_m1p5__exit_m0p5__shared_hours_3,"{""confirmation_hours"": 3.0, ""entry_threshold"": -1.5, ""exit_threshold"": -0.5, ""rule"": {""family"": ""ZSCORE"", ""period"": 10}}"
mean_reversion,mr_30m__zscore_10__entry_m2__exit_0__shared_hours_3,"{""confirmation_hours"": 3.0, ""entry_threshold"": -2.0, ""exit_threshold"": 0.0, ""rule"": {""family"": ""ZSCORE"", ""period"": 10}}"
mean_reversion,mr_30m__zscore_50__entry_m2p5__exit_0__shared_hours_3,"{""confirmation_hours"": 3.0, ""entry_threshold"": -2.5, ""exit_threshold"": 0.0, ""rule"": {""family"": ""ZSCORE"", ""period"": 50}}"
mean_reversion,mr_30m__zscore_50__entry_m2p5__exit_0p5__shared_hours_3,"{""confirmation_hours"": 3.0, ""entry_threshold"": -2.5, ""exit_threshold"": 0.5, ""rule"": {""family"": ""ZSCORE"", ""period"": 50}}"
