portfolio_id,basket_id,cash_excess_sharpe,cagr,max_drawdown,annualized_volatility,exposure_fraction,exposure_definition,initial_weighted_binary_long_time_fraction,gross_sleeve_order_count,gross_sleeve_orders_per_year,distinct_execution_timestamp_count,distinct_execution_timestamps_per_year,total_turnover,annualized_turnover,total_commission,total_slippage,cost_drag_return,terminal_equity,gross_terminal_equity,total_return,positive_weight_sleeve_count,gross_sleeve_completed_round_trips,average_gross_sleeve_holding_hours,holding_duration_definition,scored_sessions,elapsed_calendar_years,start_session,end_session,commission_bps,slippage_bps,blocked_oversold_checks,trend_break_exit_count,entry_cancellation_count,exit_cancellation_count,unknown_gate_reset_count,cancelled_blackout_order_count,cancelled_terminal_order_count,gate_period,exit_policy,scenario_slippage_bps,stage,BH_cash_excess_sharpe,Sharpe_difference_vs_BH,beats_BH_Sharpe
multi_scale_sma100_entry_only,multi_scale_sma100_entry_only,0.4031560536595813,0.047139834689560844,-0.06558460616255324,0.04213459611284192,0.08007328677729927,calendar_time_weighted_event_left_QQQ_notional_over_total_wealth,0.07231092393363331,2674,243.13254137539116,929,84.46900932600538,93.77334860025353,8.52630985731493,12.547453345571036,12.54745630614316,0.0345886821452159,1659.6396882159813,1694.2283703611972,0.6596396882159814,32,1337,166.74195961106955,mean_elapsed_calendar_hours_per_completed_gross_sleeve_round_trip,2767,10.998116438356165,2001-01-02,2011-12-30,1.0,1.0,61427,0,4,0,0,0,0,100,entry_only,1.0,development,0.0434486484515093,0.359707405208072,True
multi_scale_sma200_entry_only,multi_scale_sma200_entry_only,0.30890763285485084,0.042952157456052076,-0.06920152712924432,0.041966608185528755,0.08394681242200668,calendar_time_weighted_event_left_QQQ_notional_over_total_wealth,0.07882505047045207,2748,249.8609662302075,957,87.01489981161157,92.11157741945203,8.375213877370033,12.228906630553684,12.228908942774533,0.030672502557243433,1588.0853995934333,1618.7579021506767,0.5880853995934332,32,1374,176.86826783114992,mean_elapsed_calendar_hours_per_completed_gross_sleeve_round_trip,2767,10.998116438356165,2001-01-02,2011-12-30,1.0,1.0,58802,0,5,0,0,0,0,200,entry_only,1.0,development,0.0434486484515093,0.26545898440334154,True
multi_scale_sma100_recovery_or_trend_break,multi_scale_sma100_recovery_or_trend_break,0.43355211641327857,0.044361154315801565,-0.03370502589212332,0.03220620454079331,0.05380403604789787,calendar_time_weighted_event_left_QQQ_notional_over_total_wealth,0.0494534205732613,2684,244.04178797739337,828,75.28561864578305,92.44470900352428,8.405503753453763,12.085496255350538,12.08549870276359,0.03410511711257004,1611.841372579658,1645.946489692228,0.6118413725796579,32,1342,113.60991058122205,mean_elapsed_calendar_hours_per_completed_gross_sleeve_round_trip,2767,10.998116438356165,2001-01-02,2011-12-30,1.0,1.0,70209,396,7,0,0,0,0,100,recovery_or_trend_break,1.0,development,0.0434486484515093,0.39010346796176926,True
multi_scale_sma200_recovery_or_trend_break,multi_scale_sma200_recovery_or_trend_break,0.48289095245739905,0.04678876041031055,-0.03529881980803362,0.03386605754753031,0.061841818084932,calendar_time_weighted_event_left_QQQ_notional_over_total_wealth,0.056694114029488235,2796,254.22534991981814,864,78.558906412991,95.27504340627064,8.662850947276471,12.946364062694315,12.94636686687348,0.03402760146665719,1653.5302864340583,1687.5578879007155,0.6535302864340584,32,1398,125.02682403433477,mean_elapsed_calendar_hours_per_completed_gross_sleeve_round_trip,2767,10.998116438356165,2001-01-02,2011-12-30,1.0,1.0,66606,348,5,0,0,0,0,200,recovery_or_trend_break,1.0,development,0.0434486484515093,0.43944230400588974,True
multi_scale_sma100_entry_only,multi_scale_sma100_entry_only,0.3635473311225706,0.045231876724650455,-0.06447193591347278,0.04164053154146882,0.07915336037974549,calendar_time_weighted_event_left_QQQ_notional_over_total_wealth,0.07231092393363331,2674,243.13254137539116,929,84.46900932600538,92.42753282001891,8.403942014805,12.225972155361891,36.677942565588324,0.06754540629825488,1626.6829640629423,1694.2283703611972,0.6266829640629423,32,1337,166.74195961106955,mean_elapsed_calendar_hours_per_completed_gross_sleeve_round_trip,2767,10.998116438356165,2001-01-02,2011-12-30,1.0,3.0,61427,0,4,0,0,0,0,100,entry_only,3.0,development,0.04332982424247732,0.32021750688009326,True
multi_scale_sma200_entry_only,multi_scale_sma200_entry_only,0.2708766614340029,0.041186851116829404,-0.0682554023926839,0.041522345210077076,0.08311452196436281,calendar_time_weighted_event_left_QQQ_notional_over_total_wealth,0.07882505047045207,2748,249.8609662302075,957,87.01489981161157,90.89698202818603,8.264777204138417,11.939047304713664,35.817162430596994,0.05998657945792047,1558.7713226927563,1618.7579021506767,0.5587713226927562,32,1374,176.86826783114992,mean_elapsed_calendar_hours_per_completed_gross_sleeve_round_trip,2767,10.998116438356165,2001-01-02,2011-12-30,1.0,3.0,58802,0,5,0,0,0,0,200,entry_only,3.0,development,0.04332982424247732,0.22754683719152557,True
multi_scale_sma100_recovery_or_trend_break,multi_scale_sma100_recovery_or_trend_break,0.37970314110599357,0.04243020061949054,-0.033467362069244055,0.03185659465914116,0.05313066781977077,calendar_time_weighted_event_left_QQQ_notional_over_total_wealth,0.0494534205732613,2684,244.04178797739337,828,75.28561864578305,91.09908641061273,8.28315347643554,11.772176264004905,35.31655024965385,0.0665802794524668,1579.3662102397611,1645.946489692228,0.5793662102397612,32,1342,113.60991058122205,mean_elapsed_calendar_hours_per_completed_gross_sleeve_round_trip,2767,10.998116438356165,2001-01-02,2011-12-30,1.0,3.0,70209,396,7,0,0,0,0,100,recovery_or_trend_break,3.0,development,0.04332982424247732,0.33637331686351624,True
multi_scale_sma200_recovery_or_trend_break,multi_scale_sma200_recovery_or_trend_break,0.4340289122344693,0.04490154350072517,-0.03510907474340241,0.03347748829972397,0.06112554266895817,calendar_time_weighted_event_left_QQQ_notional_over_total_wealth,0.056694114029488235,2796,254.22534991981814,864,78.558906412991,94.02249805798235,8.548963687097991,12.631791545179706,37.895399449416274,0.06652006506036105,1621.0378228403545,1687.5578879007155,0.6210378228403544,32,1398,125.02682403433477,mean_elapsed_calendar_hours_per_completed_gross_sleeve_round_trip,2767,10.998116438356165,2001-01-02,2011-12-30,1.0,3.0,66606,348,5,0,0,0,0,200,recovery_or_trend_break,3.0,development,0.04332982424247732,0.390699087991992,True
multi_scale_sma100_entry_only,multi_scale_sma100_entry_only,0.22660901919767296,0.038986188566396685,-0.06066840457698219,0.040001524265545825,0.07603338570402805,calendar_time_weighted_event_left_QQQ_notional_over_total_wealth,0.07231092393363331,2674,243.13254137539116,929,84.46900932600538,87.8955180182956,7.991870108935937,11.195444881891085,111.95471935679629,0.1713113750581565,1522.9169953030407,1694.2283703611972,0.5229169953030408,32,1337,166.74195961106955,mean_elapsed_calendar_hours_per_completed_gross_sleeve_round_trip,2767,10.998116438356165,2001-01-02,2011-12-30,1.0,10.0,61427,0,4,0,0,0,0,100,entry_only,10.0,development,0.04291412626972717,0.18369489292794577,True
multi_scale_sma200_entry_only,multi_scale_sma200_entry_only,0.1395254635089622,0.03538493964947964,-0.06502221761930815,0.04004048587164033,0.08028918243782508,calendar_time_weighted_event_left_QQQ_notional_over_total_wealth,0.07882505047045207,2748,249.8609662302075,957,87.01489981161157,86.80265893825108,7.8925022684361625,11.005578862312092,110.05600600338153,0.15290012915524312,1465.8577729954336,1618.7579021506767,0.4658577729954336,32,1374,176.86826783114992,mean_elapsed_calendar_hours_per_completed_gross_sleeve_round_trip,2767,10.998116438356165,2001-01-02,2011-12-30,1.0,10.0,58802,0,5,0,0,0,0,200,entry_only,10.0,development,0.04291412626972717,0.09661133723923503,True
multi_scale_sma100_recovery_or_trend_break,multi_scale_sma100_recovery_or_trend_break,0.19427414590677688,0.03611491146055035,-0.03265559282170649,0.030712079005214863,0.050855708751651144,calendar_time_weighted_event_left_QQQ_notional_over_total_wealth,0.0494534205732613,2684,244.04178797739337,828,75.28561864578305,86.56841685163226,7.871203886305755,10.768835325799715,107.6885714792443,0.1686823958026282,1477.2640938895997,1645.946489692228,0.4772640938895998,32,1342,113.60991058122205,mean_elapsed_calendar_hours_per_completed_gross_sleeve_round_trip,2767,10.998116438356165,2001-01-02,2011-12-30,1.0,10.0,70209,396,7,0,0,0,0,100,recovery_or_trend_break,10.0,development,0.04291412626972717,0.1513600196370497,True
multi_scale_sma200_recovery_or_trend_break,multi_scale_sma200_recovery_or_trend_break,0.26443042389245197,0.03869577748478914,-0.034351570506413576,0.03218855516723544,0.05869749486099739,calendar_time_weighted_event_left_QQQ_notional_over_total_wealth,0.056694114029488235,2796,254.22534991981814,864,78.558906412991,89.79840247219286,8.164889231306828,11.620611467668306,116.20637519658918,0.16931599576306985,1518.2418921376457,1687.5578879007155,0.5182418921376457,32,1398,125.02682403433477,mean_elapsed_calendar_hours_per_completed_gross_sleeve_round_trip,2767,10.998116438356165,2001-01-02,2011-12-30,1.0,10.0,66606,348,5,0,0,0,0,200,recovery_or_trend_break,10.0,development,0.04291412626972717,0.2215162976227248,True
multi_scale_sma100_entry_only,multi_scale_sma100_entry_only,-0.05638239005918818,0.027614658902814115,-0.053068304860600435,0.03693519929234639,0.0698745109338744,calendar_time_weighted_event_left_QQQ_notional_over_total_wealth,0.07231092393363331,2674,243.13254137539116,929,84.46900932600538,79.10354940020015,7.1924633498446005,9.399405599392173,234.98661793274664,0.3449209268674779,1349.3074434937193,1694.2283703611972,0.34930744349371934,32,1337,166.74195961106955,mean_elapsed_calendar_hours_per_completed_gross_sleeve_round_trip,2767,10.998116438356165,2001-01-02,2011-12-30,1.0,25.0,61427,0,4,0,0,0,0,100,entry_only,25.0,development,0.042024325100356,-0.09840671515954419,False
multi_scale_sma200_entry_only,multi_scale_sma200_entry_only,-0.13188955248534417,0.024708421073552422,-0.06132626733345936,0.03722415430532677,0.07469165096682479,calendar_time_weighted_event_left_QQQ_notional_over_total_wealth,0.07882505047045207,2748,249.8609662302075,957,87.01489981161157,78.82886668215696,7.16748791704365,9.360689664837546,234.0184814216162,0.31083124431455394,1307.9266578361228,1618.7579021506767,0.30792665783612283,32,1374,176.86826783114992,mean_elapsed_calendar_hours_per_completed_gross_sleeve_round_trip,2767,10.998116438356165,2001-01-02,2011-12-30,1.0,25.0,58802,0,5,0,0,0,0,200,entry_only,25.0,development,0.042024325100356,-0.17391387758570018,False
multi_scale_sma100_recovery_or_trend_break,multi_scale_sma100_recovery_or_trend_break,-0.1835608899708707,0.024646732977952057,-0.03168078642826622,0.028634861101020384,0.04640862007607768,calendar_time_weighted_event_left_QQQ_notional_over_total_wealth,0.0494534205732613,2684,244.04178797739337,828,75.28561864578305,77.78454112282482,7.072532970422969,9.02436567308198,225.61028747886508,0.3388855411247639,1307.060948567464,1645.946489692228,0.307060948567464,32,1342,113.60991058122205,mean_elapsed_calendar_hours_per_completed_gross_sleeve_round_trip,2767,10.998116438356165,2001-01-02,2011-12-30,1.0,25.0,70209,396,7,0,0,0,0,100,recovery_or_trend_break,25.0,development,0.042024325100356,-0.2255852150712267,False
multi_scale_sma200_recovery_or_trend_break,multi_scale_sma200_recovery_or_trend_break,-0.08957371381127834,0.027264173344515585,-0.03301608270347289,0.029770898546176938,0.05390561442783924,calendar_time_weighted_event_left_QQQ_notional_over_total_wealth,0.056694114029488235,2796,254.22534991981814,864,78.558906412991,81.56566545144956,7.416330415177963,9.846437142658258,246.16238851335837,0.3433032049186386,1344.254682982077,1687.5578879007155,0.34425468298207695,32,1398,125.02682403433477,mean_elapsed_calendar_hours_per_completed_gross_sleeve_round_trip,2767,10.998116438356165,2001-01-02,2011-12-30,1.0,25.0,66606,348,5,0,0,0,0,200,recovery_or_trend_break,25.0,development,0.042024325100356,-0.13159803891163435,False
