cash_excess_sharpe,cagr,max_drawdown,annualized_volatility,terminal_equity,total_return,portfolio_id,architecture,core_weight,initial_trend_weight,ending_trend_weight,initial_mean_reversion_weight,ending_mean_reversion_weight,blend_coefficient,ending_tf_signal_contribution,ending_mr_signal_contribution,mean_tf_signal_contribution,mean_mr_signal_contribution,signal_contribution_definition,ending_regime_mode,tactical_average_holding_hours,style_weight_definition,exposure_fraction,exposure_definition,gross_sleeve_order_count,gross_sleeve_orders_per_year,distinct_execution_timestamp_count,distinct_execution_timestamps_per_year,total_turnover,annualized_turnover,total_commission,total_slippage,gross_terminal_equity,cost_drag_return,positive_weight_sleeve_count,gross_sleeve_completed_flat_to_flat_episodes,average_gross_sleeve_holding_hours,portfolio_flat_to_flat_episode_count,portfolio_average_flat_to_flat_holding_hours,median_pair_orders_per_year,scored_sessions,elapsed_calendar_years,start_session,end_session,commission_bps,slippage_bps,regime_tf_occupancy_fraction,regime_mr_occupancy_fraction,er_unknown_time_fraction,regime_switch_count,regime_switch_cancellation_count,er_unknown_blocked_risk_add_count,actual_post_gap_order_count,blocked_oversold_checks,forced_tactical_exit_count,entry_cancellation_count,cancelled_blackout_order_count,cancelled_terminal_order_count,cancellation_count_definition,trend_allocation,scenario_slippage_bps,stage,BH_cash_excess_sharpe,Sharpe_difference_vs_BH
0.16824926492066583,0.041030888302691304,-0.11961976724713286,0.0797839516292032,1556.205256103012,0.556205256103012,hybrid_core_050,A,0.5,0.5,0.49572413103023044,0.5,0.5042758689697695,,,,,,not_applicable,not_applicable,131.99954435982556,funded_self_financing_sleeve_capital,0.32558363760333087,calendar_time_weighted_event_left_QQQ_notional_over_total_wealth,31546,2868.3093306761743,1025,93.1977767052266,76.2165947822634,6.929967982195242,10.205508928270524,10.205511925859373,1581.1148751200258,0.02490961901701371,396,15773,171.08390921194447,39,1529.051282051282,8.274144078220118,2767,10.998116438356165,2001-01-02,2011-12-30,1.0,1.0,,,,0,0,0,0,827810,2739,0,0,0,funded_sleeve_pending_intents,0.5,1.0,development,0.0434486484515093,0.12480061646915652
0.1484188221353111,0.04070659656750486,-0.15932907764638038,0.10188184995472943,1550.8819522908816,0.5508819522908817,hybrid_core_070,A,0.7,0.7,0.6963959416804866,0.30000000000000004,0.3036040583195134,,,,,,not_applicable,not_applicable,131.99954435982556,funded_self_financing_sleeve_capital,0.42869254154317477,calendar_time_weighted_event_left_QQQ_notional_over_total_wealth,31546,2868.3093306761743,1025,93.1977767052266,72.6663517576762,6.607163341556446,9.679045701551848,9.67904909843568,1574.264326296089,0.02338237400520734,396,15773,171.08390921194447,39,1529.051282051282,8.274144078220118,2767,10.998116438356165,2001-01-02,2011-12-30,1.0,1.0,,,,0,0,0,0,827810,2739,0,0,0,funded_sleeve_pending_intents,0.7,1.0,development,0.0434486484515093,0.10497017368380179
0.13958887108052678,0.04038129134746882,-0.2005530515089764,0.12415822094015432,1545.5586484787511,0.5455586484787511,hybrid_core_090,A,0.9,0.9,0.898450083587694,0.09999999999999998,0.10154991641230604,,,,,,not_applicable,not_applicable,131.99954435982556,funded_self_financing_sleeve_capital,0.530132242683051,calendar_time_weighted_event_left_QQQ_notional_over_total_wealth,31546,2868.3093306761743,1025,93.1977767052266,69.43643571042955,6.313484322485303,9.152582474833192,9.15258627101196,1567.413777472152,0.021855128993400967,396,15773,171.08390921194447,39,1529.051282051282,8.274144078220118,2767,10.998116438356165,2001-01-02,2011-12-30,1.0,1.0,,,,0,0,0,0,827810,2739,0,0,0,funded_sleeve_pending_intents,0.9,1.0,development,0.0434486484515093,0.09614022262901747
0.18572018023310374,0.04258827578121682,-0.11782814384200668,0.08077560750186535,1582.0022202342495,0.5820022202342496,hybrid_blend_050,B,0.5,,,,,0.5,0.375,0.0,0.2900202141296507,0.02740720972786609,confirmed_target_components_not_capital; ending_at_last_safe_open_before_terminal_liquidation,not_applicable,131.99954435982556,signal_target_attribution_not_funded_sleeve_capital,0.32918347813347204,calendar_time_weighted_event_left_QQQ_notional_over_total_wealth,54227,4930.571548677389,1025,93.1977767052266,75.45589916477046,6.860801991658899,10.192533658142176,10.192536907281653,1606.3615648951875,0.024359344660937948,384,13120,1635.6036585365853,39,1529.051282051282,7.9104454374192334,2767,10.998116438356165,2001-01-02,2011-12-30,1.0,1.0,,,,0,0,0,0,827810,2739,0,0,0,shared_TF_and_warm_GMR_model_intents_not_cancelled_broker_orders,0.5,1.0,development,0.0434486484515093,0.14227153178159443
0.16006658252926545,0.041992155797603514,-0.15900199348369282,0.10275522103462625,1572.0823668442204,0.5720823668442203,hybrid_blend_070,B,0.7,,,,,0.7,0.5249999999999999,0.0,0.40602829978151095,0.016444325836719655,confirmed_target_components_not_capital; ending_at_last_safe_open_before_terminal_liquidation,not_applicable,131.99954435982556,signal_target_attribution_not_funded_sleeve_capital,0.4316705514255582,calendar_time_weighted_event_left_QQQ_notional_over_total_wealth,54227,4930.571548677389,1025,93.1977767052266,72.07080874084431,6.553013795116392,9.668510776422465,9.668514383180353,1595.0088439779065,0.02292647713368615,384,13120,1635.6036585365853,39,1529.051282051282,7.9104454374192334,2767,10.998116438356165,2001-01-02,2011-12-30,1.0,1.0,,,,0,0,0,0,827810,2739,0,0,0,shared_TF_and_warm_GMR_model_intents_not_cancelled_broker_orders,0.7,1.0,development,0.0434486484515093,0.11661793407775614
0.14372794101437683,0.04092278031304386,-0.20044147002862744,0.12454175589439365,1554.4288022918586,0.5544288022918586,hybrid_blend_090,B,0.9,,,,,0.9,0.675,0.0,0.5220363854333712,0.005481441945573217,confirmed_target_components_not_capital; ending_at_last_safe_open_before_terminal_liquidation,not_applicable,131.99954435982556,signal_target_attribution_not_funded_sleeve_capital,0.5313907670538438,calendar_time_weighted_event_left_QQQ_notional_over_total_wealth,54227,4930.571548677389,1025,93.1977767052266,69.19792406870408,6.291797732507618,9.148106805393864,9.148110690699985,1576.0916262807452,0.021662823988886658,384,13120,1635.6036585365853,39,1529.051282051282,7.9104454374192334,2767,10.998116438356165,2001-01-02,2011-12-30,1.0,1.0,,,,0,0,0,0,827810,2739,0,0,0,shared_TF_and_warm_GMR_model_intents_not_cancelled_broker_orders,0.9,1.0,development,0.0434486484515093,0.10027929256286752
-0.03509007494361812,0.024913930489092406,-0.18448976226160574,0.07454063463937143,1310.814467616329,0.3108144676163289,hybrid_regime_er20_025_035,C,,,,,,,,,,,not_applicable,MR,131.99954435982556,signal_target_attribution_not_funded_sleeve_capital,0.22612455595261707,calendar_time_weighted_event_left_QQQ_notional_over_total_wealth,64884,5899.555652431144,796,72.37602951937598,170.9497653902991,15.543549329420458,21.67957945406928,21.679579929586478,1356.520919239479,0.04570645162315009,384,32442,255.47441588064854,118,322.8135593220339,13.002226408631614,2767,10.998116438356165,2001-01-02,2011-12-30,1.0,1.0,0.2965327188653101,0.7034672811346899,0.0,201,0,0,0,827810,2739,0,0,0,shared_TF_and_warm_GMR_model_intents_not_cancelled_broker_orders,,1.0,development,0.0434486484515093,-0.07853872339512742
0.1376448064481424,0.040218256597469804,-0.2203097708157583,0.13531027264331627,1542.896996572686,0.542896996572686,portfolio_tf_100,pure_trend,1.0,1.0,1.0,0.0,0.0,,,,,,not_applicable,not_applicable,0.0,funded_self_financing_sleeve_capital,0.5802747647412327,calendar_time_weighted_event_left_QQQ_notional_over_total_wealth,820,74.55822136418128,197,17.912158059443552,67.93801078042617,6.177240544889206,8.889350861473861,8.889354857300098,1563.9885030601838,0.02109150648749778,12,410,1635.6036585365853,39,1529.051282051282,6.364726214015476,2767,10.998116438356165,2001-01-02,2011-12-30,1.0,1.0,,,,0,0,0,0,0,0,0,0,0,funded_sleeve_pending_intents,1.0,1.0,development,0.0434486484515093,0.09419615799663308
0.15040601601529605,0.039551055131235024,-0.12055160284677136,0.07975141817605708,1532.0478473514547,0.5320478473514547,hybrid_core_050,A,0.5,0.5,0.4967512997658819,0.5,0.5032487002341182,,,,,,not_applicable,not_applicable,131.99954435982556,funded_self_financing_sleeve_capital,0.3255298062931435,calendar_time_weighted_event_left_QQQ_notional_over_total_wealth,31546,2868.3093306761743,1025,93.1977767052266,75.6725710207208,6.880502806536135,10.043669980522722,30.131036681628693,1581.1148751200258,0.04906702776857105,396,15773,171.08390921194447,39,1529.051282051282,8.274144078220118,2767,10.998116438356165,2001-01-02,2011-12-30,1.0,3.0,,,,0,0,0,0,827810,2739,0,0,0,funded_sleeve_pending_intents,0.5,3.0,development,0.04332982424247732,0.10707619177281873
0.13515791038584204,0.03930510858607361,-0.16117306017457034,0.10189708743428996,1528.066115991158,0.5280661159911582,hybrid_core_070,A,0.7,0.7,0.6972639809988851,0.30000000000000004,0.3027360190011149,,,,,,not_applicable,not_applicable,131.99954435982556,funded_self_financing_sleeve_capital,0.42871502632317726,calendar_time_weighted_event_left_QQQ_notional_over_total_wealth,31546,2868.3093306761743,1025,93.1977767052266,72.33830447634527,6.577335753971825,9.555498191010946,28.66652491203064,1574.264326296089,0.046198210304930855,396,15773,171.08390921194447,39,1529.051282051282,8.274144078220118,2767,10.998116438356165,2001-01-02,2011-12-30,1.0,3.0,,,,0,0,0,0,827810,2739,0,0,0,funded_sleeve_pending_intents,0.7,3.0,development,0.04332982424247732,0.09182808614336473
0.12931953122933276,0.03905857874946217,-0.20265402766953466,0.12419691562491855,1524.0843846308615,0.5240843846308614,hybrid_core_090,A,0.9,0.9,0.8988243570171034,0.09999999999999998,0.10117564298289661,,,,,,not_applicable,not_applicable,131.99954435982556,funded_self_financing_sleeve_capital,0.5301567921385548,calendar_time_weighted_event_left_QQQ_notional_over_total_wealth,31546,2868.3093306761743,1025,93.1977767052266,69.32131748005321,6.303017236505484,9.067326401499168,27.202013142432676,1567.413777472152,0.043329392841290656,396,15773,171.08390921194447,39,1529.051282051282,8.274144078220118,2767,10.998116438356165,2001-01-02,2011-12-30,1.0,3.0,,,,0,0,0,0,827810,2739,0,0,0,funded_sleeve_pending_intents,0.9,3.0,development,0.04332982424247732,0.08598970698685544
0.168623077444804,0.041151097173991236,-0.11873206702042094,0.08075636288382837,1558.182721097191,0.558182721097191,hybrid_blend_050,B,0.5,,,,,0.5,0.375,0.0,0.2900202141296507,0.02740720972786609,confirmed_target_components_not_capital; ending_at_last_safe_open_before_terminal_liquidation,not_applicable,131.99954435982556,signal_target_attribution_not_funded_sleeve_capital,0.32905902240337775,calendar_time_weighted_event_left_QQQ_notional_over_total_wealth,54227,4930.571548677389,1025,93.1977767052266,75.18597617722477,6.836259335736079,10.070979224495314,30.21296671584061,1606.3615648951875,0.04817884379799648,384,13120,1635.6036585365853,39,1529.051282051282,7.9104454374192334,2767,10.998116438356165,2001-01-02,2011-12-30,1.0,3.0,,,,0,0,0,0,827810,2739,0,0,0,shared_TF_and_warm_GMR_model_intents_not_cancelled_broker_orders,0.5,3.0,development,0.04332982424247732,0.1252932532023267
0.14725291331508267,0.040625108412012834,-0.16087414627135532,0.10277681840571173,1549.5469154628433,0.5495469154628434,hybrid_blend_070,B,0.7,,,,,0.7,0.5249999999999999,0.0,0.40602829978151095,0.016444325836719655,confirmed_target_components_not_capital; ending_at_last_safe_open_before_terminal_liquidation,not_applicable,131.99954435982556,signal_target_attribution_not_funded_sleeve_capital,0.43163001882215724,calendar_time_weighted_event_left_QQQ_notional_over_total_wealth,54227,4930.571548677389,1025,93.1977767052266,71.97036950547164,6.543881391769362,9.579013946683446,28.737074099860397,1595.0088439779065,0.045461928515063164,384,13120,1635.6036585365853,39,1529.051282051282,7.9104454374192334,2767,10.998116438356165,2001-01-02,2011-12-30,1.0,3.0,,,,0,0,0,0,827810,2739,0,0,0,shared_TF_and_warm_GMR_model_intents_not_cancelled_broker_orders,0.7,3.0,development,0.04332982424247732,0.10392308907260535
0.13360428259883567,0.03961428977672643,-0.20255402121523947,0.1245819434347972,1533.0731025357995,0.5330731025357995,hybrid_blend_090,B,0.9,,,,,0.9,0.675,0.0,0.5220363854333712,0.005481441945573217,confirmed_target_components_not_capital; ending_at_last_safe_open_before_terminal_liquidation,not_applicable,131.99954435982556,signal_target_attribution_not_funded_sleeve_capital,0.5313869068369131,calendar_time_weighted_event_left_QQQ_notional_over_total_wealth,54227,4930.571548677389,1025,93.1977767052266,69.17928482819279,6.290102965897739,9.077494309961862,27.232517683497086,1576.0916262807452,0.0430185237449457,384,13120,1635.6036585365853,39,1529.051282051282,7.9104454374192334,2767,10.998116438356165,2001-01-02,2011-12-30,1.0,3.0,,,,0,0,0,0,827810,2739,0,0,0,shared_TF_and_warm_GMR_model_intents_not_cancelled_broker_orders,0.9,3.0,development,0.04332982424247732,0.09027445835635835
-0.07703155788524647,0.021734835924438922,-0.1886453325792321,0.07445380699529151,1266.784148363608,0.266784148363608,hybrid_regime_er20_025_035,C,,,,,,,,,,,not_applicable,MR,131.99954435982556,signal_target_attribution_not_funded_sleeve_capital,0.22588902684412418,calendar_time_weighted_event_left_QQQ_notional_over_total_wealth,64884,5899.555652431144,796,72.37602951937598,170.67657536111193,15.518709618846527,21.262735024618753,63.78820950850658,1356.520919239479,0.08973677087587112,384,32442,255.47441588064854,118,322.8135593220339,13.002226408631614,2767,10.998116438356165,2001-01-02,2011-12-30,1.0,3.0,0.2965327188653101,0.7034672811346899,0.0,201,0,0,0,827810,2739,0,0,0,shared_TF_and_warm_GMR_model_intents_not_cancelled_broker_orders,,3.0,development,0.04332982424247732,-0.12036138212772379
0.12850636066306043,0.03893509418752461,-0.2225157675614109,0.13535371224999898,1522.0935189507131,0.5220935189507132,portfolio_tf_100,pure_trend,1.0,1.0,1.0,0.0,0.0,,,,,,not_applicable,not_applicable,0.0,funded_self_financing_sleeve_capital,0.5802750075663412,calendar_time_weighted_event_left_QQQ_notional_over_total_wealth,820,74.55822136418128,197,17.912158059443552,67.92808846784436,6.176338361989305,8.823240506743273,26.469757257633656,1563.9885030601838,0.04189498410947067,12,410,1635.6036585365853,39,1529.051282051282,6.364726214015476,2767,10.998116438356165,2001-01-02,2011-12-30,1.0,3.0,,,,0,0,0,0,0,0,0,0,0,funded_sleeve_pending_intents,1.0,3.0,development,0.04332982424247732,0.08517653642058311
0.08985063073807598,0.034553281477913256,-0.12364793320507006,0.07962899081957303,1452.960140788189,0.4529601407881889,hybrid_core_050,A,0.5,0.5,0.49949498180793533,0.5,0.5005050181920647,,,,,,not_applicable,not_applicable,131.99954435982556,funded_self_financing_sleeve_capital,0.32523729005724694,calendar_time_weighted_event_left_QQQ_notional_over_total_wealth,31546,2868.3093306761743,1025,93.1977767052266,73.84747090099566,6.7145561983187445,9.513827897374735,95.13856727656653,1581.1148751200258,0.12815473433183683,396,15773,171.08390921194447,39,1529.051282051282,8.274144078220118,2767,10.998116438356165,2001-01-02,2011-12-30,1.0,10.0,,,,0,0,0,0,827810,2739,0,0,0,funded_sleeve_pending_intents,0.5,10.0,development,0.04291412626972717,0.04693650446834881
0.08973052894753478,0.03451527030017121,-0.16752535024437187,0.1019401721642827,1452.3731237454347,0.4523731237454347,hybrid_core_070,A,0.7,0.7,0.6995756132602465,0.30000000000000004,0.30042438673975347,,,,,,not_applicable,not_applicable,131.99954435982556,funded_self_financing_sleeve_capital,0.4287004136360711,calendar_time_weighted_event_left_QQQ_notional_over_total_wealth,31546,2868.3093306761743,1025,93.1977767052266,71.23958826495932,6.477435355795084,9.147016663828303,91.47049500487529,1574.264326296089,0.12189120255065428,396,15773,171.08390921194447,39,1529.051282051282,8.274144078220118,2767,10.998116438356165,2001-01-02,2011-12-30,1.0,10.0,,,,0,0,0,0,827810,2739,0,0,0,funded_sleeve_pending_intents,0.7,10.0,development,0.04291412626972717,0.04681640267780761
0.09369985504210784,0.034477245153486935,-0.20993815848134723,0.12433225476066034,1451.7861067026806,0.4517861067026807,hybrid_core_090,A,0.9,0.9,0.8998180464270735,0.09999999999999998,0.10018195357292647,,,,,,not_applicable,not_applicable,131.99954435982556,funded_self_financing_sleeve_capital,0.530201719880984,calendar_time_weighted_event_left_QQQ_notional_over_total_wealth,31546,2868.3093306761743,1025,93.1977767052266,68.9354743471596,6.267934580756544,8.780205430281848,87.80242273318402,1567.413777472152,0.11562767076947147,396,15773,171.08390921194447,39,1529.051282051282,8.274144078220118,2767,10.998116438356165,2001-01-02,2011-12-30,1.0,10.0,,,,0,0,0,0,827810,2739,0,0,0,funded_sleeve_pending_intents,0.9,10.0,development,0.04291412626972717,0.050785728772380676
0.10966819509511912,0.036215929060517515,-0.12209671288691348,0.08069801269780531,1478.8489040940233,0.47884890409402336,hybrid_blend_050,B,0.5,,,,,0.5,0.375,0.0,0.2900202141296507,0.02740720972786609,confirmed_target_components_not_capital; ending_at_last_safe_open_before_terminal_liquidation,not_applicable,131.99954435982556,signal_target_attribution_not_funded_sleeve_capital,0.32863078497901177,calendar_time_weighted_event_left_QQQ_notional_over_total_wealth,54227,4930.571548677389,1025,93.1977767052266,74.2584399175866,6.751923416505094,9.663911678383819,96.6394319248406,1606.3615648951875,0.1275126608011642,384,13120,1635.6036585365853,39,1529.051282051282,7.9104454374192334,2767,10.998116438356165,2001-01-02,2011-12-30,1.0,10.0,,,,0,0,0,0,827810,2739,0,0,0,shared_TF_and_warm_GMR_model_intents_not_cancelled_broker_orders,0.5,10.0,development,0.04291412626972717,0.06675406882539195
0.10272127350241304,0.035883593249141255,-0.16738073501298545,0.10285951961703692,1473.6408821941413,0.47364088219414135,hybrid_blend_070,B,0.7,,,,,0.7,0.5249999999999999,0.0,0.40602829978151095,0.016444325836719655,confirmed_target_components_not_capital; ending_at_last_safe_open_before_terminal_liquidation,not_applicable,131.99954435982556,signal_target_attribution_not_funded_sleeve_capital,0.43148968722611397,calendar_time_weighted_event_left_QQQ_notional_over_total_wealth,54227,4930.571548677389,1025,93.1977767052266,71.6225919330416,6.512259834170903,9.275399138600653,92.75434215507657,1595.0088439779065,0.12136796178376517,384,13120,1635.6036585365853,39,1529.051282051282,7.9104454374192334,2767,10.998116438356165,2001-01-02,2011-12-30,1.0,10.0,,,,0,0,0,0,827810,2739,0,0,0,shared_TF_and_warm_GMR_model_intents_not_cancelled_broker_orders,0.7,10.0,development,0.04291412626972717,0.059807147232685876
0.0982602176652068,0.03505203049804195,-0.2099028758514231,0.12473065216413594,1460.6824663906425,0.4606824663906426,hybrid_blend_090,B,0.9,,,,,0.9,0.675,0.0,0.5220363854333712,0.005481441945573217,confirmed_target_components_not_capital; ending_at_last_safe_open_before_terminal_liquidation,not_applicable,131.99954435982556,signal_target_attribution_not_funded_sleeve_capital,0.5313735022411455,calendar_time_weighted_event_left_QQQ_notional_over_total_wealth,54227,4930.571548677389,1025,93.1977767052266,69.11422008946656,6.28418697663804,8.835942399264122,88.35980194115818,1576.0916262807452,0.11540915989010272,384,13120,1635.6036585365853,39,1529.051282051282,7.9104454374192334,2767,10.998116438356165,2001-01-02,2011-12-30,1.0,10.0,,,,0,0,0,0,827810,2739,0,0,0,shared_TF_and_warm_GMR_model_intents_not_cancelled_broker_orders,0.9,10.0,development,0.04291412626972717,0.055346091395479635
-0.2233913801918542,0.01076137706598801,-0.2029550919387163,0.07419650233849354,1124.931988877098,0.12493198887709811,hybrid_regime_er20_025_035,C,,,,,,,,,,,not_applicable,MR,131.99954435982556,signal_target_attribution_not_funded_sleeve_capital,0.22507737453035648,calendar_time_weighted_event_left_QQQ_notional_over_total_wealth,64884,5899.555652431144,796,72.37602951937598,169.73792615290196,15.43336325854283,19.890756656190284,198.90762119600865,1356.520919239479,0.231588930362381,384,32442,255.47441588064854,118,322.8135593220339,13.002226408631614,2767,10.998116438356165,2001-01-02,2011-12-30,1.0,10.0,0.2965327188653101,0.7034672811346899,0.0,201,0,0,0,827810,2739,0,0,0,shared_TF_and_warm_GMR_model_intents_not_cancelled_broker_orders,,10.0,development,0.04291412626972717,-0.26630550646158135
0.09658355169413589,0.03445822733842174,-0.23018814201832072,0.13551461875792886,1451.4925981813035,0.4514925981813034,portfolio_tf_100,pure_trend,1.0,1.0,1.0,0.0,0.0,,,,,,not_applicable,not_applicable,0.0,funded_self_financing_sleeve_capital,0.5802759276297431,calendar_time_weighted_event_left_QQQ_notional_over_total_wealth,820,74.55822136418128,197,17.912158059443552,67.89339742296346,6.173184090521518,8.596799813508628,85.96838659733844,1563.9885030601838,0.11249590487888031,12,410,1635.6036585365853,39,1529.051282051282,6.364726214015476,2767,10.998116438356165,2001-01-02,2011-12-30,1.0,10.0,,,,0,0,0,0,0,0,0,0,0,funded_sleeve_pending_intents,1.0,10.0,development,0.04291412626972717,0.05366942542440872
-0.03116164879224023,0.024689937329893885,-0.13285917136971648,0.07932119338985517,1307.6672087322077,0.30766720873220765,hybrid_core_050,A,0.5,0.5,0.5013375661244648,0.5,0.4986624338755352,,,,,,not_applicable,not_applicable,131.99954435982556,funded_self_financing_sleeve_capital,0.3241028604240487,calendar_time_weighted_event_left_QQQ_notional_over_total_wealth,31546,2868.3093306761743,1025,93.1977767052266,70.31240859500741,6.393131859360153,8.542017621073787,213.55213714811612,1581.1148751200258,0.27344766638781814,396,15773,171.08390921194447,39,1529.051282051282,8.274144078220118,2767,10.998116438356165,2001-01-02,2011-12-30,1.0,25.0,,,,0,0,0,0,827810,2739,0,0,0,funded_sleeve_pending_intents,0.5,25.0,development,0.042024325100356,-0.07318597389259623
-0.0030843550896530445,0.024789585256523194,-0.18062499018847933,0.10198282543466655,1309.0664818205864,0.3090664818205864,hybrid_core_070,A,0.7,0.7,0.701122354565793,0.30000000000000004,0.29887764543420703,,,,,,not_applicable,not_applicable,131.99954435982556,funded_self_financing_sleeve_capital,0.428217542560946,calendar_time_weighted_event_left_QQQ_notional_over_total_wealth,31546,2868.3093306761743,1025,93.1977767052266,69.11512725007218,6.284269459907853,8.379766345974517,209.49610327727652,1574.264326296089,0.2651978444755025,396,15773,171.08390921194447,39,1529.051282051282,8.274144078220118,2767,10.998116438356165,2001-01-02,2011-12-30,1.0,25.0,,,,0,0,0,0,827810,2739,0,0,0,funded_sleeve_pending_intents,0.7,25.0,development,0.042024325100356,-0.04510868019000905
0.018901333143595454,0.024889136400381373,-0.22519340520392683,0.1246243320179524,1310.4657549089654,0.31046575490896533,hybrid_core_090,A,0.9,0.9,0.9004804954936149,0.09999999999999998,0.09951950450638514,,,,,,not_applicable,not_applicable,131.99954435982556,funded_self_financing_sleeve_capital,0.530101241893979,calendar_time_weighted_event_left_QQQ_notional_over_total_wealth,31546,2868.3093306761743,1025,93.1977767052266,68.1864337926766,6.199828322863991,8.21751507087525,205.4400694064375,1567.413777472152,0.25694802256318666,396,15773,171.08390921194447,39,1529.051282051282,8.274144078220118,2767,10.998116438356165,2001-01-02,2011-12-30,1.0,25.0,,,,0,0,0,0,827810,2739,0,0,0,funded_sleeve_pending_intents,0.9,25.0,development,0.042024325100356,-0.023122991956760548
-0.012146406193137,0.026110765005593395,-0.13332681583882444,0.08061857344403768,1327.7478208250398,0.3277478208250397,hybrid_blend_050,B,0.5,,,,,0.5,0.375,0.0,0.2900202141296507,0.02740720972786609,confirmed_target_components_not_capital; ending_at_last_safe_open_before_terminal_liquidation,not_applicable,131.99954435982556,signal_target_attribution_not_funded_sleeve_capital,0.3277513940708934,calendar_time_weighted_event_left_QQQ_notional_over_total_wealth,54227,4930.571548677389,1025,93.1977767052266,72.35995724148103,6.579304524284189,8.878874261807296,221.9737318115613,1606.3615648951875,0.2786137440701477,384,13120,1635.6036585365853,39,1529.051282051282,7.9104454374192334,2767,10.998116438356165,2001-01-02,2011-12-30,1.0,25.0,,,,0,0,0,0,827810,2739,0,0,0,shared_TF_and_warm_GMR_model_intents_not_cancelled_broker_orders,0.5,25.0,development,0.042024325100356,-0.054170731293493
0.008960902570431471,0.02594211694338866,-0.18108828088521967,0.10307345257078164,1325.3497377556978,0.32534973775569775,hybrid_blend_070,B,0.7,,,,,0.7,0.5249999999999999,0.0,0.40602829978151095,0.016444325836719655,confirmed_target_components_not_capital; ending_at_last_safe_open_before_terminal_liquidation,not_applicable,131.99954435982556,signal_target_attribution_not_funded_sleeve_capital,0.4311969614934671,calendar_time_weighted_event_left_QQQ_notional_over_total_wealth,54227,4930.571548677389,1025,93.1977767052266,70.8969208617161,6.4462784385935015,8.671856073568026,216.79849592775085,1595.0088439779065,0.26965910622220873,384,13120,1635.6036585365853,39,1529.051282051282,7.9104454374192334,2767,10.998116438356165,2001-01-02,2011-12-30,1.0,25.0,,,,0,0,0,0,827810,2739,0,0,0,shared_TF_and_warm_GMR_model_intents_not_cancelled_broker_orders,0.7,25.0,development,0.042024325100356,-0.03306342252992453
0.0230251314430382,0.025366343557685633,-0.2254171242016576,0.12509100991080224,1317.1921933312221,0.31719219333122206,hybrid_blend_090,B,0.9,,,,,0.9,0.675,0.0,0.5220363854333712,0.005481441945573217,confirmed_target_components_not_capital; ending_at_last_safe_open_before_terminal_liquidation,not_applicable,131.99954435982556,signal_target_attribution_not_funded_sleeve_capital,0.5313453341019717,calendar_time_weighted_event_left_QQQ_notional_over_total_wealth,54227,4930.571548677389,1025,93.1977767052266,68.97569760109995,6.2715918664532175,8.346297402032379,208.65969137304347,1576.0916262807452,0.2588994329495231,384,13120,1635.6036585365853,39,1529.051282051282,7.9104454374192334,2767,10.998116438356165,2001-01-02,2011-12-30,1.0,25.0,,,,0,0,0,0,827810,2739,0,0,0,shared_TF_and_warm_GMR_model_intents_not_cancelled_broker_orders,0.9,25.0,development,0.042024325100356,-0.018999193657317802
-0.5333354893146768,-0.011989476287546097,-0.2324480187993896,0.07388978159092338,875.7641075098543,-0.12423589249014566,hybrid_regime_er20_025_035,C,,,,,,,,,,,not_applicable,MR,131.99954435982556,signal_target_attribution_not_funded_sleeve_capital,0.2234044219916157,calendar_time_weighted_event_left_QQQ_notional_over_total_wealth,64884,5899.555652431144,796,72.37602951937598,167.81654823157587,15.258662623930046,17.350773466791008,433.7697314103149,1356.520919239479,0.4807568117296248,384,32442,255.47441588064854,118,322.8135593220339,13.002226408631614,2767,10.998116438356165,2001-01-02,2011-12-30,1.0,25.0,0.2965327188653101,0.7034672811346899,0.0,201,0,0,0,827810,2739,0,0,0,shared_TF_and_warm_GMR_model_intents_not_cancelled_broker_orders,,25.0,development,0.042024325100356,-0.5753598144150328
0.02853683023138746,0.0249388757404172,-0.2463772622416981,0.13590531285459206,1311.1653914531548,0.3111653914531549,portfolio_tf_100,pure_trend,1.0,1.0,1.0,0.0,0.0,,,,,,not_applicable,not_applicable,0.0,funded_self_financing_sleeve_capital,0.5802782677342866,calendar_time_weighted_event_left_QQQ_notional_over_total_wealth,820,74.55822136418128,197,17.912158059443552,67.81925375670069,6.1664426028605765,8.136389433325611,203.41205247101792,1563.9885030601838,0.25282311160702897,12,410,1635.6036585365853,39,1529.051282051282,6.364726214015476,2767,10.998116438356165,2001-01-02,2011-12-30,1.0,25.0,,,,0,0,0,0,0,0,0,0,0,funded_sleeve_pending_intents,1.0,25.0,development,0.042024325100356,-0.013487494868968542
