portfolio_id,trend_weight,mean_reversion_weight,cash_excess_sharpe,cagr,max_drawdown,annualized_volatility,exposure_fraction,exposure_definition,initial_weighted_binary_long_time_fraction,gross_sleeve_order_count,gross_sleeve_orders_per_year,distinct_execution_timestamp_count,distinct_execution_timestamps_per_year,total_turnover,annualized_turnover,total_commission,total_slippage,cost_drag_return,terminal_equity,gross_terminal_equity,total_return,initial_trend_weight,ending_trend_weight,initial_mean_reversion_weight,ending_mean_reversion_weight,positive_weight_sleeve_count,scored_sessions,elapsed_calendar_years,start_session,end_session,commission_bps,slippage_bps,control_origin,historically_saved_allocation,average_gross_sleeve_holding_hours,scenario_slippage_bps,stage,indicator_units,trade_count,completed_round_trips_per_year,trades_per_year,order_count,average_holding_hours,cash_terminal_equity,sampling_minutes,cancelled_blackout_order_count,cancelled_terminal_order_count,portfolio,architecture,core_weight,blend_coefficient,ending_tf_signal_contribution,ending_mr_signal_contribution,mean_tf_signal_contribution,mean_mr_signal_contribution,signal_contribution_definition,ending_regime_mode,tactical_average_holding_hours,style_weight_definition,gross_sleeve_completed_flat_to_flat_episodes,portfolio_flat_to_flat_episode_count,portfolio_average_flat_to_flat_holding_hours,median_pair_orders_per_year,regime_tf_occupancy_fraction,regime_mr_occupancy_fraction,er_unknown_time_fraction,regime_switch_count,regime_switch_cancellation_count,er_unknown_blocked_risk_add_count,actual_post_gap_order_count,blocked_oversold_checks,forced_tactical_exit_count,entry_cancellation_count,cancellation_count_definition,BH_cash_excess_sharpe,Sharpe_difference_vs_BH
portfolio_tf_050,0.5,0.5,0.19678087707172634,0.04551897203336086,-0.18975714060299198,0.09851473285885483,0.3754255471290648,calendar_time_weighted_event_left_QQQ_notional_over_total_wealth,0.37897025032825254,5818.0,528.9996730448862,1870.0,170.02911457441343,109.78455253978596,9.982123134913357,14.44424164838756,14.444245603851968,0.03855809045735123,1631.6037116986422,1670.1618021559934,0.6316037116986422,0.5,0.4728160966753364,0.5,0.5271839033246636,44.0,2767,10.998116438356165,2001-01-02,2011-12-30,1.0,1.0,sealed_44_path_arithmetic_no_old_signal_rerun,True,419.06565830182194,1.0,development,,,,,,,,,,,,,,,,,,,,,,,,,,,,,,,,,,,,,,0.0434486484515093,0.15333222862021703
portfolio_tf_070,0.7,0.30000000000000004,0.1709311561214126,0.04343089242417508,-0.18973047735746607,0.10670015023332273,0.45733967493370326,calendar_time_weighted_event_left_QQQ_notional_over_total_wealth,0.45939832150067206,5818.0,528.9996730448862,1870.0,170.02911457441343,93.17865913740765,8.472237919981016,12.222285333622084,12.222289305231246,0.03157145686940976,1596.1210256482598,1627.6924825176695,0.5961210256482599,0.7,0.6766578976442151,0.30000000000000004,0.32334210235578487,44.0,2767,10.998116438356165,2001-01-02,2011-12-30,1.0,1.0,sealed_44_path_arithmetic_no_old_signal_rerun,True,419.06565830182194,1.0,development,,,,,,,,,,,,,,,,,,,,,,,,,,,,,,,,,,,,,,0.0434486484515093,0.1274825076699033
portfolio_tf_090,0.9,0.09999999999999998,0.14672433463110493,0.04130017981001677,-0.2072081028193653,0.12407292164651572,0.5392650811238046,calendar_time_weighted_event_left_QQQ_notional_over_total_wealth,0.5398263926730915,5818.0,528.9996730448862,1870.0,170.02911457441343,76.40062107083982,6.946700509951961,10.000329018856604,10.000333006610482,0.024584823281468743,1560.6383395978771,1585.2231628793459,0.5606383395978771,0.9,0.8897687963203657,0.09999999999999998,0.11023120367963435,44.0,2767,10.998116438356165,2001-01-02,2011-12-30,1.0,1.0,sealed_44_path_arithmetic_no_old_signal_rerun,True,419.06565830182194,1.0,development,,,,,,,,,,,,,,,,,,,,,,,,,,,,,,,,,,,,,,0.0434486484515093,0.10327568617959562
portfolio_tf_100,1.0,0.0,0.1376448064481413,0.040218256597469804,-0.2203097708157583,0.13531027264331633,0.5802747647412325,calendar_time_weighted_event_left_QQQ_notional_over_total_wealth,0.5800404282593014,820.0,74.55822136418128,197.0,17.912158059443552,67.93801078042615,6.177240544889204,8.889350861473861,8.889354857300098,0.02109150648749778,1542.896996572686,1563.9885030601838,0.542896996572686,1.0,1.0,0.0,0.0,12.0,2767,10.998116438356165,2001-01-02,2011-12-30,1.0,1.0,sealed_44_path_arithmetic_no_old_signal_rerun,True,1635.6036585365853,1.0,development,,,,,,,,,,,,,,,,,,,,,,,,,,,,,,,,,,,,,,0.0434486484515093,0.094196157996632
portfolio_tf_000,0.0,1.0,0.21813202287022712,0.050563892539245536,-0.2098225378217261,0.12294833593800543,0.16977194002765336,calendar_time_weighted_event_left_QQQ_notional_over_total_wealth,0.17790007239720373,4998.0,454.441451680705,1740.0,158.2089087483847,150.7320321025257,13.705258800210963,19.999132435301252,19.999136350403827,0.05602467442720399,1720.3104268245986,1776.3351012518026,0.7203104268245986,0.0,0.0,1.0,1.0,32.0,2767,10.998116438356165,2001-01-02,2011-12-30,1.0,1.0,sealed_44_path_arithmetic_no_old_signal_rerun,True,219.4735894357743,1.0,development,,,,,,,,,,,,,,,,,,,,,,,,,,,,,,,,,,,,,,0.0434486484515093,0.1746833744187178
buy_and_hold,,,0.0434486484515093,-0.00037121161801934033,-0.7039988195366682,0.29450078425911325,0.9999896204725799,calendar_time_weighted_event_left_QQQ_notional_over_total_wealth,,,,,,1.9998000299960006,0.18183113819577829,0.1995921140563133,0.19959207726336356,0.00039844966160364946,995.9249391412422,996.3233888028459,-0.004075060858757751,,,,,,2767,,2001-01-02,2011-12-30,1.0,1.0,,,,1.0,development,daily_sessions,1.0,0.09092466020022108,0.09092466020022108,2.0,96342.5,1390.862472038107,30.0,0.0,0.0,buy_and_hold,,,,,,,,,,,,,,,,,,,,,,,,,,,0.0434486484515093,0.0
cash,,,,0.030452711148542644,0.0,0.0011514930333371037,0.0,calendar_time_weighted_event_left_QQQ_notional_over_total_wealth,,,,,,0.0,0.0,0.0,0.0,0.0,1390.862472038107,1390.862472038107,0.39086247203810687,,,,,,2767,,2001-01-02,2011-12-30,1.0,1.0,,,,1.0,development,daily_sessions,0.0,0.0,0.0,0.0,0.0,1390.862472038107,30.0,0.0,0.0,cash,,,,,,,,,,,,,,,,,,,,,,,,,,,0.0434486484515093,
hybrid_gated_mr,,,0.3602501094281292,0.04183722684975533,-0.036908428029555074,0.032021446629672747,0.05938251818676613,calendar_time_weighted_event_left_QQQ_notional_over_total_wealth,,30726.0,2793.751109311993,881.0,80.10462563639477,86.58895249941267,7.873071083102181,11.521666995067132,11.521668994418636,0.02872773154652941,1569.513515633338,1598.2412471798675,0.5695135156333382,0.0,0.0,1.0,1.0,384.0,2767,10.998116438356165,2001-01-02,2011-12-30,1.0,1.0,,,131.99954435982556,1.0,development,,,,,,,,,0.0,0.0,,pure_gated_MR,0.0,,,,,,not_applicable,not_applicable,131.99954435982556,funded_self_financing_sleeve_capital,15363.0,130.0,199.81153846153848,2.273116505005527,,,,0.0,0.0,0.0,0.0,827810.0,2739.0,0.0,funded_sleeve_pending_intents,0.0434486484515093,0.3168014609766199
portfolio_tf_050,0.5,0.5,0.17586815534039307,0.04336360950347351,-0.1910940666167239,0.0984204808665694,0.37589022565853564,calendar_time_weighted_event_left_QQQ_notional_over_total_wealth,0.37897025032825254,5818.0,528.9996730448862,1870.0,170.02911457441343,108.31892291231428,9.848861259056116,14.068721941708388,42.2062008720798,0.07517235656796356,1594.9894455880299,1670.1618021559934,0.5949894455880298,0.5,0.4771484611265117,0.5,0.5228515388734882,44.0,2767,10.998116438356165,2001-01-02,2011-12-30,1.0,3.0,sealed_44_path_arithmetic_no_old_signal_rerun,True,419.06565830182194,3.0,development,,,,,,,,,,,,,,,,,,,,,,,,,,,,,,,,,,,,,,0.04332982424247732,0.13253833109791574
portfolio_tf_070,0.7,0.30000000000000004,0.15452954314731537,0.04161473410232497,-0.19125424536994073,0.10679379618947361,0.45791620026709967,calendar_time_weighted_event_left_QQQ_notional_over_total_wealth,0.45939832150067206,5818.0,528.9996730448862,1870.0,170.02911457441343,92.25515244791345,8.388268388046123,11.970529367722358,35.911623426301304,0.06186140758456645,1565.831074933103,1627.6924825176695,0.565831074933103,0.7,0.6804472591725891,0.30000000000000004,0.3195527408274109,44.0,2767,10.998116438356165,2001-01-02,2011-12-30,1.0,3.0,sealed_44_path_arithmetic_no_old_signal_rerun,True,419.06565830182194,3.0,development,,,,,,,,,,,,,,,,,,,,,,,,,,,,,,,,,,,,,,0.04332982424247732,0.11119971890483805
portfolio_tf_090,0.9,0.09999999999999998,0.1353502725802073,0.03983599833872575,-0.2095416213153507,0.12418389012730968,0.5395555521921473,calendar_time_weighted_event_left_QQQ_notional_over_total_wealth,0.5398263926730915,5818.0,528.9996730448862,1870.0,170.02911457441343,76.07283717764774,6.916896870844366,9.872336793736304,29.617045980522875,0.04855045860116911,1536.6727042781768,1585.2231628793459,0.5366727042781767,0.9,0.8914612482162355,0.09999999999999998,0.10853875178376449,44.0,2767,10.998116438356165,2001-01-02,2011-12-30,1.0,3.0,sealed_44_path_arithmetic_no_old_signal_rerun,True,419.06565830182194,3.0,development,,,,,,,,,,,,,,,,,,,,,,,,,,,,,,,,,,,,,,0.04332982424247732,0.09202044833772997
portfolio_tf_100,1.0,0.0,0.12850636066306204,0.03893509418752461,-0.2225157675614109,0.13535371224999884,0.5802750075663412,calendar_time_weighted_event_left_QQQ_notional_over_total_wealth,0.5800404282593014,820.0,74.55822136418128,197.0,17.912158059443552,67.92808846784435,6.176338361989303,8.823240506743273,26.469757257633653,0.04189498410947067,1522.0935189507131,1563.9885030601838,0.5220935189507132,1.0,1.0,0.0,0.0,12.0,2767,10.998116438356165,2001-01-02,2011-12-30,1.0,3.0,sealed_44_path_arithmetic_no_old_signal_rerun,True,1635.6036585365853,3.0,development,,,,,,,,,,,,,,,,,,,,,,,,,,,,,,,,,,,,,,0.04332982424247732,0.08517653642058472
portfolio_tf_000,0.0,1.0,0.1954290973386032,0.04761181128312453,-0.20926374599201503,0.12257290065631603,0.16813643734985873,calendar_time_weighted_event_left_QQQ_notional_over_total_wealth,0.17790007239720373,4998.0,454.441451680705,1740.0,158.2089087483847,148.15189132409088,13.470660376663044,19.31420337667351,57.94264448652588,0.10844972902645622,1667.8853722253464,1776.3351012518026,0.6678853722253464,0.0,0.0,1.0,1.0,32.0,2767,10.998116438356165,2001-01-02,2011-12-30,1.0,3.0,sealed_44_path_arithmetic_no_old_signal_rerun,True,219.4735894357743,3.0,development,,,,,,,,,,,,,,,,,,,,,,,,,,,,,,,,,,,,,,0.04332982424247732,0.15209927309612586
buy_and_hold,,,0.04332982424247732,-0.0004075673216287212,-0.7039988195366682,0.2945059513714156,0.9999896204725799,calendar_time_weighted_event_left_QQQ_notional_over_total_wealth,,,,,,1.9996001299600121,0.181812962352932,0.19955228117647172,0.5986565124597798,0.0007967399911428856,995.526648811703,996.3233888028459,-0.004473351188296948,,,,,,2767,,2001-01-02,2011-12-30,1.0,3.0,,,,3.0,development,daily_sessions,1.0,0.09092466020022108,0.09092466020022108,2.0,96342.5,1390.862472038107,30.0,0.0,0.0,buy_and_hold,,,,,,,,,,,,,,,,,,,,,,,,,,,0.04332982424247732,0.0
cash,,,,0.030452711148542644,0.0,0.0011514930333371037,0.0,calendar_time_weighted_event_left_QQQ_notional_over_total_wealth,,,,,,0.0,0.0,0.0,0.0,0.0,1390.862472038107,1390.862472038107,0.39086247203810687,,,,,,2767,,2001-01-02,2011-12-30,1.0,3.0,,,,3.0,development,daily_sessions,0.0,0.0,0.0,0.0,0.0,1390.862472038107,30.0,0.0,0.0,cash,,,,,,,,,,,,,,,,,,,,,,,,,,,0.04332982424247732,
hybrid_gated_mr,,,0.3126839399730546,0.04016338851044443,-0.03665760720486444,0.03170089989613538,0.05875026598382977,calendar_time_weighted_event_left_QQQ_notional_over_total_wealth,,30726.0,2793.751109311993,881.0,80.10462563639477,85.49531300969886,7.77363228411841,11.264099454302174,33.79231610562368,0.056239071427671206,1542.0021757521963,1598.2412471798675,0.5420021757521962,0.0,0.0,1.0,1.0,384.0,2767,10.998116438356165,2001-01-02,2011-12-30,1.0,3.0,,,131.99954435982556,3.0,development,,,,,,,,,0.0,0.0,,pure_gated_MR,0.0,,,,,,not_applicable,not_applicable,131.99954435982556,funded_self_financing_sleeve_capital,15363.0,130.0,199.81153846153848,2.273116505005527,,,,0.0,0.0,0.0,0.0,827810.0,2739.0,0.0,funded_sleeve_pending_intents,0.04332982424247732,0.26935411573057727
portfolio_tf_050,0.5,0.5,0.10674499013934682,0.03630028544645647,-0.19557204240116977,0.0981444100780742,0.3773620715029564,calendar_time_weighted_event_left_QQQ_notional_over_total_wealth,0.37897025032825254,5818.0,528.9996730448862,1870.0,170.02911457441343,103.57897481588064,9.417883089021204,12.895591981104614,128.95628997587684,0.1899882925208458,1480.1735096351476,1670.1618021559934,0.4801735096351476,0.5,0.4903116387142633,0.5,0.5096883612857367,44.0,2767,10.998116438356165,2001-01-02,2011-12-30,1.0,10.0,sealed_44_path_arithmetic_no_old_signal_rerun,True,419.06565830182194,10.0,development,,,,,,,,,,,,,,,,,,,,,,,,,,,,,,,,,,,,,,0.04291412626972717,0.06383086386961966
portfolio_tf_070,0.7,0.30000000000000004,0.09991924269415092,0.035567389193109644,-0.19646620539484005,0.10711837035189568,0.4597418472838701,calendar_time_weighted_event_left_QQQ_notional_over_total_wealth,0.45939832150067206,5818.0,528.9996730448862,1870.0,170.02911457441343,89.29452247392894,8.119074113682993,11.176075114066235,111.76112862446135,0.1589913374640596,1468.70114505361,1627.6924825176695,0.4687011450536098,0.7,0.6917982069727501,0.30000000000000004,0.3082017930272499,44.0,2767,10.998116438356165,2001-01-02,2011-12-30,1.0,10.0,sealed_44_path_arithmetic_no_old_signal_rerun,True,419.06565830182194,10.0,development,,,,,,,,,,,,,,,,,,,,,,,,,,,,,,,,,,,,,,0.04291412626972717,0.057005116424423755
portfolio_tf_090,0.9,0.09999999999999998,0.09648928681527015,0.03482927004582703,-0.21752872178612104,0.12455796577315534,0.5404697192236021,calendar_time_weighted_event_left_QQQ_notional_over_total_wealth,0.5398263926730915,5818.0,528.9996730448862,1870.0,170.02911457441343,75.02909215737064,6.8219947095399975,9.456558247027822,94.56596727304623,0.12799438240727362,1457.2287804720722,1585.2231628793459,0.45722878047207227,0.9,0.8964572727831935,0.09999999999999998,0.10354272721680646,44.0,2767,10.998116438356165,2001-01-02,2011-12-30,1.0,10.0,sealed_44_path_arithmetic_no_old_signal_rerun,True,419.06565830182194,10.0,development,,,,,,,,,,,,,,,,,,,,,,,,,,,,,,,,,,,,,,0.04291412626972717,0.05357516054554298
portfolio_tf_100,1.0,0.0,0.09658355169413628,0.03445822733842174,-0.23018814201832072,0.13551461875792983,0.5802759276297437,calendar_time_weighted_event_left_QQQ_notional_over_total_wealth,0.5800404282593014,820.0,74.55822136418128,197.0,17.912158059443552,67.89339742296346,6.173184090521518,8.59679981350863,85.96838659733844,0.11249590487888031,1451.4925981813035,1563.9885030601838,0.4514925981813034,1.0,1.0,0.0,0.0,12.0,2767,10.998116438356165,2001-01-02,2011-12-30,1.0,10.0,sealed_44_path_arithmetic_no_old_signal_rerun,True,1635.6036585365853,10.0,development,,,,,,,,,,,,,,,,,,,,,,,,,,,,,,,,,,,,,,0.04291412626972717,0.05366942542440911
portfolio_tf_000,0.0,1.0,0.12096656142062517,0.03811017709215769,-0.2073389361355099,0.12135850336912844,0.16267515948196162,calendar_time_weighted_event_left_QQQ_notional_over_total_wealth,0.17790007239720373,4998.0,454.441451680705,1740.0,158.2089087483847,139.6019997409542,12.693264389717612,17.194384148700614,171.94419335441512,0.26748068016281057,1508.854421088992,1776.3351012518026,0.508854421088992,0.0,0.0,1.0,1.0,32.0,2767,10.998116438356165,2001-01-02,2011-12-30,1.0,10.0,sealed_44_path_arithmetic_no_old_signal_rerun,True,219.4735894357743,10.0,development,,,,,,,,,,,,,,,,,,,,,,,,,,,,,,,,,,,,,,0.04291412626972717,0.078052435150898
buy_and_hold,,,0.04291412626972717,-0.0005348019254668435,-0.7039988195366682,0.2945241976027202,0.9999896204725799,calendar_time_weighted_event_left_QQQ_notional_over_total_wealth,,,,,,1.99890110889011,0.18174940409967838,0.19941299144524938,1.9941262384730485,0.0021895027833541006,994.1338860194918,996.3233888028459,-0.005866113980508181,,,,,,2767,,2001-01-02,2011-12-30,1.0,10.0,,,,10.0,development,daily_sessions,1.0,0.09092466020022108,0.09092466020022108,2.0,96342.5,1390.862472038107,30.0,0.0,0.0,buy_and_hold,,,,,,,,,,,,,,,,,,,,,,,,,,,0.04291412626972717,0.0
cash,,,,0.030452711148542644,0.0,0.0011514930333371037,0.0,calendar_time_weighted_event_left_QQQ_notional_over_total_wealth,,,,,,0.0,0.0,0.0,0.0,0.0,1390.862472038107,1390.862472038107,0.39086247203810687,,,,,,2767,,2001-01-02,2011-12-30,1.0,10.0,,,,10.0,development,daily_sessions,0.0,0.0,0.0,0.0,0.0,1390.862472038107,30.0,0.0,0.0,cash,,,,,,,,,,,,,,,,,,,,,,,,,,,0.04291412626972717,
hybrid_gated_mr,,,0.14835784746748404,0.034648248378808866,-0.0363974211565663,0.03063859186243036,0.05660367032017148,calendar_time_weighted_event_left_QQQ_notional_over_total_wealth,,30726.0,2793.751109311993,881.0,80.10462563639477,81.80254952070894,7.437869018682218,10.43085598124087,104.30874795579447,0.14381356378479312,1454.4276833950744,1598.2412471798675,0.45442768339507444,0.0,0.0,1.0,1.0,384.0,2767,10.998116438356165,2001-01-02,2011-12-30,1.0,10.0,,,131.99954435982556,10.0,development,,,,,,,,,0.0,0.0,,pure_gated_MR,0.0,,,,,,not_applicable,not_applicable,131.99954435982556,funded_self_financing_sleeve_capital,15363.0,130.0,199.81153846153848,2.273116505005527,,,,0.0,0.0,0.0,0.0,827810.0,2739.0,0.0,funded_sleeve_pending_intents,0.04291412626972717,0.10544372119775687
portfolio_tf_050,0.5,0.5,-0.02363821429046457,0.023196115817004204,-0.20436714722755278,0.09775946491346729,0.37976325822202217,calendar_time_weighted_event_left_QQQ_notional_over_total_wealth,0.37897025032825254,5818.0,528.9996730448862,1870.0,170.02911457441343,95.173207774586,8.653591577069271,10.954581724079029,273.86665388217705,0.3833087615878626,1286.8530405681308,1670.1618021559934,0.2868530405681309,0.5,0.5094464364300256,0.5,0.49055356356997437,44.0,2767,10.998116438356165,2001-01-02,2011-12-30,1.0,25.0,sealed_44_path_arithmetic_no_old_signal_rerun,True,419.06565830182194,25.0,development,,,,,,,,,,,,,,,,,,,,,,,,,,,,,,,,,,,,,,0.042024325100356,-0.06566253939082058
portfolio_tf_070,0.7,0.30000000000000004,-0.005400322164165458,0.023896782309253073,-0.20757307422170357,0.10777986172369183,0.46276986750556115,calendar_time_weighted_event_left_QQQ_notional_over_total_wealth,0.45939832150067206,5818.0,528.9996730448862,1870.0,170.02911457441343,84.13122371867647,7.649602928849438,9.827304807777647,245.68481331771352,0.33111450159552896,1296.5779809221406,1627.6924825176695,0.2965779809221405,0.7,0.7078754903460936,0.30000000000000004,0.29212450965390635,44.0,2767,10.998116438356165,2001-01-02,2011-12-30,1.0,25.0,sealed_44_path_arithmetic_no_old_signal_rerun,True,419.06565830182194,25.0,development,,,,,,,,,,,,,,,,,,,,,,,,,,,,,,,,,,,,,,0.042024325100356,-0.04742464726452146
portfolio_tf_090,0.9,0.09999999999999998,0.01715913839540461,0.02459268750027621,-0.2338724709672435,0.12530003626521521,0.5419758818282854,calendar_time_weighted_event_left_QQQ_notional_over_total_wealth,0.5398263926730915,5818.0,528.9996730448862,1870.0,170.02911457441343,73.22936462216033,6.658355094948019,8.700027891476296,217.50297275325028,0.27892024160319556,1306.3029212761503,1585.2231628793459,0.30630292127615033,0.9,0.9033500829616371,0.09999999999999998,0.0966499170383629,44.0,2767,10.998116438356165,2001-01-02,2011-12-30,1.0,25.0,sealed_44_path_arithmetic_no_old_signal_rerun,True,419.06565830182194,25.0,development,,,,,,,,,,,,,,,,,,,,,,,,,,,,,,,,,,,,,,0.042024325100356,-0.024865186704951393
portfolio_tf_100,1.0,0.0,0.02853683023138843,0.0249388757404172,-0.2463772622416982,0.13590531285459168,0.5802782677342875,calendar_time_weighted_event_left_QQQ_notional_over_total_wealth,0.5800404282593014,820.0,74.55822136418128,197.0,17.912158059443552,67.81925375670066,6.166442602860575,8.136389433325611,203.41205247101792,0.25282311160702897,1311.1653914531548,1563.9885030601838,0.3111653914531549,1.0,1.0,0.0,0.0,12.0,2767,10.998116438356165,2001-01-02,2011-12-30,1.0,25.0,sealed_44_path_arithmetic_no_old_signal_rerun,True,1635.6036585365853,25.0,development,,,,,,,,,,,,,,,,,,,,,,,,,,,,,,,,,,,,,,0.042024325100356,-0.013487494868967574
portfolio_tf_000,0.0,1.0,-0.01517050599172791,0.021423162758960057,-0.2120356937208695,0.11920808280368266,0.15232060685469404,calendar_time_weighted_event_left_QQQ_notional_over_total_wealth,0.17790007239720373,4998.0,454.441451680705,1740.0,158.2089087483847,123.68391849263014,11.245918261174236,13.772774014832457,344.3212552933357,0.5137944115686955,1262.540689683107,1776.3351012518026,0.26254068968310706,0.0,0.0,1.0,1.0,32.0,2767,10.998116438356165,2001-01-02,2011-12-30,1.0,25.0,sealed_44_path_arithmetic_no_old_signal_rerun,True,219.4735894357743,25.0,development,,,,,,,,,,,,,,,,,,,,,,,,,,,,,,,,,,,,,,0.042024325100356,-0.05719483109208391
buy_and_hold,,,0.042024325100356,-0.000807393732275119,-0.7039988195366682,0.2945641397636255,0.9999896204725799,calendar_time_weighted_event_left_QQQ_notional_over_total_wealth,,,,,,1.9974064937645886,0.1816135067272602,0.1991151684638281,4.977856271101352,0.005167444972982935,991.155943829863,996.3233888028459,-0.00884405617013706,,,,,,2767,,2001-01-02,2011-12-30,1.0,25.0,,,,25.0,development,daily_sessions,1.0,0.09092466020022108,0.09092466020022108,2.0,96342.5,1390.862472038107,30.0,0.0,0.0,buy_and_hold,,,,,,,,,,,,,,,,,,,,,,,,,,,0.042024325100356,0.0
cash,,,,0.030452711148542644,0.0,0.0011514930333371037,0.0,calendar_time_weighted_event_left_QQQ_notional_over_total_wealth,,,,,,0.0,0.0,0.0,0.0,0.0,1390.862472038107,1390.862472038107,0.39086247203810687,,,,,,2767,,2001-01-02,2011-12-30,1.0,25.0,,,,25.0,development,daily_sessions,0.0,0.0,0.0,0.0,0.0,1390.862472038107,30.0,0.0,0.0,cash,,,,,,,,,,,,,,,,,,,,,,,,,,,0.042024325100356,
hybrid_gated_mr,,,-0.1906391555902883,0.024440392789080834,-0.03789610532692966,0.02864899337935732,0.05234897847304161,calendar_time_weighted_event_left_QQQ_notional_over_total_wealth,,30726.0,2793.751109311993,881.0,80.10462563639477,74.58117478215881,6.7812679744010875,8.94764580882195,223.6922218252136,0.29407222116860704,1304.1690260112605,1598.2412471798675,0.3041690260112604,0.0,0.0,1.0,1.0,384.0,2767,10.998116438356165,2001-01-02,2011-12-30,1.0,25.0,,,131.99954435982556,25.0,development,,,,,,,,,0.0,0.0,,pure_gated_MR,0.0,,,,,,not_applicable,not_applicable,131.99954435982556,funded_self_financing_sleeve_capital,15363.0,130.0,199.81153846153848,2.273116505005527,,,,0.0,0.0,0.0,0.0,827810.0,2739.0,0.0,funded_sleeve_pending_intents,0.042024325100356,-0.2326634806906443
