portfolio_id,portfolio_tf_050,portfolio_tf_070,portfolio_tf_090,portfolio_tf_100,portfolio_tf_000,buy_and_hold,cash,hybrid_gated_mr,hybrid_core_050,hybrid_core_070,hybrid_core_090,hybrid_blend_050,hybrid_blend_070,hybrid_blend_090,hybrid_regime_er20_025_035
portfolio_tf_050,1.0,0.9492791166086314,0.8391709890284792,0.7800973880272408,0.7376838627760567,0.8000849899406133,,0.5866180351439505,0.7890760849640139,0.7867295845056652,0.7823621288083887,0.7886624018651706,0.7861249616928133,0.7820874350306548,0.5528482880993948
portfolio_tf_070,0.9492791166086314,1.0,0.9675977101175588,0.9372051260890228,0.488291828482334,0.6858557446410991,,0.6468329019911992,0.9363055667586463,0.9396490977536038,0.9384049747696711,0.9366913846579685,0.9394471094014022,0.9382454778011833,0.6508508186157803
portfolio_tf_090,0.8391709890284792,0.9675977101175588,1.0,0.9948999178276823,0.2527469329935672,0.5438541973052792,,0.6474942335950239,0.9858616828537611,0.9936409331611169,0.9951038645534611,0.9869902720768222,0.9938616957111619,0.9950783231235701,0.680932546579298
portfolio_tf_100,0.7800973880272408,0.9372051260890228,0.9948999178276823,1.0,0.15432489448008127,0.47732099466725686,,0.6359323245669187,0.9877806528174112,0.9972291672400067,0.9997841417135178,0.9892308907603337,0.9976446218222056,0.9998230777865583,0.6802982237301575
portfolio_tf_000,0.7376838627760567,0.488291828482334,0.2527469329935672,0.15432489448008127,1.0,0.7474240798798042,,0.2383839076563488,0.1799840322012341,0.1667851022240842,0.15780510748376178,0.17855465225382047,0.1658981809391532,0.15751046269189303,0.1332996500991312
buy_and_hold,0.8000849899406133,0.6858557446410991,0.5438541973052792,0.47732099466725686,0.7474240798798042,1.0,,0.29752727981664684,0.469860786300821,0.4751516221193004,0.4769634610404563,0.47039028682765904,0.47524535900639203,0.4769464268390239,0.3152998124250883
cash,,,,,,,,,,,,,,,
hybrid_gated_mr,0.5866180351439505,0.6468329019911992,0.6474942335950239,0.6359323245669187,0.2383839076563488,0.29752727981664684,,1.0,0.7463328270415767,0.6896935384384303,0.6509973108859353,0.7405351373528427,0.6860845989190185,0.6497929779700649,0.5662098707333514
hybrid_core_050,0.7890760849640139,0.9363055667586463,0.9858616828537611,0.9877806528174112,0.1799840322012341,0.469860786300821,,0.7463328270415767,1.0,0.9966092073578197,0.9907753303225931,0.9994770023719203,0.9958412465370401,0.9904254160347531,0.7021223050732457
hybrid_core_070,0.7867295845056652,0.9396490977536038,0.9936409331611169,0.9972291672400067,0.1667851022240842,0.4751516221193004,,0.6896935384384303,0.9966092073578197,1.0,0.9985560606878018,0.9970223177744132,0.9997852044503254,0.9983857527424341,0.6932315310525917
hybrid_core_090,0.7823621288083887,0.9384049747696711,0.9951038645534611,0.9997841417135178,0.15780510748376178,0.4769634610404563,,0.6509973108859353,0.9907753303225931,0.9985560606878018,1.0,0.9919113789197711,0.9987786836269815,0.9999744171640551,0.6843860556998302
hybrid_blend_050,0.7886624018651706,0.9366913846579685,0.9869902720768222,0.9892308907603337,0.17855465225382047,0.47039028682765904,,0.7405351373528427,0.9994770023719203,0.9970223177744132,0.9919113789197711,1.0,0.9969238771552953,0.9917918997449868,0.6997569802054028
hybrid_blend_070,0.7861249616928133,0.9394471094014022,0.9938616957111619,0.9976446218222056,0.1658981809391532,0.47524535900639203,,0.6860845989190185,0.9958412465370401,0.9997852044503254,0.9987786836269815,0.9969238771552953,1.0,0.9987565163890721,0.6914323758978438
hybrid_blend_090,0.7820874350306548,0.9382454778011833,0.9950783231235701,0.9998230777865583,0.15751046269189303,0.4769464268390239,,0.6497929779700649,0.9904254160347531,0.9983857527424341,0.9999744171640551,0.9917918997449868,0.9987565163890721,1.0,0.6837096925884807
hybrid_regime_er20_025_035,0.5528482880993948,0.6508508186157803,0.680932546579298,0.6802982237301575,0.1332996500991312,0.3152998124250883,,0.5662098707333514,0.7021223050732457,0.6932315310525917,0.6843860556998302,0.6997569802054028,0.6914323758978438,0.6837096925884807,1.0
