year,annual_return,portfolio_id,scenario_slippage_bps,stage
2001,0.017312416973225497,portfolio_tf_050,1.0,development
2002,-0.014055005286211841,portfolio_tf_050,1.0,development
2003,0.25687305219786105,portfolio_tf_050,1.0,development
2004,0.03424832090304575,portfolio_tf_050,1.0,development
2005,-0.011746790036281984,portfolio_tf_050,1.0,development
2006,0.054994071387208576,portfolio_tf_050,1.0,development
2007,0.0900513282395965,portfolio_tf_050,1.0,development
2008,-0.11341348291023923,portfolio_tf_050,1.0,development
2009,0.18525436165529685,portfolio_tf_050,1.0,development
2010,0.05828074495851765,portfolio_tf_050,1.0,development
2011,-0.009869056844551083,portfolio_tf_050,1.0,development
2001,-0.01088955878032305,portfolio_tf_070,1.0,development
2002,-0.015357996285630948,portfolio_tf_070,1.0,development
2003,0.29632515214300437,portfolio_tf_070,1.0,development
2004,0.03287382728894128,portfolio_tf_070,1.0,development
2005,-0.02814634801084659,portfolio_tf_070,1.0,development
2006,0.056808623864389673,portfolio_tf_070,1.0,development
2007,0.10068973612743592,portfolio_tf_070,1.0,development
2008,-0.11895575144659509,portfolio_tf_070,1.0,development
2009,0.22851103051198418,portfolio_tf_070,1.0,development
2010,0.05561243122353399,portfolio_tf_070,1.0,development
2011,-0.05237165940892874,portfolio_tf_070,1.0,development
2001,-0.0390915345338716,portfolio_tf_090,1.0,development
2002,-0.016737470991653458,portfolio_tf_090,1.0,development
2003,0.3382069819979725,portfolio_tf_090,1.0,development
2004,0.031503367259911874,portfolio_tf_090,1.0,development
2005,-0.044541293001861604,portfolio_tf_090,1.0,development
2006,0.058684929855040036,portfolio_tf_090,1.0,development
2007,0.11165184366752756,portfolio_tf_090,1.0,development
2008,-0.1245556884452903,portfolio_tf_090,1.0,development
2009,0.2727740712846489,portfolio_tf_090,1.0,development
2010,0.053069788686024966,portfolio_tf_090,1.0,development
2011,-0.09307290323623807,portfolio_tf_090,1.0,development
2001,-0.05319252241064587,portfolio_tf_100,1.0,development
2002,-0.01745802552223208,portfolio_tf_100,1.0,development
2003,0.3601302859634252,portfolio_tf_100,1.0,development
2004,0.03081964429529882,portfolio_tf_100,1.0,development
2005,-0.05273703623673209,portfolio_tf_100,1.0,development
2006,0.059647234004954974,portfolio_tf_100,1.0,development
2007,0.11725893708193569,portfolio_tf_100,1.0,development
2008,-0.127377564626167,portfolio_tf_100,1.0,development
2009,0.2952940203643408,portfolio_tf_100,1.0,development
2010,0.0518428519600076,portfolio_tf_100,1.0,development
2011,-0.11278342748713999,portfolio_tf_100,1.0,development
2001,0.0878173563570972,portfolio_tf_000,1.0,development
2002,-0.011093106409509335,portfolio_tf_000,1.0,development
2003,0.16757913198644703,portfolio_tf_000,1.0,development
2004,0.03770231916743616,portfolio_tf_000,1.0,development
2005,0.029272299484228936,portfolio_tf_000,1.0,development
2006,0.05070864546240461,portfolio_tf_000,1.0,development
2007,0.0647807522751318,portfolio_tf_000,1.0,development
2008,-0.09980433945031209,portfolio_tf_000,1.0,development
2009,0.08129655573840422,portfolio_tf_000,1.0,development
2010,0.0655665100635916,portfolio_tf_000,1.0,development
2011,0.10509914296360523,portfolio_tf_000,1.0,development
2001,-0.3357138805511398,buy_and_hold,1.0,development
2002,-0.3736828578771524,buy_and_hold,1.0,development
2003,0.49666948210507655,buy_and_hold,1.0,development
2004,0.1052147776899588,buy_and_hold,1.0,development
2005,0.015822889817445507,buy_and_hold,1.0,development
2006,0.07139032297339254,buy_and_hold,1.0,development
2007,0.19024247645199077,buy_and_hold,1.0,development
2008,-0.4172911853731355,buy_and_hold,1.0,development
2009,0.5469376487772704,buy_and_hold,1.0,development
2010,0.19906339350053925,buy_and_hold,1.0,development
2011,0.03356274009721494,buy_and_hold,1.0,development
2001,0.030309720852415234,cash,1.0,development
2002,0.03045274687756283,cash,1.0,development
2003,0.030452733186731473,cash,1.0,development
2004,0.030537395318300797,cash,1.0,development
2005,0.030368036515384444,cash,1.0,development
2006,0.030368029839519917,cash,1.0,development
2007,0.030622085713818192,cash,1.0,development
2008,0.030537429823320972,cash,1.0,development
2009,0.030452719432462638,cash,1.0,development
2010,0.030452705596615948,cash,1.0,development
2011,0.03036803651538933,cash,1.0,development
2001,0.02908014425738692,hybrid_gated_mr,1.0,development
2002,0.030239696425216067,hybrid_gated_mr,1.0,development
2003,0.11557598500690758,hybrid_gated_mr,1.0,development
2004,0.031644023531865795,hybrid_gated_mr,1.0,development
2005,0.01021116448845305,hybrid_gated_mr,1.0,development
2006,0.06252755265184251,hybrid_gated_mr,1.0,development
2007,0.03551598381058407,hybrid_gated_mr,1.0,development
2008,-0.0037694380694350826,hybrid_gated_mr,1.0,development
2009,0.0805533346656222,hybrid_gated_mr,1.0,development
2010,0.029782382399709872,hybrid_gated_mr,1.0,development
2011,0.043969619639791624,hybrid_gated_mr,1.0,development
2001,-0.01205618907662942,hybrid_core_050,1.0,development
2002,0.007383862265167407,hybrid_core_050,1.0,development
2003,0.22987194164912172,hybrid_core_050,1.0,development
2004,0.031217931685034506,hybrid_core_050,1.0,development
2005,-0.022311920226823934,hybrid_core_050,1.0,development
2006,0.06108570563667981,hybrid_core_050,1.0,development
2007,0.07637988408582697,hybrid_core_050,1.0,development
2008,-0.06790882141469934,hybrid_core_050,1.0,development
2009,0.1848715307384734,hybrid_core_050,1.0,development
2010,0.04149779480031368,hybrid_core_050,1.0,development
2011,-0.040102370069632576,hybrid_core_050,1.0,development
2001,-0.028510722410236,hybrid_core_070,1.0,development
2002,-0.002300438182450071,hybrid_core_070,1.0,development
2003,0.27988006345352967,hybrid_core_070,1.0,development
2004,0.03105543564443569,hybrid_core_070,1.0,development
2005,-0.034722130499062254,hybrid_core_070,1.0,development
2006,0.0605099126021964,hybrid_core_070,1.0,development
2007,0.09272968648584223,hybrid_core_070,1.0,development
2008,-0.09222758763064409,hybrid_core_070,1.0,development
2009,0.22827852425183304,hybrid_core_070,1.0,development
2010,0.04578630619673718,hybrid_core_070,1.0,development
2011,-0.07040656983487603,hybrid_core_070,1.0,development
2001,-0.04496525574384258,hybrid_core_090,1.0,development
2002,-0.01231844511663549,hybrid_core_090,1.0,development
2003,0.33264332860188794,hybrid_core_090,1.0,development
2004,0.03089720890929537,hybrid_core_090,1.0,development
2005,-0.046810043233478926,hybrid_core_090,1.0,development
2006,0.05993465886968896,hybrid_core_090,1.0,development
2007,0.10908191386050814,hybrid_core_090,1.0,development
2008,-0.11583279915478906,hybrid_core_090,1.0,development
2009,0.2726956102145246,hybrid_core_090,1.0,development
2010,0.04987179141322318,hybrid_core_090,1.0,development
2011,-0.09904584240072345,hybrid_core_090,1.0,development
2001,-0.012605798447469785,hybrid_blend_050,1.0,development
2002,0.0059933463939858544,hybrid_blend_050,1.0,development
2003,0.2410940197134417,hybrid_blend_050,1.0,development
2004,0.030520819003414523,hybrid_blend_050,1.0,development
2005,-0.02169069101290877,hybrid_blend_050,1.0,development
2006,0.06079551613138601,hybrid_blend_050,1.0,development
2007,0.0769611828546195,hybrid_blend_050,1.0,development
2008,-0.06716586789191548,hybrid_blend_050,1.0,development
2009,0.18877667117822372,hybrid_blend_050,1.0,development
2010,0.043240281082305376,hybrid_blend_050,1.0,development
2011,-0.036918603960176766,hybrid_blend_050,1.0,development
2001,-0.028971809708448926,hybrid_blend_070,1.0,development
2002,-0.0034841128841910374,hybrid_blend_070,1.0,development
2003,0.28949637220039737,hybrid_blend_070,1.0,development
2004,0.030535304871657676,hybrid_blend_070,1.0,development
2005,-0.03423044514927698,hybrid_blend_070,1.0,development
2006,0.06026842328494597,hybrid_blend_070,1.0,development
2007,0.09322013593888334,hybrid_blend_070,1.0,development
2008,-0.09164103293412917,hybrid_blend_070,1.0,development
2009,0.23163818219794807,hybrid_blend_070,1.0,development
2010,0.047248323821497795,hybrid_blend_070,1.0,development
2011,-0.06784325634777866,hybrid_blend_070,1.0,development
2001,-0.0451626141127458,hybrid_blend_090,1.0,development
2002,-0.012832658174954381,hybrid_blend_090,1.0,development
2003,0.33685011903264583,hybrid_blend_090,1.0,development
2004,0.030699859568563026,hybrid_blend_090,1.0,development
2005,-0.04661124319255572,hybrid_blend_090,1.0,development
2006,0.059831510851200864,hybrid_blend_090,1.0,development
2007,0.10929310233291911,hybrid_blend_090,1.0,development
2008,-0.11559618134391592,hybrid_blend_090,1.0,development
2009,0.27416807408747923,hybrid_blend_090,1.0,development
2010,0.05049720308487493,hybrid_blend_090,1.0,development
2011,-0.09799216592239257,hybrid_blend_090,1.0,development
2001,0.02908014425738692,hybrid_regime_er20_025_035,1.0,development
2002,0.030239696425216067,hybrid_regime_er20_025_035,1.0,development
2003,0.08423868679736146,hybrid_regime_er20_025_035,1.0,development
2004,0.03489829102415398,hybrid_regime_er20_025_035,1.0,development
2005,0.02362491162871594,hybrid_regime_er20_025_035,1.0,development
2006,0.02486042988600956,hybrid_regime_er20_025_035,1.0,development
2007,0.05671049133877637,hybrid_regime_er20_025_035,1.0,development
2008,-0.01932711473456561,hybrid_regime_er20_025_035,1.0,development
2009,0.002028237574073666,hybrid_regime_er20_025_035,1.0,development
2010,0.16721071051133185,hybrid_regime_er20_025_035,1.0,development
2011,-0.1334049671400911,hybrid_regime_er20_025_035,1.0,development
2001,0.014967774115729915,portfolio_tf_050,3.0,development
2002,-0.01588488236244756,portfolio_tf_050,3.0,development
2003,0.25463264170814437,portfolio_tf_050,3.0,development
2004,0.03224042804341032,portfolio_tf_050,3.0,development
2005,-0.01362960560870874,portfolio_tf_050,3.0,development
2006,0.05263926496167337,portfolio_tf_050,3.0,development
2007,0.08883026152465057,portfolio_tf_050,3.0,development
2008,-0.11518751873817146,portfolio_tf_050,3.0,development
2009,0.1836538215645933,portfolio_tf_050,3.0,development
2010,0.05614858995835226,portfolio_tf_050,3.0,development
2011,-0.01398967002854945,portfolio_tf_050,3.0,development
2001,-0.01260487026324053,portfolio_tf_070,3.0,development
2002,-0.01671553280645166,portfolio_tf_070,3.0,development
2003,0.29465175070033833,portfolio_tf_070,3.0,development
2004,0.030997803553538983,portfolio_tf_070,3.0,development
2005,-0.0298227988407056,portfolio_tf_070,3.0,development
2006,0.054925159170784,portfolio_tf_070,3.0,development
2007,0.0998070052287483,portfolio_tf_070,3.0,development
2008,-0.120815525053519,portfolio_tf_070,3.0,development
2009,0.2273556814603679,portfolio_tf_070,3.0,development
2010,0.05368438932944408,portfolio_tf_070,3.0,development
2011,-0.055909005073796814,portfolio_tf_070,3.0,development
2001,-0.04017751464221109,portfolio_tf_090,3.0,development
2002,-0.017593907136164044,portfolio_tf_090,3.0,development
2003,0.3370437212376467,portfolio_tf_090,3.0,development
2004,0.029762632595893734,portfolio_tf_090,3.0,development
2005,-0.04595759181762993,portfolio_tf_090,3.0,development
2006,0.05727998816840074,portfolio_tf_090,3.0,development
2007,0.11106513694272735,portfolio_tf_090,3.0,development
2008,-0.12647228878242878,portfolio_tf_090,3.0,development
2009,0.271848297035016,portfolio_tf_090,3.0,development
2010,0.051349568964283554,portfolio_tf_090,3.0,development
2011,-0.09580870928706864,portfolio_tf_090,3.0,development
2001,-0.05396383683169648,portfolio_tf_100,3.0,development
2002,-0.018052294758651555,portfolio_tf_100,3.0,development
2003,0.35919647248713393,portfolio_tf_100,3.0,development
2004,0.029147821266202856,portfolio_tf_100,3.0,development
2005,-0.05400318684903549,portfolio_tf_100,3.0,development
2006,0.05848423507085565,portfolio_tf_100,3.0,development
2007,0.11680312637564594,portfolio_tf_100,3.0,development
2008,-0.12931152364399312,portfolio_tf_100,3.0,development
2009,0.2943978756436558,portfolio_tf_100,3.0,development
2010,0.05022753342805042,portfolio_tf_100,3.0,development
2011,-0.11504626813058871,portfolio_tf_100,3.0,development
2001,0.08389938506315642,portfolio_tf_000,3.0,development
2002,-0.013993147266400219,portfolio_tf_000,3.0,development
2003,0.16374419528275208,portfolio_tf_000,3.0,development
2004,0.03538004458581079,portfolio_tf_000,3.0,development
2005,0.02711096882671482,portfolio_tf_000,3.0,development
2006,0.04720695584565626,portfolio_tf_000,3.0,development
2007,0.06255234049959246,portfolio_tf_000,3.0,development
2008,-0.10124188661739142,portfolio_tf_000,3.0,development
2009,0.07772339151556107,portfolio_tf_000,3.0,development
2010,0.06295095614498303,portfolio_tf_000,3.0,development
2011,0.10071884222722538,portfolio_tf_000,3.0,development
2001,-0.33584669792981614,buy_and_hold,3.0,development
2002,-0.3736828578771523,buy_and_hold,3.0,development
2003,0.4966694821050768,buy_and_hold,3.0,development
2004,0.10521477768995857,buy_and_hold,3.0,development
2005,0.015822889817445507,buy_and_hold,3.0,development
2006,0.07139032297339298,buy_and_hold,3.0,development
2007,0.19024247645199055,buy_and_hold,3.0,development
2008,-0.4172911853731357,buy_and_hold,3.0,development
2009,0.5469376487772706,buy_and_hold,3.0,development
2010,0.19906339350053925,buy_and_hold,3.0,development
2011,0.03335600687587337,buy_and_hold,3.0,development
2001,0.030309720852415234,cash,3.0,development
2002,0.03045274687756283,cash,3.0,development
2003,0.030452733186731473,cash,3.0,development
2004,0.030537395318300797,cash,3.0,development
2005,0.030368036515384444,cash,3.0,development
2006,0.030368029839519917,cash,3.0,development
2007,0.030622085713818192,cash,3.0,development
2008,0.030537429823320972,cash,3.0,development
2009,0.030452719432462638,cash,3.0,development
2010,0.030452705596615948,cash,3.0,development
2011,0.03036803651538933,cash,3.0,development
2001,0.029048445248099464,hybrid_gated_mr,3.0,development
2002,0.030153483002058223,hybrid_gated_mr,3.0,development
2003,0.11318609883969244,hybrid_gated_mr,3.0,development
2004,0.029953353069931632,hybrid_gated_mr,3.0,development
2005,0.008169518764114647,hybrid_gated_mr,3.0,development
2006,0.06016538814554129,hybrid_gated_mr,3.0,development
2007,0.03335478884916565,hybrid_gated_mr,3.0,development
2008,-0.0037765269752461084,hybrid_gated_mr,3.0,development
2009,0.07776658990111884,hybrid_gated_mr,3.0,development
2010,0.027508509160119488,hybrid_gated_mr,3.0,development
2011,0.04121003603520834,hybrid_gated_mr,3.0,development
2001,-0.012457695791798562,hybrid_core_050,3.0,development
2002,0.00706363214657979,hybrid_core_050,3.0,development
2003,0.2280826257196742,hybrid_core_050,3.0,development
2004,0.029536972146912532,hybrid_core_050,3.0,development
2005,-0.023955523721636784,hybrid_core_050,3.0,development
2006,0.059323467289440046,hybrid_core_050,3.0,development
2007,0.07511257814036165,hybrid_core_050,3.0,development
2008,-0.06903055168798833,hybrid_core_050,3.0,development
2009,0.1830817840350909,hybrid_core_050,3.0,development
2010,0.03959256030478753,hybrid_core_050,3.0,development
2011,-0.042751555880031544,hybrid_core_050,3.0,development
2001,-0.029060152207757706,hybrid_core_070,3.0,development
2002,-0.002725058750335463,hybrid_core_070,3.0,development
2003,0.2783976187289121,hybrid_core_070,3.0,development
2004,0.029378196766964404,hybrid_core_070,3.0,development
2005,-0.03621236715030829,hybrid_core_070,3.0,development
2006,0.05898745248742365,hybrid_core_070,3.0,development
2007,0.09179685726161857,hybrid_core_070,3.0,development
2008,-0.09370712592599106,hybrid_core_070,3.0,development
2009,0.22685987331731283,hybrid_core_070,3.0,development
2010,0.044005297658609166,hybrid_core_070,3.0,development
2011,-0.07292736425601154,hybrid_core_070,3.0,development
2001,-0.04566260862371685,hybrid_core_090,3.0,development
2002,-0.0128543342569577,hybrid_core_090,3.0,development
2003,0.33151380133603525,hybrid_core_090,3.0,development
2004,0.02922360209780872,hybrid_core_090,3.0,development
2005,-0.04815010952835752,hybrid_core_090,3.0,development
2006,0.05865186704196379,hybrid_core_090,3.0,development
2007,0.10847038821594635,hybrid_core_090,3.0,development
2008,-0.1176256759366523,hybrid_core_090,3.0,development
2009,0.2716301058135784,hybrid_core_090,3.0,development
2010,0.04820380186252371,hybrid_core_090,3.0,development
2011,-0.10140230695878594,hybrid_core_090,3.0,development
2001,-0.013024117931714985,hybrid_blend_050,3.0,development
2002,0.005641967099539347,hybrid_blend_050,3.0,development
2003,0.2394326800420119,hybrid_blend_050,3.0,development
2004,0.028862252594398896,hybrid_blend_050,3.0,development
2005,-0.023356233928328862,hybrid_blend_050,3.0,development
2006,0.05915263043285912,hybrid_blend_050,3.0,development
2007,0.07563502734736871,hybrid_blend_050,3.0,development
2008,-0.06830695179263713,hybrid_blend_050,3.0,development
2009,0.18707917824270792,hybrid_blend_050,3.0,development
2010,0.041301763166980976,hybrid_blend_050,3.0,development
2011,-0.03927417695011548,hybrid_blend_050,3.0,development
2001,-0.029535294640896437,hybrid_blend_070,3.0,development
2002,-0.0039353341147231324,hybrid_blend_070,3.0,development
2003,0.28812644576482294,hybrid_blend_070,3.0,development
2004,0.028876751338446027,hybrid_blend_070,3.0,development
2005,-0.03573886895709644,hybrid_blend_070,3.0,development
2006,0.05884455231344066,hybrid_blend_070,3.0,development
2007,0.0922374154062211,hybrid_blend_070,3.0,development
2008,-0.09313684382271525,hybrid_blend_070,3.0,development
2009,0.2302938291071961,hybrid_blend_070,3.0,development
2010,0.0454397988164672,hybrid_blend_070,3.0,development
2011,-0.07013039913201202,hybrid_blend_070,3.0,development
2001,-0.04586596172236135,hybrid_blend_090,3.0,development
2002,-0.013380142715907484,hybrid_blend_090,3.0,development
2003,0.3357711295898669,hybrid_blend_090,3.0,development
2004,0.029034202578154922,hybrid_blend_090,3.0,development
2005,-0.04795897502478608,hybrid_blend_090,3.0,development
2006,0.05859031652752145,hybrid_blend_090,3.0,development
2007,0.10866004756639125,hybrid_blend_090,3.0,development
2008,-0.11739600957598528,hybrid_blend_090,3.0,development
2009,0.27313309648148465,hybrid_blend_090,3.0,development
2010,0.04881763463539879,hybrid_blend_090,3.0,development
2011,-0.10025362248365655,hybrid_blend_090,3.0,development
2001,0.029048445248099464,hybrid_regime_er20_025_035,3.0,development
2002,0.030153483002058223,hybrid_regime_er20_025_035,3.0,development
2003,0.08032966675814857,hybrid_regime_er20_025_035,3.0,development
2004,0.030819933667251664,hybrid_regime_er20_025_035,3.0,development
2005,0.020051023834174675,hybrid_regime_er20_025_035,3.0,development
2006,0.019931393962536514,hybrid_regime_er20_025_035,3.0,development
2007,0.052277466519386584,hybrid_regime_er20_025_035,3.0,development
2008,-0.020206377150774446,hybrid_regime_er20_025_035,3.0,development
2009,-0.002057225554700337,hybrid_regime_er20_025_035,3.0,development
2010,0.16329253007567646,hybrid_regime_er20_025_035,3.0,development
2011,-0.13826557748422252,hybrid_regime_er20_025_035,3.0,development
2001,0.0068521914477985835,portfolio_tf_050,10.0,development
2002,-0.022133239362187918,portfolio_tf_050,10.0,development
2003,0.24712770775302983,portfolio_tf_050,10.0,development
2004,0.025490910385683963,portfolio_tf_050,10.0,development
2005,-0.019881549511547525,portfolio_tf_050,10.0,development
2006,0.04503592474714746,portfolio_tf_050,10.0,development
2007,0.08495933877712125,portfolio_tf_050,10.0,development
2008,-0.12103413561391707,portfolio_tf_050,10.0,development
2009,0.17871327179268137,portfolio_tf_050,10.0,development
2010,0.04935366807993735,portfolio_tf_050,10.0,development
2011,-0.02703063680084128,portfolio_tf_050,10.0,development
2001,-0.01855146663897067,portfolio_tf_070,10.0,development
2002,-0.021361784325805044,portfolio_tf_070,10.0,development
2003,0.2890122480080397,portfolio_tf_070,10.0,development
2004,0.02461189634788874,portfolio_tf_070,10.0,development
2005,-0.035466367010576705,portfolio_tf_070,10.0,development
2006,0.04874356477541597,portfolio_tf_070,10.0,development
2007,0.09696690640046479,portfolio_tf_070,10.0,development
2008,-0.1270923195057705,portfolio_tf_070,10.0,development
2009,0.2236665789460719,portfolio_tf_070,10.0,development
2010,0.047348815903386576,portfolio_tf_070,10.0,development
2011,-0.0673379106245311,portfolio_tf_070,10.0,development
2001,-0.043955124725739814,portfolio_tf_090,10.0,development
2002,-0.020549331674183935,portfolio_tf_090,10.0,development
2003,0.33305133549921107,portfolio_tf_090,10.0,development
2004,0.02374723822950564,portfolio_tf_090,10.0,development
2005,-0.0508227666492983,portfolio_tf_090,10.0,development
2006,0.05251595402856091,portfolio_tf_090,10.0,development
2007,0.10909734518535119,portfolio_tf_090,10.0,development
2008,-0.13307929827283904,portfolio_tf_090,10.0,development
2009,0.26870877420711703,portfolio_tf_090,10.0,development
2010,0.04548249428050166,portfolio_tf_090,10.0,development
2011,-0.104998982532445,portfolio_tf_090,10.0,development
2001,-0.056656953769124496,portfolio_tf_100,10.0,development
2002,-0.020126696204221473,portfolio_tf_100,10.0,development
2003,0.355931462939272,portfolio_tf_100,10.0,development
2004,0.023320183184516452,portfolio_tf_100,10.0,development
2005,-0.05841687331927958,portfolio_tf_100,10.0,development
2006,0.0544269619839024,portfolio_tf_100,10.0,development
2007,0.11520923214243917,portfolio_tf_100,10.0,development
2008,-0.13604647688795146,portfolio_tf_100,10.0,development
2009,0.2912632873073253,portfolio_tf_100,10.0,development
2010,0.0445968716817442,portfolio_tf_100,10.0,development
2011,-0.12291731143937323,portfolio_tf_100,10.0,development
2001,0.07036133666472177,portfolio_tf_000,10.0,development
2002,-0.0239016688356668,portfolio_tf_000,10.0,development
2003,0.1508646884605085,portfolio_tf_000,10.0,development
2004,0.02775364862453822,portfolio_tf_000,10.0,development
2005,0.02011390100735877,portfolio_tf_000,10.0,development
2006,0.036039392423753425,portfolio_tf_000,10.0,development
2007,0.055465882879621065,portfolio_tf_000,10.0,development
2008,-0.10556869132062074,portfolio_tf_000,10.0,development
2009,0.06671716688368723,portfolio_tf_000,10.0,development
2010,0.05508344141096022,portfolio_tf_000,10.0,development
2011,0.08732117495700309,portfolio_tf_000,10.0,development
2001,-0.33631114079839663,buy_and_hold,10.0,development
2002,-0.3736828578771523,buy_and_hold,10.0,development
2003,0.4966694821050768,buy_and_hold,10.0,development
2004,0.10521477768995857,buy_and_hold,10.0,development
2005,0.015822889817445507,buy_and_hold,10.0,development
2006,0.07139032297339276,buy_and_hold,10.0,development
2007,0.19024247645199033,buy_and_hold,10.0,development
2008,-0.4172911853731356,buy_and_hold,10.0,development
2009,0.5469376487772701,buy_and_hold,10.0,development
2010,0.19906339350053925,buy_and_hold,10.0,development
2011,0.03263244060117776,buy_and_hold,10.0,development
2001,0.030309720852415234,cash,10.0,development
2002,0.03045274687756283,cash,10.0,development
2003,0.030452733186731473,cash,10.0,development
2004,0.030537395318300797,cash,10.0,development
2005,0.030368036515384444,cash,10.0,development
2006,0.030368029839519917,cash,10.0,development
2007,0.030622085713818192,cash,10.0,development
2008,0.030537429823320972,cash,10.0,development
2009,0.030452719432462638,cash,10.0,development
2010,0.030452705596615948,cash,10.0,development
2011,0.03036803651538933,cash,10.0,development
2001,0.02893759846771915,hybrid_gated_mr,10.0,development
2002,0.0298521434255139,hybrid_gated_mr,10.0,development
2003,0.10494242960086186,hybrid_gated_mr,10.0,development
2004,0.024192059507585517,hybrid_gated_mr,10.0,development
2005,0.001298132760508608,hybrid_gated_mr,10.0,development
2006,0.05233261256231048,hybrid_gated_mr,10.0,development
2007,0.026265139715205832,hybrid_gated_mr,10.0,development
2008,-0.003757114344376644,hybrid_gated_mr,10.0,development
2009,0.06867728158718722,hybrid_gated_mr,10.0,development
2010,0.0203056936266377,hybrid_gated_mr,10.0,development
2011,0.03249754929942239,hybrid_gated_mr,10.0,development
2001,-0.013859677650702729,hybrid_core_050,10.0,development
2002,0.005947233670338559,hybrid_core_050,10.0,development
2003,0.22187901568492974,hybrid_core_050,10.0,development
2004,0.023741284239314098,hybrid_core_050,10.0,development
2005,-0.02956286762094018,hybrid_core_050,10.0,development
2006,0.053382800248341855,hybrid_core_050,10.0,development
2007,0.07090935236063922,hybrid_core_050,10.0,development
2008,-0.07290463751571619,hybrid_core_050,10.0,development
2009,0.17709881176397135,hybrid_core_050,10.0,development
2010,0.03328549766276945,hybrid_core_050,10.0,development
2011,-0.05145627590606572,hybrid_core_050,10.0,development
2001,-0.030978588098071302,hybrid_core_070,10.0,development
2002,-0.004205962175685585,hybrid_core_070,10.0,development
2003,0.27324450399235145,hybrid_core_070,10.0,development
2004,0.02356945030591784,hybrid_core_070,10.0,development
2005,-0.04133412728599828,hybrid_core_070,10.0,development
2006,0.05380118514716692,hybrid_core_070,10.0,development
2007,0.08867040061425491,hybrid_core_070,10.0,development
2008,-0.09883706764240019,hybrid_core_070,10.0,development
2009,0.2220502957464623,hybrid_core_070,10.0,development
2010,0.0379915216194866,hybrid_core_070,10.0,development
2011,-0.08137637246264517,hybrid_core_070,10.0,development
2001,-0.0480974985454401,hybrid_core_090,10.0,development
2002,-0.014724345948366246,hybrid_core_090,10.0,development
2003,0.3275739303040537,hybrid_core_090,10.0,development
2004,0.023402171037525177,hybrid_core_090,10.0,development
2005,-0.052797172682342075,hybrid_core_090,10.0,development
2006,0.054218609221872605,hybrid_core_090,10.0,development
2007,0.10637661145155342,hybrid_core_090,10.0,development
2008,-0.12386067854607352,hybrid_core_090,10.0,development
2009,0.26794916984169004,hybrid_core_090,10.0,development
2010,0.04245242903804303,hybrid_core_090,10.0,development
2011,-0.1094886580088077,hybrid_core_090,10.0,development
2001,-0.014486403387979685,hybrid_blend_050,10.0,development
2002,0.00441398786341729,hybrid_blend_050,10.0,development
2003,0.23365714862348486,hybrid_blend_050,10.0,development
2004,0.02311142410079614,hybrid_blend_050,10.0,development
2005,-0.02910260049251534,hybrid_blend_050,10.0,development
2006,0.053516521132147776,hybrid_blend_050,10.0,development
2007,0.07112183795153526,hybrid_blend_050,10.0,development
2008,-0.07227361595002546,hybrid_blend_050,10.0,development
2009,0.1813168108995613,hybrid_blend_050,10.0,development
2010,0.034726271273452625,hybrid_blend_050,10.0,development
2011,-0.04727911132225615,hybrid_blend_050,10.0,development
2001,-0.0315041277816942,hybrid_blend_070,10.0,development
2002,-0.005511548236776687,hybrid_blend_070,10.0,development
2003,0.2833506789116733,hybrid_blend_070,10.0,development
2004,0.023105524911859687,hybrid_blend_070,10.0,development
2005,-0.04097621033924981,hybrid_blend_070,10.0,development
2006,0.053910284845097856,hybrid_blend_070,10.0,development
2007,0.08884730131850915,hybrid_blend_070,10.0,development
2008,-0.09834629325482969,hybrid_blend_070,10.0,development
2009,0.22565772240745363,hybrid_blend_070,10.0,development
2010,0.03920123681674448,hybrid_blend_070,10.0,development
2011,-0.07802375217906299,hybrid_blend_070,10.0,development
2001,-0.048322340315600565,hybrid_blend_090,10.0,development
2002,-0.015291712065700569,hybrid_blend_090,10.0,development
2003,0.33200120539147937,hybrid_blend_090,10.0,development
2004,0.02322875711670025,hybrid_blend_090,10.0,development
2005,-0.052654974929185916,hybrid_blend_090,10.0,development
2006,0.05426360847651912,hybrid_blend_090,10.0,development
2007,0.10645201471760002,hybrid_blend_090,10.0,development
2008,-0.12366569768683444,hybrid_blend_090,10.0,development
2009,0.2695216670699154,hybrid_blend_090,10.0,development
2010,0.042970290528693944,hybrid_blend_090,10.0,development
2011,-0.10811440729381827,hybrid_blend_090,10.0,development
2001,0.02893759846771915,hybrid_regime_er20_025_035,10.0,development
2002,0.0298521434255139,hybrid_regime_er20_025_035,10.0,development
2003,0.06680449673546862,hybrid_regime_er20_025_035,10.0,development
2004,0.016712711669414126,hybrid_regime_er20_025_035,10.0,development
2005,0.007727177472915958,hybrid_regime_er20_025_035,10.0,development
2006,0.0029582347439558454,hybrid_regime_er20_025_035,10.0,development
2007,0.03707078514342976,hybrid_regime_er20_025_035,10.0,development
2008,-0.023267455359460953,hybrid_regime_er20_025_035,10.0,development
2009,-0.01607493102618318,hybrid_regime_er20_025_035,10.0,development
2010,0.149781198799668,hybrid_regime_er20_025_035,10.0,development
2011,-0.15493103206334569,hybrid_regime_er20_025_035,10.0,development
2001,-0.010075510656578746,portfolio_tf_050,25.0,development
2002,-0.03474093410051882,portfolio_tf_050,25.0,development
2003,0.2326664255193347,portfolio_tf_050,25.0,development
2004,0.012320719329872887,portfolio_tf_050,25.0,development
2005,-0.03174290404382363,portfolio_tf_050,25.0,development
2006,0.03153052399213929,portfolio_tf_050,25.0,development
2007,0.07836348615346655,portfolio_tf_050,25.0,development
2008,-0.13208482383992293,portfolio_tf_050,25.0,development
2009,0.1707020398181629,portfolio_tf_050,25.0,development
2010,0.0373775970462753,portfolio_tf_050,25.0,development
2011,-0.04934960239792663,portfolio_tf_050,25.0,development
2001,-0.0310029536869727,portfolio_tf_070,25.0,development
2002,-0.0307938703466184,portfolio_tf_070,25.0,development
2003,0.2779642477521962,portfolio_tf_070,25.0,development
2004,0.011759504322994552,portfolio_tf_070,25.0,development
2005,-0.046549541620618085,portfolio_tf_070,25.0,development
2006,0.03726327637644866,portfolio_tf_070,25.0,development
2007,0.0919060266067524,portfolio_tf_070,25.0,development
2008,-0.1395975922266287,portfolio_tf_070,25.0,development
2009,0.21706980802455478,portfolio_tf_070,25.0,development
2010,0.03534570790852243,portfolio_tf_070,25.0,development
2011,-0.08801194733070661,portfolio_tf_070,25.0,development
2001,-0.051930396717366545,portfolio_tf_090,25.0,development
2002,-0.026672553665377907,portfolio_tf_090,25.0,development
2003,0.3248697821252733,portfolio_tf_090,25.0,development
2004,0.011218814229039253,portfolio_tf_090,25.0,development
2005,-0.060830211111623234,portfolio_tf_090,25.0,development
2006,0.04296363107542156,portfolio_tf_090,25.0,development
2007,0.10522441749781608,portfolio_tf_090,25.0,development
2008,-0.14680644769864448,portfolio_tf_090,25.0,development
2009,0.26232956617263437,portfolio_tf_090,25.0,development
2010,0.03350633550863891,portfolio_tf_090,25.0,development
2011,-0.12314222396153729,portfolio_tf_090,25.0,development
2001,-0.06239411823256347,portfolio_tf_100,25.0,development
2002,-0.024542904220605566,portfolio_tf_100,25.0,development
2003,0.3489524281548746,portfolio_tf_100,25.0,development
2004,0.010955817348524466,portfolio_tf_100,25.0,development
2005,-0.0677819887067832,portfolio_tf_100,25.0,development
2006,0.045801744995292326,portfolio_tf_100,25.0,development
2007,0.1118012887605726,portfolio_tf_100,25.0,development
2008,-0.15030261327412464,portfolio_tf_100,25.0,development
2009,0.28455627893384516,portfolio_tf_100,25.0,development
2010,0.032650490688789224,portfolio_tf_100,25.0,development
2011,-0.13953071478064993,portfolio_tf_100,25.0,development
2001,0.042243096919405865,portfolio_tf_000,25.0,development
2002,-0.04391512083882276,portfolio_tf_000,25.0,development
2003,0.12593545462499245,portfolio_tf_000,25.0,development
2004,0.013821605036970164,portfolio_tf_000,25.0,development
2005,0.0077746943525371925,portfolio_tf_000,25.0,development
2006,0.017055077652974315,portfolio_tf_000,25.0,development
2007,0.043488547562843705,portfolio_tf_000,25.0,development
2008,-0.111840145253981,portfolio_tf_000,25.0,development
2009,0.04965963126310413,portfolio_tf_000,25.0,development
2010,0.04352778469422147,portfolio_tf_000,25.0,development
2011,0.06675726817508187,portfolio_tf_000,25.0,development
2001,-0.3373041914605437,buy_and_hold,25.0,development
2002,-0.3736828578771524,buy_and_hold,25.0,development
2003,0.4966694821050768,buy_and_hold,25.0,development
2004,0.1052147776899588,buy_and_hold,25.0,development
2005,0.015822889817445507,buy_and_hold,25.0,development
2006,0.07139032297339298,buy_and_hold,25.0,development
2007,0.19024247645199055,buy_and_hold,25.0,development
2008,-0.4172911853731357,buy_and_hold,25.0,development
2009,0.546937648777271,buy_and_hold,25.0,development
2010,0.19906339350053948,buy_and_hold,25.0,development
2011,0.031081941441115868,buy_and_hold,25.0,development
2001,0.030309720852415234,cash,25.0,development
2002,0.03045274687756283,cash,25.0,development
2003,0.030452733186731473,cash,25.0,development
2004,0.030537395318300797,cash,25.0,development
2005,0.030368036515384444,cash,25.0,development
2006,0.030368029839519917,cash,25.0,development
2007,0.030622085713818192,cash,25.0,development
2008,0.030537429823320972,cash,25.0,development
2009,0.030452719432462638,cash,25.0,development
2010,0.030452705596615948,cash,25.0,development
2011,0.03036803651538933,cash,25.0,development
2001,0.028700590912861923,hybrid_gated_mr,25.0,development
2002,0.02920854323403632,hybrid_gated_mr,25.0,development
2003,0.08789151229032677,hybrid_gated_mr,25.0,development
2004,0.012627455182292247,hybrid_gated_mr,25.0,development
2005,-0.012078893300946247,hybrid_gated_mr,25.0,development
2006,0.0376458120755605,hybrid_gated_mr,25.0,development
2007,0.013318479627616453,hybrid_gated_mr,25.0,development
2008,-0.0035251035499597183,hybrid_gated_mr,25.0,development
2009,0.05232234638987143,hybrid_gated_mr,25.0,development
2010,0.008279823253311225,hybrid_gated_mr,25.0,development
2011,0.018105132416884828,hybrid_gated_mr,25.0,development
2001,-0.016846763659850716,hybrid_core_050,25.0,development
2002,0.0035779134277438285,hybrid_core_050,25.0,development
2003,0.20888668643229358,hybrid_core_050,25.0,development
2004,0.011762926466753143,hybrid_core_050,25.0,development
2005,-0.040864141242652585,hybrid_core_050,25.0,development
2006,0.04174220542028739,hybrid_core_050,25.0,development
2007,0.06297514333638898,hybrid_core_050,25.0,development
2008,-0.08093218413415382,hybrid_core_050,25.0,development
2009,0.16555288523964085,hybrid_core_050,25.0,development
2010,0.021375455586472025,hybrid_core_050,25.0,development
2011,-0.06753591572970119,hybrid_core_050,25.0,development
2001,-0.03506570548893584,hybrid_core_070,25.0,development
2002,-0.007351843832282601,hybrid_core_070,25.0,development
2003,0.2623834279588344,hybrid_core_070,25.0,development
2004,0.01143351932713288,hybrid_core_070,25.0,development
2005,-0.0518449901381145,hybrid_core_070,25.0,development
2006,0.04337041577623957,hybrid_core_070,25.0,development
2007,0.08260409100613786,hybrid_core_070,25.0,development
2008,-0.10957241188893008,hybrid_core_070,25.0,development
2009,0.21243714981126693,hybrid_core_070,25.0,development
2010,0.026081755130043627,hybrid_core_070,25.0,development
2011,-0.09777956388279874,hybrid_core_070,25.0,development
2001,-0.05328464731802096,hybrid_core_090,25.0,development
2002,-0.018702273707709938,hybrid_core_090,25.0,development
2003,0.3192005753629692,hybrid_core_090,25.0,development
2004,0.01111292202309988,hybrid_core_090,25.0,development
2005,-0.06253903186800525,hybrid_core_090,25.0,development
2006,0.04499276148804987,hybrid_core_090,25.0,development
2007,0.10210149934011015,hybrid_core_090,25.0,development
2008,-0.1370107531407252,hybrid_core_090,25.0,development
2009,0.2602726883588027,hybrid_core_090,25.0,development
2010,0.030522650941425367,hybrid_core_090,25.0,development
2011,-0.12606436119526532,hybrid_core_090,25.0,development
2001,-0.017610296342162934,hybrid_blend_050,25.0,development
2002,0.0017922652575812492,hybrid_blend_050,25.0,development
2003,0.22148275323392896,hybrid_blend_050,25.0,development
2004,0.011065032180386014,hybrid_blend_050,25.0,development
2005,-0.04099589194059294,hybrid_blend_050,25.0,development
2006,0.04201073831429536,hybrid_blend_050,25.0,development
2007,0.06208876581140954,hybrid_blend_050,25.0,development
2008,-0.0806380846996877,hybrid_blend_050,25.0,development
2009,0.16985289709633178,hybrid_blend_050,25.0,development
2010,0.021651592035729195,hybrid_blend_050,25.0,development
2011,-0.0632717155869904,hybrid_blend_050,25.0,development
2001,-0.03570549391736855,hybrid_blend_070,25.0,development
2002,-0.008873157671103082,hybrid_blend_070,25.0,development
2003,0.2732152431186219,hybrid_blend_070,25.0,development
2004,0.010912596106754657,hybrid_blend_070,25.0,development
2005,-0.05198283569295514,hybrid_blend_070,25.0,development
2006,0.04358831324279944,hybrid_blend_070,25.0,development
2007,0.08183340819682283,hybrid_blend_070,25.0,development
2008,-0.10937623473770086,hybrid_blend_070,25.0,development
2009,0.21607232818739552,hybrid_blend_070,25.0,development
2010,0.026290043932872154,hybrid_blend_070,25.0,development
2011,-0.09437890393860127,hybrid_blend_070,25.0,development
2001,-0.053558167307187654,hybrid_blend_090,25.0,development
2002,-0.019363763873178952,hybrid_blend_090,25.0,development
2003,0.32395687802430007,hybrid_blend_090,25.0,development
2004,0.01091504424811518,hybrid_blend_090,25.0,development
2005,-0.0626084953252578,hybrid_blend_090,25.0,development
2006,0.04508284900566828,hybrid_blend_090,25.0,development
2007,0.1017601986885337,hybrid_blend_090,25.0,development
2008,-0.1369465651335856,hybrid_blend_090,25.0,development
2009,0.2618396765996964,hybrid_blend_090,25.0,development
2010,0.030601244471602618,hybrid_blend_090,25.0,development
2011,-0.1246788076915265,hybrid_blend_090,25.0,development
2001,0.028700590912861923,hybrid_regime_er20_025_035,25.0,development
2002,0.02920854323403632,hybrid_regime_er20_025_035,25.0,development
2003,0.03861952562584703,hybrid_regime_er20_025_035,25.0,development
2004,-0.012666882366442533,hybrid_regime_er20_025_035,25.0,development
2005,-0.01775257293591903,hybrid_regime_er20_025_035,25.0,development
2006,-0.03201980496070145,hybrid_regime_er20_025_035,25.0,development
2007,0.006005662983583404,hybrid_regime_er20_025_035,25.0,development
2008,-0.029746190904183623,hybrid_regime_er20_025_035,25.0,development
2009,-0.04473062503515102,hybrid_regime_er20_025_035,25.0,development
2010,0.12182141273615188,hybrid_regime_er20_025_035,25.0,development
2011,-0.18894211831964192,hybrid_regime_er20_025_035,25.0,development
