pair_id,trend_candidate_id,mean_reversion_candidate_id,trend_index,mean_reversion_index
hybrid_pair__v5_30m__entry_ema_100__exit_ema_200__entry_hours_3__exit_hours_3__mr_30m__ema_distance_10__entry_m0p04__exit_0__shared_hours_3,v5_30m__entry_ema_100__exit_ema_200__entry_hours_3__exit_hours_3,mr_30m__ema_distance_10__entry_m0p04__exit_0__shared_hours_3,0,0
hybrid_pair__v5_30m__entry_ema_100__exit_ema_200__entry_hours_3__exit_hours_3__mr_30m__ema_distance_10__entry_m0p06__exit_0__shared_hours_3,v5_30m__entry_ema_100__exit_ema_200__entry_hours_3__exit_hours_3,mr_30m__ema_distance_10__entry_m0p06__exit_0__shared_hours_3,0,1
hybrid_pair__v5_30m__entry_ema_100__exit_ema_200__entry_hours_3__exit_hours_3__mr_30m__ema_distance_10__entry_m0p06__exit_0p01__shared_hours_3,v5_30m__entry_ema_100__exit_ema_200__entry_hours_3__exit_hours_3,mr_30m__ema_distance_10__entry_m0p06__exit_0p01__shared_hours_3,0,2
hybrid_pair__v5_30m__entry_ema_100__exit_ema_200__entry_hours_3__exit_hours_3__mr_30m__ema_distance_50__entry_m0p04__exit_0p01__shared_hours_3,v5_30m__entry_ema_100__exit_ema_200__entry_hours_3__exit_hours_3,mr_30m__ema_distance_50__entry_m0p04__exit_0p01__shared_hours_3,0,3
hybrid_pair__v5_30m__entry_ema_100__exit_ema_200__entry_hours_3__exit_hours_3__mr_30m__rsi_14__entry_20__exit_50__shared_hours_3,v5_30m__entry_ema_100__exit_ema_200__entry_hours_3__exit_hours_3,mr_30m__rsi_14__entry_20__exit_50__shared_hours_3,0,4
hybrid_pair__v5_30m__entry_ema_100__exit_ema_200__entry_hours_3__exit_hours_3__mr_30m__rsi_14__entry_20__exit_60__shared_hours_3,v5_30m__entry_ema_100__exit_ema_200__entry_hours_3__exit_hours_3,mr_30m__rsi_14__entry_20__exit_60__shared_hours_3,0,5
hybrid_pair__v5_30m__entry_ema_100__exit_ema_200__entry_hours_3__exit_hours_3__mr_30m__rsi_14__entry_20__exit_70__shared_hours_3,v5_30m__entry_ema_100__exit_ema_200__entry_hours_3__exit_hours_3,mr_30m__rsi_14__entry_20__exit_70__shared_hours_3,0,6
hybrid_pair__v5_30m__entry_ema_100__exit_ema_200__entry_hours_3__exit_hours_3__mr_30m__rsi_2__entry_10__exit_50__shared_hours_3,v5_30m__entry_ema_100__exit_ema_200__entry_hours_3__exit_hours_3,mr_30m__rsi_2__entry_10__exit_50__shared_hours_3,0,7
hybrid_pair__v5_30m__entry_ema_100__exit_ema_200__entry_hours_3__exit_hours_3__mr_30m__rsi_2__entry_10__exit_60__shared_hours_3,v5_30m__entry_ema_100__exit_ema_200__entry_hours_3__exit_hours_3,mr_30m__rsi_2__entry_10__exit_60__shared_hours_3,0,8
hybrid_pair__v5_30m__entry_ema_100__exit_ema_200__entry_hours_3__exit_hours_3__mr_30m__rsi_2__entry_10__exit_70__shared_hours_3,v5_30m__entry_ema_100__exit_ema_200__entry_hours_3__exit_hours_3,mr_30m__rsi_2__entry_10__exit_70__shared_hours_3,0,9
hybrid_pair__v5_30m__entry_ema_100__exit_ema_200__entry_hours_3__exit_hours_3__mr_30m__rsi_2__entry_20__exit_50__shared_hours_3,v5_30m__entry_ema_100__exit_ema_200__entry_hours_3__exit_hours_3,mr_30m__rsi_2__entry_20__exit_50__shared_hours_3,0,10
hybrid_pair__v5_30m__entry_ema_100__exit_ema_200__entry_hours_3__exit_hours_3__mr_30m__rsi_2__entry_20__exit_60__shared_hours_3,v5_30m__entry_ema_100__exit_ema_200__entry_hours_3__exit_hours_3,mr_30m__rsi_2__entry_20__exit_60__shared_hours_3,0,11
hybrid_pair__v5_30m__entry_ema_100__exit_ema_200__entry_hours_3__exit_hours_3__mr_30m__rsi_2__entry_20__exit_70__shared_hours_3,v5_30m__entry_ema_100__exit_ema_200__entry_hours_3__exit_hours_3,mr_30m__rsi_2__entry_20__exit_70__shared_hours_3,0,12
hybrid_pair__v5_30m__entry_ema_100__exit_ema_200__entry_hours_3__exit_hours_3__mr_30m__rsi_2__entry_30__exit_50__shared_hours_3,v5_30m__entry_ema_100__exit_ema_200__entry_hours_3__exit_hours_3,mr_30m__rsi_2__entry_30__exit_50__shared_hours_3,0,13
hybrid_pair__v5_30m__entry_ema_100__exit_ema_200__entry_hours_3__exit_hours_3__mr_30m__rsi_2__entry_30__exit_60__shared_hours_3,v5_30m__entry_ema_100__exit_ema_200__entry_hours_3__exit_hours_3,mr_30m__rsi_2__entry_30__exit_60__shared_hours_3,0,14
hybrid_pair__v5_30m__entry_ema_100__exit_ema_200__entry_hours_3__exit_hours_3__mr_30m__rsi_2__entry_30__exit_70__shared_hours_3,v5_30m__entry_ema_100__exit_ema_200__entry_hours_3__exit_hours_3,mr_30m__rsi_2__entry_30__exit_70__shared_hours_3,0,15
hybrid_pair__v5_30m__entry_ema_100__exit_ema_200__entry_hours_3__exit_hours_3__mr_30m__rsi_5__entry_10__exit_50__shared_hours_3,v5_30m__entry_ema_100__exit_ema_200__entry_hours_3__exit_hours_3,mr_30m__rsi_5__entry_10__exit_50__shared_hours_3,0,16
hybrid_pair__v5_30m__entry_ema_100__exit_ema_200__entry_hours_3__exit_hours_3__mr_30m__rsi_5__entry_10__exit_60__shared_hours_3,v5_30m__entry_ema_100__exit_ema_200__entry_hours_3__exit_hours_3,mr_30m__rsi_5__entry_10__exit_60__shared_hours_3,0,17
hybrid_pair__v5_30m__entry_ema_100__exit_ema_200__entry_hours_3__exit_hours_3__mr_30m__rsi_5__entry_10__exit_70__shared_hours_3,v5_30m__entry_ema_100__exit_ema_200__entry_hours_3__exit_hours_3,mr_30m__rsi_5__entry_10__exit_70__shared_hours_3,0,18
hybrid_pair__v5_30m__entry_ema_100__exit_ema_200__entry_hours_3__exit_hours_3__mr_30m__rsi_5__entry_20__exit_50__shared_hours_3,v5_30m__entry_ema_100__exit_ema_200__entry_hours_3__exit_hours_3,mr_30m__rsi_5__entry_20__exit_50__shared_hours_3,0,19
hybrid_pair__v5_30m__entry_ema_100__exit_ema_200__entry_hours_3__exit_hours_3__mr_30m__rsi_5__entry_30__exit_50__shared_hours_3,v5_30m__entry_ema_100__exit_ema_200__entry_hours_3__exit_hours_3,mr_30m__rsi_5__entry_30__exit_50__shared_hours_3,0,20
hybrid_pair__v5_30m__entry_ema_100__exit_ema_200__entry_hours_3__exit_hours_3__mr_30m__sma_distance_10__entry_m0p02__exit_0__shared_hours_3,v5_30m__entry_ema_100__exit_ema_200__entry_hours_3__exit_hours_3,mr_30m__sma_distance_10__entry_m0p02__exit_0__shared_hours_3,0,21
hybrid_pair__v5_30m__entry_ema_100__exit_ema_200__entry_hours_3__exit_hours_3__mr_30m__sma_distance_10__entry_m0p02__exit_0p01__shared_hours_3,v5_30m__entry_ema_100__exit_ema_200__entry_hours_3__exit_hours_3,mr_30m__sma_distance_10__entry_m0p02__exit_0p01__shared_hours_3,0,22
hybrid_pair__v5_30m__entry_ema_100__exit_ema_200__entry_hours_3__exit_hours_3__mr_30m__sma_distance_10__entry_m0p04__exit_0__shared_hours_3,v5_30m__entry_ema_100__exit_ema_200__entry_hours_3__exit_hours_3,mr_30m__sma_distance_10__entry_m0p04__exit_0__shared_hours_3,0,23
hybrid_pair__v5_30m__entry_ema_100__exit_ema_200__entry_hours_3__exit_hours_3__mr_30m__sma_distance_10__entry_m0p04__exit_0p01__shared_hours_3,v5_30m__entry_ema_100__exit_ema_200__entry_hours_3__exit_hours_3,mr_30m__sma_distance_10__entry_m0p04__exit_0p01__shared_hours_3,0,24
hybrid_pair__v5_30m__entry_ema_100__exit_ema_200__entry_hours_3__exit_hours_3__mr_30m__sma_distance_10__entry_m0p06__exit_0__shared_hours_3,v5_30m__entry_ema_100__exit_ema_200__entry_hours_3__exit_hours_3,mr_30m__sma_distance_10__entry_m0p06__exit_0__shared_hours_3,0,25
hybrid_pair__v5_30m__entry_ema_100__exit_ema_200__entry_hours_3__exit_hours_3__mr_30m__sma_distance_10__entry_m0p06__exit_0p01__shared_hours_3,v5_30m__entry_ema_100__exit_ema_200__entry_hours_3__exit_hours_3,mr_30m__sma_distance_10__entry_m0p06__exit_0p01__shared_hours_3,0,26
hybrid_pair__v5_30m__entry_ema_100__exit_ema_200__entry_hours_3__exit_hours_3__mr_30m__zscore_10__entry_m1p5__exit_0__shared_hours_3,v5_30m__entry_ema_100__exit_ema_200__entry_hours_3__exit_hours_3,mr_30m__zscore_10__entry_m1p5__exit_0__shared_hours_3,0,27
hybrid_pair__v5_30m__entry_ema_100__exit_ema_200__entry_hours_3__exit_hours_3__mr_30m__zscore_10__entry_m1p5__exit_m0p5__shared_hours_3,v5_30m__entry_ema_100__exit_ema_200__entry_hours_3__exit_hours_3,mr_30m__zscore_10__entry_m1p5__exit_m0p5__shared_hours_3,0,28
hybrid_pair__v5_30m__entry_ema_100__exit_ema_200__entry_hours_3__exit_hours_3__mr_30m__zscore_10__entry_m2__exit_0__shared_hours_3,v5_30m__entry_ema_100__exit_ema_200__entry_hours_3__exit_hours_3,mr_30m__zscore_10__entry_m2__exit_0__shared_hours_3,0,29
hybrid_pair__v5_30m__entry_ema_100__exit_ema_200__entry_hours_3__exit_hours_3__mr_30m__zscore_50__entry_m2p5__exit_0__shared_hours_3,v5_30m__entry_ema_100__exit_ema_200__entry_hours_3__exit_hours_3,mr_30m__zscore_50__entry_m2p5__exit_0__shared_hours_3,0,30
hybrid_pair__v5_30m__entry_ema_100__exit_ema_200__entry_hours_3__exit_hours_3__mr_30m__zscore_50__entry_m2p5__exit_0p5__shared_hours_3,v5_30m__entry_ema_100__exit_ema_200__entry_hours_3__exit_hours_3,mr_30m__zscore_50__entry_m2p5__exit_0p5__shared_hours_3,0,31
hybrid_pair__v5_30m__entry_ema_100__exit_sma_200__entry_hours_3__exit_hours_3__mr_30m__ema_distance_10__entry_m0p04__exit_0__shared_hours_3,v5_30m__entry_ema_100__exit_sma_200__entry_hours_3__exit_hours_3,mr_30m__ema_distance_10__entry_m0p04__exit_0__shared_hours_3,1,0
hybrid_pair__v5_30m__entry_ema_100__exit_sma_200__entry_hours_3__exit_hours_3__mr_30m__ema_distance_10__entry_m0p06__exit_0__shared_hours_3,v5_30m__entry_ema_100__exit_sma_200__entry_hours_3__exit_hours_3,mr_30m__ema_distance_10__entry_m0p06__exit_0__shared_hours_3,1,1
hybrid_pair__v5_30m__entry_ema_100__exit_sma_200__entry_hours_3__exit_hours_3__mr_30m__ema_distance_10__entry_m0p06__exit_0p01__shared_hours_3,v5_30m__entry_ema_100__exit_sma_200__entry_hours_3__exit_hours_3,mr_30m__ema_distance_10__entry_m0p06__exit_0p01__shared_hours_3,1,2
hybrid_pair__v5_30m__entry_ema_100__exit_sma_200__entry_hours_3__exit_hours_3__mr_30m__ema_distance_50__entry_m0p04__exit_0p01__shared_hours_3,v5_30m__entry_ema_100__exit_sma_200__entry_hours_3__exit_hours_3,mr_30m__ema_distance_50__entry_m0p04__exit_0p01__shared_hours_3,1,3
hybrid_pair__v5_30m__entry_ema_100__exit_sma_200__entry_hours_3__exit_hours_3__mr_30m__rsi_14__entry_20__exit_50__shared_hours_3,v5_30m__entry_ema_100__exit_sma_200__entry_hours_3__exit_hours_3,mr_30m__rsi_14__entry_20__exit_50__shared_hours_3,1,4
hybrid_pair__v5_30m__entry_ema_100__exit_sma_200__entry_hours_3__exit_hours_3__mr_30m__rsi_14__entry_20__exit_60__shared_hours_3,v5_30m__entry_ema_100__exit_sma_200__entry_hours_3__exit_hours_3,mr_30m__rsi_14__entry_20__exit_60__shared_hours_3,1,5
hybrid_pair__v5_30m__entry_ema_100__exit_sma_200__entry_hours_3__exit_hours_3__mr_30m__rsi_14__entry_20__exit_70__shared_hours_3,v5_30m__entry_ema_100__exit_sma_200__entry_hours_3__exit_hours_3,mr_30m__rsi_14__entry_20__exit_70__shared_hours_3,1,6
hybrid_pair__v5_30m__entry_ema_100__exit_sma_200__entry_hours_3__exit_hours_3__mr_30m__rsi_2__entry_10__exit_50__shared_hours_3,v5_30m__entry_ema_100__exit_sma_200__entry_hours_3__exit_hours_3,mr_30m__rsi_2__entry_10__exit_50__shared_hours_3,1,7
hybrid_pair__v5_30m__entry_ema_100__exit_sma_200__entry_hours_3__exit_hours_3__mr_30m__rsi_2__entry_10__exit_60__shared_hours_3,v5_30m__entry_ema_100__exit_sma_200__entry_hours_3__exit_hours_3,mr_30m__rsi_2__entry_10__exit_60__shared_hours_3,1,8
hybrid_pair__v5_30m__entry_ema_100__exit_sma_200__entry_hours_3__exit_hours_3__mr_30m__rsi_2__entry_10__exit_70__shared_hours_3,v5_30m__entry_ema_100__exit_sma_200__entry_hours_3__exit_hours_3,mr_30m__rsi_2__entry_10__exit_70__shared_hours_3,1,9
hybrid_pair__v5_30m__entry_ema_100__exit_sma_200__entry_hours_3__exit_hours_3__mr_30m__rsi_2__entry_20__exit_50__shared_hours_3,v5_30m__entry_ema_100__exit_sma_200__entry_hours_3__exit_hours_3,mr_30m__rsi_2__entry_20__exit_50__shared_hours_3,1,10
hybrid_pair__v5_30m__entry_ema_100__exit_sma_200__entry_hours_3__exit_hours_3__mr_30m__rsi_2__entry_20__exit_60__shared_hours_3,v5_30m__entry_ema_100__exit_sma_200__entry_hours_3__exit_hours_3,mr_30m__rsi_2__entry_20__exit_60__shared_hours_3,1,11
hybrid_pair__v5_30m__entry_ema_100__exit_sma_200__entry_hours_3__exit_hours_3__mr_30m__rsi_2__entry_20__exit_70__shared_hours_3,v5_30m__entry_ema_100__exit_sma_200__entry_hours_3__exit_hours_3,mr_30m__rsi_2__entry_20__exit_70__shared_hours_3,1,12
hybrid_pair__v5_30m__entry_ema_100__exit_sma_200__entry_hours_3__exit_hours_3__mr_30m__rsi_2__entry_30__exit_50__shared_hours_3,v5_30m__entry_ema_100__exit_sma_200__entry_hours_3__exit_hours_3,mr_30m__rsi_2__entry_30__exit_50__shared_hours_3,1,13
hybrid_pair__v5_30m__entry_ema_100__exit_sma_200__entry_hours_3__exit_hours_3__mr_30m__rsi_2__entry_30__exit_60__shared_hours_3,v5_30m__entry_ema_100__exit_sma_200__entry_hours_3__exit_hours_3,mr_30m__rsi_2__entry_30__exit_60__shared_hours_3,1,14
hybrid_pair__v5_30m__entry_ema_100__exit_sma_200__entry_hours_3__exit_hours_3__mr_30m__rsi_2__entry_30__exit_70__shared_hours_3,v5_30m__entry_ema_100__exit_sma_200__entry_hours_3__exit_hours_3,mr_30m__rsi_2__entry_30__exit_70__shared_hours_3,1,15
hybrid_pair__v5_30m__entry_ema_100__exit_sma_200__entry_hours_3__exit_hours_3__mr_30m__rsi_5__entry_10__exit_50__shared_hours_3,v5_30m__entry_ema_100__exit_sma_200__entry_hours_3__exit_hours_3,mr_30m__rsi_5__entry_10__exit_50__shared_hours_3,1,16
hybrid_pair__v5_30m__entry_ema_100__exit_sma_200__entry_hours_3__exit_hours_3__mr_30m__rsi_5__entry_10__exit_60__shared_hours_3,v5_30m__entry_ema_100__exit_sma_200__entry_hours_3__exit_hours_3,mr_30m__rsi_5__entry_10__exit_60__shared_hours_3,1,17
hybrid_pair__v5_30m__entry_ema_100__exit_sma_200__entry_hours_3__exit_hours_3__mr_30m__rsi_5__entry_10__exit_70__shared_hours_3,v5_30m__entry_ema_100__exit_sma_200__entry_hours_3__exit_hours_3,mr_30m__rsi_5__entry_10__exit_70__shared_hours_3,1,18
hybrid_pair__v5_30m__entry_ema_100__exit_sma_200__entry_hours_3__exit_hours_3__mr_30m__rsi_5__entry_20__exit_50__shared_hours_3,v5_30m__entry_ema_100__exit_sma_200__entry_hours_3__exit_hours_3,mr_30m__rsi_5__entry_20__exit_50__shared_hours_3,1,19
hybrid_pair__v5_30m__entry_ema_100__exit_sma_200__entry_hours_3__exit_hours_3__mr_30m__rsi_5__entry_30__exit_50__shared_hours_3,v5_30m__entry_ema_100__exit_sma_200__entry_hours_3__exit_hours_3,mr_30m__rsi_5__entry_30__exit_50__shared_hours_3,1,20
hybrid_pair__v5_30m__entry_ema_100__exit_sma_200__entry_hours_3__exit_hours_3__mr_30m__sma_distance_10__entry_m0p02__exit_0__shared_hours_3,v5_30m__entry_ema_100__exit_sma_200__entry_hours_3__exit_hours_3,mr_30m__sma_distance_10__entry_m0p02__exit_0__shared_hours_3,1,21
hybrid_pair__v5_30m__entry_ema_100__exit_sma_200__entry_hours_3__exit_hours_3__mr_30m__sma_distance_10__entry_m0p02__exit_0p01__shared_hours_3,v5_30m__entry_ema_100__exit_sma_200__entry_hours_3__exit_hours_3,mr_30m__sma_distance_10__entry_m0p02__exit_0p01__shared_hours_3,1,22
hybrid_pair__v5_30m__entry_ema_100__exit_sma_200__entry_hours_3__exit_hours_3__mr_30m__sma_distance_10__entry_m0p04__exit_0__shared_hours_3,v5_30m__entry_ema_100__exit_sma_200__entry_hours_3__exit_hours_3,mr_30m__sma_distance_10__entry_m0p04__exit_0__shared_hours_3,1,23
hybrid_pair__v5_30m__entry_ema_100__exit_sma_200__entry_hours_3__exit_hours_3__mr_30m__sma_distance_10__entry_m0p04__exit_0p01__shared_hours_3,v5_30m__entry_ema_100__exit_sma_200__entry_hours_3__exit_hours_3,mr_30m__sma_distance_10__entry_m0p04__exit_0p01__shared_hours_3,1,24
hybrid_pair__v5_30m__entry_ema_100__exit_sma_200__entry_hours_3__exit_hours_3__mr_30m__sma_distance_10__entry_m0p06__exit_0__shared_hours_3,v5_30m__entry_ema_100__exit_sma_200__entry_hours_3__exit_hours_3,mr_30m__sma_distance_10__entry_m0p06__exit_0__shared_hours_3,1,25
hybrid_pair__v5_30m__entry_ema_100__exit_sma_200__entry_hours_3__exit_hours_3__mr_30m__sma_distance_10__entry_m0p06__exit_0p01__shared_hours_3,v5_30m__entry_ema_100__exit_sma_200__entry_hours_3__exit_hours_3,mr_30m__sma_distance_10__entry_m0p06__exit_0p01__shared_hours_3,1,26
hybrid_pair__v5_30m__entry_ema_100__exit_sma_200__entry_hours_3__exit_hours_3__mr_30m__zscore_10__entry_m1p5__exit_0__shared_hours_3,v5_30m__entry_ema_100__exit_sma_200__entry_hours_3__exit_hours_3,mr_30m__zscore_10__entry_m1p5__exit_0__shared_hours_3,1,27
hybrid_pair__v5_30m__entry_ema_100__exit_sma_200__entry_hours_3__exit_hours_3__mr_30m__zscore_10__entry_m1p5__exit_m0p5__shared_hours_3,v5_30m__entry_ema_100__exit_sma_200__entry_hours_3__exit_hours_3,mr_30m__zscore_10__entry_m1p5__exit_m0p5__shared_hours_3,1,28
hybrid_pair__v5_30m__entry_ema_100__exit_sma_200__entry_hours_3__exit_hours_3__mr_30m__zscore_10__entry_m2__exit_0__shared_hours_3,v5_30m__entry_ema_100__exit_sma_200__entry_hours_3__exit_hours_3,mr_30m__zscore_10__entry_m2__exit_0__shared_hours_3,1,29
hybrid_pair__v5_30m__entry_ema_100__exit_sma_200__entry_hours_3__exit_hours_3__mr_30m__zscore_50__entry_m2p5__exit_0__shared_hours_3,v5_30m__entry_ema_100__exit_sma_200__entry_hours_3__exit_hours_3,mr_30m__zscore_50__entry_m2p5__exit_0__shared_hours_3,1,30
hybrid_pair__v5_30m__entry_ema_100__exit_sma_200__entry_hours_3__exit_hours_3__mr_30m__zscore_50__entry_m2p5__exit_0p5__shared_hours_3,v5_30m__entry_ema_100__exit_sma_200__entry_hours_3__exit_hours_3,mr_30m__zscore_50__entry_m2p5__exit_0p5__shared_hours_3,1,31
hybrid_pair__v5_30m__entry_ema_10__exit_sma_200__entry_hours_3__exit_hours_3__mr_30m__ema_distance_10__entry_m0p04__exit_0__shared_hours_3,v5_30m__entry_ema_10__exit_sma_200__entry_hours_3__exit_hours_3,mr_30m__ema_distance_10__entry_m0p04__exit_0__shared_hours_3,2,0
hybrid_pair__v5_30m__entry_ema_10__exit_sma_200__entry_hours_3__exit_hours_3__mr_30m__ema_distance_10__entry_m0p06__exit_0__shared_hours_3,v5_30m__entry_ema_10__exit_sma_200__entry_hours_3__exit_hours_3,mr_30m__ema_distance_10__entry_m0p06__exit_0__shared_hours_3,2,1
hybrid_pair__v5_30m__entry_ema_10__exit_sma_200__entry_hours_3__exit_hours_3__mr_30m__ema_distance_10__entry_m0p06__exit_0p01__shared_hours_3,v5_30m__entry_ema_10__exit_sma_200__entry_hours_3__exit_hours_3,mr_30m__ema_distance_10__entry_m0p06__exit_0p01__shared_hours_3,2,2
hybrid_pair__v5_30m__entry_ema_10__exit_sma_200__entry_hours_3__exit_hours_3__mr_30m__ema_distance_50__entry_m0p04__exit_0p01__shared_hours_3,v5_30m__entry_ema_10__exit_sma_200__entry_hours_3__exit_hours_3,mr_30m__ema_distance_50__entry_m0p04__exit_0p01__shared_hours_3,2,3
hybrid_pair__v5_30m__entry_ema_10__exit_sma_200__entry_hours_3__exit_hours_3__mr_30m__rsi_14__entry_20__exit_50__shared_hours_3,v5_30m__entry_ema_10__exit_sma_200__entry_hours_3__exit_hours_3,mr_30m__rsi_14__entry_20__exit_50__shared_hours_3,2,4
hybrid_pair__v5_30m__entry_ema_10__exit_sma_200__entry_hours_3__exit_hours_3__mr_30m__rsi_14__entry_20__exit_60__shared_hours_3,v5_30m__entry_ema_10__exit_sma_200__entry_hours_3__exit_hours_3,mr_30m__rsi_14__entry_20__exit_60__shared_hours_3,2,5
hybrid_pair__v5_30m__entry_ema_10__exit_sma_200__entry_hours_3__exit_hours_3__mr_30m__rsi_14__entry_20__exit_70__shared_hours_3,v5_30m__entry_ema_10__exit_sma_200__entry_hours_3__exit_hours_3,mr_30m__rsi_14__entry_20__exit_70__shared_hours_3,2,6
hybrid_pair__v5_30m__entry_ema_10__exit_sma_200__entry_hours_3__exit_hours_3__mr_30m__rsi_2__entry_10__exit_50__shared_hours_3,v5_30m__entry_ema_10__exit_sma_200__entry_hours_3__exit_hours_3,mr_30m__rsi_2__entry_10__exit_50__shared_hours_3,2,7
hybrid_pair__v5_30m__entry_ema_10__exit_sma_200__entry_hours_3__exit_hours_3__mr_30m__rsi_2__entry_10__exit_60__shared_hours_3,v5_30m__entry_ema_10__exit_sma_200__entry_hours_3__exit_hours_3,mr_30m__rsi_2__entry_10__exit_60__shared_hours_3,2,8
hybrid_pair__v5_30m__entry_ema_10__exit_sma_200__entry_hours_3__exit_hours_3__mr_30m__rsi_2__entry_10__exit_70__shared_hours_3,v5_30m__entry_ema_10__exit_sma_200__entry_hours_3__exit_hours_3,mr_30m__rsi_2__entry_10__exit_70__shared_hours_3,2,9
hybrid_pair__v5_30m__entry_ema_10__exit_sma_200__entry_hours_3__exit_hours_3__mr_30m__rsi_2__entry_20__exit_50__shared_hours_3,v5_30m__entry_ema_10__exit_sma_200__entry_hours_3__exit_hours_3,mr_30m__rsi_2__entry_20__exit_50__shared_hours_3,2,10
hybrid_pair__v5_30m__entry_ema_10__exit_sma_200__entry_hours_3__exit_hours_3__mr_30m__rsi_2__entry_20__exit_60__shared_hours_3,v5_30m__entry_ema_10__exit_sma_200__entry_hours_3__exit_hours_3,mr_30m__rsi_2__entry_20__exit_60__shared_hours_3,2,11
hybrid_pair__v5_30m__entry_ema_10__exit_sma_200__entry_hours_3__exit_hours_3__mr_30m__rsi_2__entry_20__exit_70__shared_hours_3,v5_30m__entry_ema_10__exit_sma_200__entry_hours_3__exit_hours_3,mr_30m__rsi_2__entry_20__exit_70__shared_hours_3,2,12
hybrid_pair__v5_30m__entry_ema_10__exit_sma_200__entry_hours_3__exit_hours_3__mr_30m__rsi_2__entry_30__exit_50__shared_hours_3,v5_30m__entry_ema_10__exit_sma_200__entry_hours_3__exit_hours_3,mr_30m__rsi_2__entry_30__exit_50__shared_hours_3,2,13
hybrid_pair__v5_30m__entry_ema_10__exit_sma_200__entry_hours_3__exit_hours_3__mr_30m__rsi_2__entry_30__exit_60__shared_hours_3,v5_30m__entry_ema_10__exit_sma_200__entry_hours_3__exit_hours_3,mr_30m__rsi_2__entry_30__exit_60__shared_hours_3,2,14
hybrid_pair__v5_30m__entry_ema_10__exit_sma_200__entry_hours_3__exit_hours_3__mr_30m__rsi_2__entry_30__exit_70__shared_hours_3,v5_30m__entry_ema_10__exit_sma_200__entry_hours_3__exit_hours_3,mr_30m__rsi_2__entry_30__exit_70__shared_hours_3,2,15
hybrid_pair__v5_30m__entry_ema_10__exit_sma_200__entry_hours_3__exit_hours_3__mr_30m__rsi_5__entry_10__exit_50__shared_hours_3,v5_30m__entry_ema_10__exit_sma_200__entry_hours_3__exit_hours_3,mr_30m__rsi_5__entry_10__exit_50__shared_hours_3,2,16
hybrid_pair__v5_30m__entry_ema_10__exit_sma_200__entry_hours_3__exit_hours_3__mr_30m__rsi_5__entry_10__exit_60__shared_hours_3,v5_30m__entry_ema_10__exit_sma_200__entry_hours_3__exit_hours_3,mr_30m__rsi_5__entry_10__exit_60__shared_hours_3,2,17
hybrid_pair__v5_30m__entry_ema_10__exit_sma_200__entry_hours_3__exit_hours_3__mr_30m__rsi_5__entry_10__exit_70__shared_hours_3,v5_30m__entry_ema_10__exit_sma_200__entry_hours_3__exit_hours_3,mr_30m__rsi_5__entry_10__exit_70__shared_hours_3,2,18
hybrid_pair__v5_30m__entry_ema_10__exit_sma_200__entry_hours_3__exit_hours_3__mr_30m__rsi_5__entry_20__exit_50__shared_hours_3,v5_30m__entry_ema_10__exit_sma_200__entry_hours_3__exit_hours_3,mr_30m__rsi_5__entry_20__exit_50__shared_hours_3,2,19
hybrid_pair__v5_30m__entry_ema_10__exit_sma_200__entry_hours_3__exit_hours_3__mr_30m__rsi_5__entry_30__exit_50__shared_hours_3,v5_30m__entry_ema_10__exit_sma_200__entry_hours_3__exit_hours_3,mr_30m__rsi_5__entry_30__exit_50__shared_hours_3,2,20
hybrid_pair__v5_30m__entry_ema_10__exit_sma_200__entry_hours_3__exit_hours_3__mr_30m__sma_distance_10__entry_m0p02__exit_0__shared_hours_3,v5_30m__entry_ema_10__exit_sma_200__entry_hours_3__exit_hours_3,mr_30m__sma_distance_10__entry_m0p02__exit_0__shared_hours_3,2,21
hybrid_pair__v5_30m__entry_ema_10__exit_sma_200__entry_hours_3__exit_hours_3__mr_30m__sma_distance_10__entry_m0p02__exit_0p01__shared_hours_3,v5_30m__entry_ema_10__exit_sma_200__entry_hours_3__exit_hours_3,mr_30m__sma_distance_10__entry_m0p02__exit_0p01__shared_hours_3,2,22
hybrid_pair__v5_30m__entry_ema_10__exit_sma_200__entry_hours_3__exit_hours_3__mr_30m__sma_distance_10__entry_m0p04__exit_0__shared_hours_3,v5_30m__entry_ema_10__exit_sma_200__entry_hours_3__exit_hours_3,mr_30m__sma_distance_10__entry_m0p04__exit_0__shared_hours_3,2,23
hybrid_pair__v5_30m__entry_ema_10__exit_sma_200__entry_hours_3__exit_hours_3__mr_30m__sma_distance_10__entry_m0p04__exit_0p01__shared_hours_3,v5_30m__entry_ema_10__exit_sma_200__entry_hours_3__exit_hours_3,mr_30m__sma_distance_10__entry_m0p04__exit_0p01__shared_hours_3,2,24
hybrid_pair__v5_30m__entry_ema_10__exit_sma_200__entry_hours_3__exit_hours_3__mr_30m__sma_distance_10__entry_m0p06__exit_0__shared_hours_3,v5_30m__entry_ema_10__exit_sma_200__entry_hours_3__exit_hours_3,mr_30m__sma_distance_10__entry_m0p06__exit_0__shared_hours_3,2,25
hybrid_pair__v5_30m__entry_ema_10__exit_sma_200__entry_hours_3__exit_hours_3__mr_30m__sma_distance_10__entry_m0p06__exit_0p01__shared_hours_3,v5_30m__entry_ema_10__exit_sma_200__entry_hours_3__exit_hours_3,mr_30m__sma_distance_10__entry_m0p06__exit_0p01__shared_hours_3,2,26
hybrid_pair__v5_30m__entry_ema_10__exit_sma_200__entry_hours_3__exit_hours_3__mr_30m__zscore_10__entry_m1p5__exit_0__shared_hours_3,v5_30m__entry_ema_10__exit_sma_200__entry_hours_3__exit_hours_3,mr_30m__zscore_10__entry_m1p5__exit_0__shared_hours_3,2,27
hybrid_pair__v5_30m__entry_ema_10__exit_sma_200__entry_hours_3__exit_hours_3__mr_30m__zscore_10__entry_m1p5__exit_m0p5__shared_hours_3,v5_30m__entry_ema_10__exit_sma_200__entry_hours_3__exit_hours_3,mr_30m__zscore_10__entry_m1p5__exit_m0p5__shared_hours_3,2,28
hybrid_pair__v5_30m__entry_ema_10__exit_sma_200__entry_hours_3__exit_hours_3__mr_30m__zscore_10__entry_m2__exit_0__shared_hours_3,v5_30m__entry_ema_10__exit_sma_200__entry_hours_3__exit_hours_3,mr_30m__zscore_10__entry_m2__exit_0__shared_hours_3,2,29
hybrid_pair__v5_30m__entry_ema_10__exit_sma_200__entry_hours_3__exit_hours_3__mr_30m__zscore_50__entry_m2p5__exit_0__shared_hours_3,v5_30m__entry_ema_10__exit_sma_200__entry_hours_3__exit_hours_3,mr_30m__zscore_50__entry_m2p5__exit_0__shared_hours_3,2,30
hybrid_pair__v5_30m__entry_ema_10__exit_sma_200__entry_hours_3__exit_hours_3__mr_30m__zscore_50__entry_m2p5__exit_0p5__shared_hours_3,v5_30m__entry_ema_10__exit_sma_200__entry_hours_3__exit_hours_3,mr_30m__zscore_50__entry_m2p5__exit_0p5__shared_hours_3,2,31
hybrid_pair__v5_30m__entry_ema_20__exit_sma_200__entry_hours_3__exit_hours_3__mr_30m__ema_distance_10__entry_m0p04__exit_0__shared_hours_3,v5_30m__entry_ema_20__exit_sma_200__entry_hours_3__exit_hours_3,mr_30m__ema_distance_10__entry_m0p04__exit_0__shared_hours_3,3,0
hybrid_pair__v5_30m__entry_ema_20__exit_sma_200__entry_hours_3__exit_hours_3__mr_30m__ema_distance_10__entry_m0p06__exit_0__shared_hours_3,v5_30m__entry_ema_20__exit_sma_200__entry_hours_3__exit_hours_3,mr_30m__ema_distance_10__entry_m0p06__exit_0__shared_hours_3,3,1
hybrid_pair__v5_30m__entry_ema_20__exit_sma_200__entry_hours_3__exit_hours_3__mr_30m__ema_distance_10__entry_m0p06__exit_0p01__shared_hours_3,v5_30m__entry_ema_20__exit_sma_200__entry_hours_3__exit_hours_3,mr_30m__ema_distance_10__entry_m0p06__exit_0p01__shared_hours_3,3,2
hybrid_pair__v5_30m__entry_ema_20__exit_sma_200__entry_hours_3__exit_hours_3__mr_30m__ema_distance_50__entry_m0p04__exit_0p01__shared_hours_3,v5_30m__entry_ema_20__exit_sma_200__entry_hours_3__exit_hours_3,mr_30m__ema_distance_50__entry_m0p04__exit_0p01__shared_hours_3,3,3
hybrid_pair__v5_30m__entry_ema_20__exit_sma_200__entry_hours_3__exit_hours_3__mr_30m__rsi_14__entry_20__exit_50__shared_hours_3,v5_30m__entry_ema_20__exit_sma_200__entry_hours_3__exit_hours_3,mr_30m__rsi_14__entry_20__exit_50__shared_hours_3,3,4
hybrid_pair__v5_30m__entry_ema_20__exit_sma_200__entry_hours_3__exit_hours_3__mr_30m__rsi_14__entry_20__exit_60__shared_hours_3,v5_30m__entry_ema_20__exit_sma_200__entry_hours_3__exit_hours_3,mr_30m__rsi_14__entry_20__exit_60__shared_hours_3,3,5
hybrid_pair__v5_30m__entry_ema_20__exit_sma_200__entry_hours_3__exit_hours_3__mr_30m__rsi_14__entry_20__exit_70__shared_hours_3,v5_30m__entry_ema_20__exit_sma_200__entry_hours_3__exit_hours_3,mr_30m__rsi_14__entry_20__exit_70__shared_hours_3,3,6
hybrid_pair__v5_30m__entry_ema_20__exit_sma_200__entry_hours_3__exit_hours_3__mr_30m__rsi_2__entry_10__exit_50__shared_hours_3,v5_30m__entry_ema_20__exit_sma_200__entry_hours_3__exit_hours_3,mr_30m__rsi_2__entry_10__exit_50__shared_hours_3,3,7
hybrid_pair__v5_30m__entry_ema_20__exit_sma_200__entry_hours_3__exit_hours_3__mr_30m__rsi_2__entry_10__exit_60__shared_hours_3,v5_30m__entry_ema_20__exit_sma_200__entry_hours_3__exit_hours_3,mr_30m__rsi_2__entry_10__exit_60__shared_hours_3,3,8
hybrid_pair__v5_30m__entry_ema_20__exit_sma_200__entry_hours_3__exit_hours_3__mr_30m__rsi_2__entry_10__exit_70__shared_hours_3,v5_30m__entry_ema_20__exit_sma_200__entry_hours_3__exit_hours_3,mr_30m__rsi_2__entry_10__exit_70__shared_hours_3,3,9
hybrid_pair__v5_30m__entry_ema_20__exit_sma_200__entry_hours_3__exit_hours_3__mr_30m__rsi_2__entry_20__exit_50__shared_hours_3,v5_30m__entry_ema_20__exit_sma_200__entry_hours_3__exit_hours_3,mr_30m__rsi_2__entry_20__exit_50__shared_hours_3,3,10
hybrid_pair__v5_30m__entry_ema_20__exit_sma_200__entry_hours_3__exit_hours_3__mr_30m__rsi_2__entry_20__exit_60__shared_hours_3,v5_30m__entry_ema_20__exit_sma_200__entry_hours_3__exit_hours_3,mr_30m__rsi_2__entry_20__exit_60__shared_hours_3,3,11
hybrid_pair__v5_30m__entry_ema_20__exit_sma_200__entry_hours_3__exit_hours_3__mr_30m__rsi_2__entry_20__exit_70__shared_hours_3,v5_30m__entry_ema_20__exit_sma_200__entry_hours_3__exit_hours_3,mr_30m__rsi_2__entry_20__exit_70__shared_hours_3,3,12
hybrid_pair__v5_30m__entry_ema_20__exit_sma_200__entry_hours_3__exit_hours_3__mr_30m__rsi_2__entry_30__exit_50__shared_hours_3,v5_30m__entry_ema_20__exit_sma_200__entry_hours_3__exit_hours_3,mr_30m__rsi_2__entry_30__exit_50__shared_hours_3,3,13
hybrid_pair__v5_30m__entry_ema_20__exit_sma_200__entry_hours_3__exit_hours_3__mr_30m__rsi_2__entry_30__exit_60__shared_hours_3,v5_30m__entry_ema_20__exit_sma_200__entry_hours_3__exit_hours_3,mr_30m__rsi_2__entry_30__exit_60__shared_hours_3,3,14
hybrid_pair__v5_30m__entry_ema_20__exit_sma_200__entry_hours_3__exit_hours_3__mr_30m__rsi_2__entry_30__exit_70__shared_hours_3,v5_30m__entry_ema_20__exit_sma_200__entry_hours_3__exit_hours_3,mr_30m__rsi_2__entry_30__exit_70__shared_hours_3,3,15
hybrid_pair__v5_30m__entry_ema_20__exit_sma_200__entry_hours_3__exit_hours_3__mr_30m__rsi_5__entry_10__exit_50__shared_hours_3,v5_30m__entry_ema_20__exit_sma_200__entry_hours_3__exit_hours_3,mr_30m__rsi_5__entry_10__exit_50__shared_hours_3,3,16
hybrid_pair__v5_30m__entry_ema_20__exit_sma_200__entry_hours_3__exit_hours_3__mr_30m__rsi_5__entry_10__exit_60__shared_hours_3,v5_30m__entry_ema_20__exit_sma_200__entry_hours_3__exit_hours_3,mr_30m__rsi_5__entry_10__exit_60__shared_hours_3,3,17
hybrid_pair__v5_30m__entry_ema_20__exit_sma_200__entry_hours_3__exit_hours_3__mr_30m__rsi_5__entry_10__exit_70__shared_hours_3,v5_30m__entry_ema_20__exit_sma_200__entry_hours_3__exit_hours_3,mr_30m__rsi_5__entry_10__exit_70__shared_hours_3,3,18
hybrid_pair__v5_30m__entry_ema_20__exit_sma_200__entry_hours_3__exit_hours_3__mr_30m__rsi_5__entry_20__exit_50__shared_hours_3,v5_30m__entry_ema_20__exit_sma_200__entry_hours_3__exit_hours_3,mr_30m__rsi_5__entry_20__exit_50__shared_hours_3,3,19
hybrid_pair__v5_30m__entry_ema_20__exit_sma_200__entry_hours_3__exit_hours_3__mr_30m__rsi_5__entry_30__exit_50__shared_hours_3,v5_30m__entry_ema_20__exit_sma_200__entry_hours_3__exit_hours_3,mr_30m__rsi_5__entry_30__exit_50__shared_hours_3,3,20
hybrid_pair__v5_30m__entry_ema_20__exit_sma_200__entry_hours_3__exit_hours_3__mr_30m__sma_distance_10__entry_m0p02__exit_0__shared_hours_3,v5_30m__entry_ema_20__exit_sma_200__entry_hours_3__exit_hours_3,mr_30m__sma_distance_10__entry_m0p02__exit_0__shared_hours_3,3,21
hybrid_pair__v5_30m__entry_ema_20__exit_sma_200__entry_hours_3__exit_hours_3__mr_30m__sma_distance_10__entry_m0p02__exit_0p01__shared_hours_3,v5_30m__entry_ema_20__exit_sma_200__entry_hours_3__exit_hours_3,mr_30m__sma_distance_10__entry_m0p02__exit_0p01__shared_hours_3,3,22
hybrid_pair__v5_30m__entry_ema_20__exit_sma_200__entry_hours_3__exit_hours_3__mr_30m__sma_distance_10__entry_m0p04__exit_0__shared_hours_3,v5_30m__entry_ema_20__exit_sma_200__entry_hours_3__exit_hours_3,mr_30m__sma_distance_10__entry_m0p04__exit_0__shared_hours_3,3,23
hybrid_pair__v5_30m__entry_ema_20__exit_sma_200__entry_hours_3__exit_hours_3__mr_30m__sma_distance_10__entry_m0p04__exit_0p01__shared_hours_3,v5_30m__entry_ema_20__exit_sma_200__entry_hours_3__exit_hours_3,mr_30m__sma_distance_10__entry_m0p04__exit_0p01__shared_hours_3,3,24
hybrid_pair__v5_30m__entry_ema_20__exit_sma_200__entry_hours_3__exit_hours_3__mr_30m__sma_distance_10__entry_m0p06__exit_0__shared_hours_3,v5_30m__entry_ema_20__exit_sma_200__entry_hours_3__exit_hours_3,mr_30m__sma_distance_10__entry_m0p06__exit_0__shared_hours_3,3,25
hybrid_pair__v5_30m__entry_ema_20__exit_sma_200__entry_hours_3__exit_hours_3__mr_30m__sma_distance_10__entry_m0p06__exit_0p01__shared_hours_3,v5_30m__entry_ema_20__exit_sma_200__entry_hours_3__exit_hours_3,mr_30m__sma_distance_10__entry_m0p06__exit_0p01__shared_hours_3,3,26
hybrid_pair__v5_30m__entry_ema_20__exit_sma_200__entry_hours_3__exit_hours_3__mr_30m__zscore_10__entry_m1p5__exit_0__shared_hours_3,v5_30m__entry_ema_20__exit_sma_200__entry_hours_3__exit_hours_3,mr_30m__zscore_10__entry_m1p5__exit_0__shared_hours_3,3,27
hybrid_pair__v5_30m__entry_ema_20__exit_sma_200__entry_hours_3__exit_hours_3__mr_30m__zscore_10__entry_m1p5__exit_m0p5__shared_hours_3,v5_30m__entry_ema_20__exit_sma_200__entry_hours_3__exit_hours_3,mr_30m__zscore_10__entry_m1p5__exit_m0p5__shared_hours_3,3,28
hybrid_pair__v5_30m__entry_ema_20__exit_sma_200__entry_hours_3__exit_hours_3__mr_30m__zscore_10__entry_m2__exit_0__shared_hours_3,v5_30m__entry_ema_20__exit_sma_200__entry_hours_3__exit_hours_3,mr_30m__zscore_10__entry_m2__exit_0__shared_hours_3,3,29
hybrid_pair__v5_30m__entry_ema_20__exit_sma_200__entry_hours_3__exit_hours_3__mr_30m__zscore_50__entry_m2p5__exit_0__shared_hours_3,v5_30m__entry_ema_20__exit_sma_200__entry_hours_3__exit_hours_3,mr_30m__zscore_50__entry_m2p5__exit_0__shared_hours_3,3,30
hybrid_pair__v5_30m__entry_ema_20__exit_sma_200__entry_hours_3__exit_hours_3__mr_30m__zscore_50__entry_m2p5__exit_0p5__shared_hours_3,v5_30m__entry_ema_20__exit_sma_200__entry_hours_3__exit_hours_3,mr_30m__zscore_50__entry_m2p5__exit_0p5__shared_hours_3,3,31
hybrid_pair__v5_30m__entry_ema_50__exit_sma_200__entry_hours_3__exit_hours_3__mr_30m__ema_distance_10__entry_m0p04__exit_0__shared_hours_3,v5_30m__entry_ema_50__exit_sma_200__entry_hours_3__exit_hours_3,mr_30m__ema_distance_10__entry_m0p04__exit_0__shared_hours_3,4,0
hybrid_pair__v5_30m__entry_ema_50__exit_sma_200__entry_hours_3__exit_hours_3__mr_30m__ema_distance_10__entry_m0p06__exit_0__shared_hours_3,v5_30m__entry_ema_50__exit_sma_200__entry_hours_3__exit_hours_3,mr_30m__ema_distance_10__entry_m0p06__exit_0__shared_hours_3,4,1
hybrid_pair__v5_30m__entry_ema_50__exit_sma_200__entry_hours_3__exit_hours_3__mr_30m__ema_distance_10__entry_m0p06__exit_0p01__shared_hours_3,v5_30m__entry_ema_50__exit_sma_200__entry_hours_3__exit_hours_3,mr_30m__ema_distance_10__entry_m0p06__exit_0p01__shared_hours_3,4,2
hybrid_pair__v5_30m__entry_ema_50__exit_sma_200__entry_hours_3__exit_hours_3__mr_30m__ema_distance_50__entry_m0p04__exit_0p01__shared_hours_3,v5_30m__entry_ema_50__exit_sma_200__entry_hours_3__exit_hours_3,mr_30m__ema_distance_50__entry_m0p04__exit_0p01__shared_hours_3,4,3
hybrid_pair__v5_30m__entry_ema_50__exit_sma_200__entry_hours_3__exit_hours_3__mr_30m__rsi_14__entry_20__exit_50__shared_hours_3,v5_30m__entry_ema_50__exit_sma_200__entry_hours_3__exit_hours_3,mr_30m__rsi_14__entry_20__exit_50__shared_hours_3,4,4
hybrid_pair__v5_30m__entry_ema_50__exit_sma_200__entry_hours_3__exit_hours_3__mr_30m__rsi_14__entry_20__exit_60__shared_hours_3,v5_30m__entry_ema_50__exit_sma_200__entry_hours_3__exit_hours_3,mr_30m__rsi_14__entry_20__exit_60__shared_hours_3,4,5
hybrid_pair__v5_30m__entry_ema_50__exit_sma_200__entry_hours_3__exit_hours_3__mr_30m__rsi_14__entry_20__exit_70__shared_hours_3,v5_30m__entry_ema_50__exit_sma_200__entry_hours_3__exit_hours_3,mr_30m__rsi_14__entry_20__exit_70__shared_hours_3,4,6
hybrid_pair__v5_30m__entry_ema_50__exit_sma_200__entry_hours_3__exit_hours_3__mr_30m__rsi_2__entry_10__exit_50__shared_hours_3,v5_30m__entry_ema_50__exit_sma_200__entry_hours_3__exit_hours_3,mr_30m__rsi_2__entry_10__exit_50__shared_hours_3,4,7
hybrid_pair__v5_30m__entry_ema_50__exit_sma_200__entry_hours_3__exit_hours_3__mr_30m__rsi_2__entry_10__exit_60__shared_hours_3,v5_30m__entry_ema_50__exit_sma_200__entry_hours_3__exit_hours_3,mr_30m__rsi_2__entry_10__exit_60__shared_hours_3,4,8
hybrid_pair__v5_30m__entry_ema_50__exit_sma_200__entry_hours_3__exit_hours_3__mr_30m__rsi_2__entry_10__exit_70__shared_hours_3,v5_30m__entry_ema_50__exit_sma_200__entry_hours_3__exit_hours_3,mr_30m__rsi_2__entry_10__exit_70__shared_hours_3,4,9
hybrid_pair__v5_30m__entry_ema_50__exit_sma_200__entry_hours_3__exit_hours_3__mr_30m__rsi_2__entry_20__exit_50__shared_hours_3,v5_30m__entry_ema_50__exit_sma_200__entry_hours_3__exit_hours_3,mr_30m__rsi_2__entry_20__exit_50__shared_hours_3,4,10
hybrid_pair__v5_30m__entry_ema_50__exit_sma_200__entry_hours_3__exit_hours_3__mr_30m__rsi_2__entry_20__exit_60__shared_hours_3,v5_30m__entry_ema_50__exit_sma_200__entry_hours_3__exit_hours_3,mr_30m__rsi_2__entry_20__exit_60__shared_hours_3,4,11
hybrid_pair__v5_30m__entry_ema_50__exit_sma_200__entry_hours_3__exit_hours_3__mr_30m__rsi_2__entry_20__exit_70__shared_hours_3,v5_30m__entry_ema_50__exit_sma_200__entry_hours_3__exit_hours_3,mr_30m__rsi_2__entry_20__exit_70__shared_hours_3,4,12
hybrid_pair__v5_30m__entry_ema_50__exit_sma_200__entry_hours_3__exit_hours_3__mr_30m__rsi_2__entry_30__exit_50__shared_hours_3,v5_30m__entry_ema_50__exit_sma_200__entry_hours_3__exit_hours_3,mr_30m__rsi_2__entry_30__exit_50__shared_hours_3,4,13
hybrid_pair__v5_30m__entry_ema_50__exit_sma_200__entry_hours_3__exit_hours_3__mr_30m__rsi_2__entry_30__exit_60__shared_hours_3,v5_30m__entry_ema_50__exit_sma_200__entry_hours_3__exit_hours_3,mr_30m__rsi_2__entry_30__exit_60__shared_hours_3,4,14
hybrid_pair__v5_30m__entry_ema_50__exit_sma_200__entry_hours_3__exit_hours_3__mr_30m__rsi_2__entry_30__exit_70__shared_hours_3,v5_30m__entry_ema_50__exit_sma_200__entry_hours_3__exit_hours_3,mr_30m__rsi_2__entry_30__exit_70__shared_hours_3,4,15
hybrid_pair__v5_30m__entry_ema_50__exit_sma_200__entry_hours_3__exit_hours_3__mr_30m__rsi_5__entry_10__exit_50__shared_hours_3,v5_30m__entry_ema_50__exit_sma_200__entry_hours_3__exit_hours_3,mr_30m__rsi_5__entry_10__exit_50__shared_hours_3,4,16
hybrid_pair__v5_30m__entry_ema_50__exit_sma_200__entry_hours_3__exit_hours_3__mr_30m__rsi_5__entry_10__exit_60__shared_hours_3,v5_30m__entry_ema_50__exit_sma_200__entry_hours_3__exit_hours_3,mr_30m__rsi_5__entry_10__exit_60__shared_hours_3,4,17
hybrid_pair__v5_30m__entry_ema_50__exit_sma_200__entry_hours_3__exit_hours_3__mr_30m__rsi_5__entry_10__exit_70__shared_hours_3,v5_30m__entry_ema_50__exit_sma_200__entry_hours_3__exit_hours_3,mr_30m__rsi_5__entry_10__exit_70__shared_hours_3,4,18
hybrid_pair__v5_30m__entry_ema_50__exit_sma_200__entry_hours_3__exit_hours_3__mr_30m__rsi_5__entry_20__exit_50__shared_hours_3,v5_30m__entry_ema_50__exit_sma_200__entry_hours_3__exit_hours_3,mr_30m__rsi_5__entry_20__exit_50__shared_hours_3,4,19
hybrid_pair__v5_30m__entry_ema_50__exit_sma_200__entry_hours_3__exit_hours_3__mr_30m__rsi_5__entry_30__exit_50__shared_hours_3,v5_30m__entry_ema_50__exit_sma_200__entry_hours_3__exit_hours_3,mr_30m__rsi_5__entry_30__exit_50__shared_hours_3,4,20
hybrid_pair__v5_30m__entry_ema_50__exit_sma_200__entry_hours_3__exit_hours_3__mr_30m__sma_distance_10__entry_m0p02__exit_0__shared_hours_3,v5_30m__entry_ema_50__exit_sma_200__entry_hours_3__exit_hours_3,mr_30m__sma_distance_10__entry_m0p02__exit_0__shared_hours_3,4,21
hybrid_pair__v5_30m__entry_ema_50__exit_sma_200__entry_hours_3__exit_hours_3__mr_30m__sma_distance_10__entry_m0p02__exit_0p01__shared_hours_3,v5_30m__entry_ema_50__exit_sma_200__entry_hours_3__exit_hours_3,mr_30m__sma_distance_10__entry_m0p02__exit_0p01__shared_hours_3,4,22
hybrid_pair__v5_30m__entry_ema_50__exit_sma_200__entry_hours_3__exit_hours_3__mr_30m__sma_distance_10__entry_m0p04__exit_0__shared_hours_3,v5_30m__entry_ema_50__exit_sma_200__entry_hours_3__exit_hours_3,mr_30m__sma_distance_10__entry_m0p04__exit_0__shared_hours_3,4,23
hybrid_pair__v5_30m__entry_ema_50__exit_sma_200__entry_hours_3__exit_hours_3__mr_30m__sma_distance_10__entry_m0p04__exit_0p01__shared_hours_3,v5_30m__entry_ema_50__exit_sma_200__entry_hours_3__exit_hours_3,mr_30m__sma_distance_10__entry_m0p04__exit_0p01__shared_hours_3,4,24
hybrid_pair__v5_30m__entry_ema_50__exit_sma_200__entry_hours_3__exit_hours_3__mr_30m__sma_distance_10__entry_m0p06__exit_0__shared_hours_3,v5_30m__entry_ema_50__exit_sma_200__entry_hours_3__exit_hours_3,mr_30m__sma_distance_10__entry_m0p06__exit_0__shared_hours_3,4,25
hybrid_pair__v5_30m__entry_ema_50__exit_sma_200__entry_hours_3__exit_hours_3__mr_30m__sma_distance_10__entry_m0p06__exit_0p01__shared_hours_3,v5_30m__entry_ema_50__exit_sma_200__entry_hours_3__exit_hours_3,mr_30m__sma_distance_10__entry_m0p06__exit_0p01__shared_hours_3,4,26
hybrid_pair__v5_30m__entry_ema_50__exit_sma_200__entry_hours_3__exit_hours_3__mr_30m__zscore_10__entry_m1p5__exit_0__shared_hours_3,v5_30m__entry_ema_50__exit_sma_200__entry_hours_3__exit_hours_3,mr_30m__zscore_10__entry_m1p5__exit_0__shared_hours_3,4,27
hybrid_pair__v5_30m__entry_ema_50__exit_sma_200__entry_hours_3__exit_hours_3__mr_30m__zscore_10__entry_m1p5__exit_m0p5__shared_hours_3,v5_30m__entry_ema_50__exit_sma_200__entry_hours_3__exit_hours_3,mr_30m__zscore_10__entry_m1p5__exit_m0p5__shared_hours_3,4,28
hybrid_pair__v5_30m__entry_ema_50__exit_sma_200__entry_hours_3__exit_hours_3__mr_30m__zscore_10__entry_m2__exit_0__shared_hours_3,v5_30m__entry_ema_50__exit_sma_200__entry_hours_3__exit_hours_3,mr_30m__zscore_10__entry_m2__exit_0__shared_hours_3,4,29
hybrid_pair__v5_30m__entry_ema_50__exit_sma_200__entry_hours_3__exit_hours_3__mr_30m__zscore_50__entry_m2p5__exit_0__shared_hours_3,v5_30m__entry_ema_50__exit_sma_200__entry_hours_3__exit_hours_3,mr_30m__zscore_50__entry_m2p5__exit_0__shared_hours_3,4,30
hybrid_pair__v5_30m__entry_ema_50__exit_sma_200__entry_hours_3__exit_hours_3__mr_30m__zscore_50__entry_m2p5__exit_0p5__shared_hours_3,v5_30m__entry_ema_50__exit_sma_200__entry_hours_3__exit_hours_3,mr_30m__zscore_50__entry_m2p5__exit_0p5__shared_hours_3,4,31
hybrid_pair__v5_30m__entry_macd_12_26_9__exit_sma_200__entry_hours_3__exit_hours_3__mr_30m__ema_distance_10__entry_m0p04__exit_0__shared_hours_3,v5_30m__entry_macd_12_26_9__exit_sma_200__entry_hours_3__exit_hours_3,mr_30m__ema_distance_10__entry_m0p04__exit_0__shared_hours_3,5,0
hybrid_pair__v5_30m__entry_macd_12_26_9__exit_sma_200__entry_hours_3__exit_hours_3__mr_30m__ema_distance_10__entry_m0p06__exit_0__shared_hours_3,v5_30m__entry_macd_12_26_9__exit_sma_200__entry_hours_3__exit_hours_3,mr_30m__ema_distance_10__entry_m0p06__exit_0__shared_hours_3,5,1
hybrid_pair__v5_30m__entry_macd_12_26_9__exit_sma_200__entry_hours_3__exit_hours_3__mr_30m__ema_distance_10__entry_m0p06__exit_0p01__shared_hours_3,v5_30m__entry_macd_12_26_9__exit_sma_200__entry_hours_3__exit_hours_3,mr_30m__ema_distance_10__entry_m0p06__exit_0p01__shared_hours_3,5,2
hybrid_pair__v5_30m__entry_macd_12_26_9__exit_sma_200__entry_hours_3__exit_hours_3__mr_30m__ema_distance_50__entry_m0p04__exit_0p01__shared_hours_3,v5_30m__entry_macd_12_26_9__exit_sma_200__entry_hours_3__exit_hours_3,mr_30m__ema_distance_50__entry_m0p04__exit_0p01__shared_hours_3,5,3
hybrid_pair__v5_30m__entry_macd_12_26_9__exit_sma_200__entry_hours_3__exit_hours_3__mr_30m__rsi_14__entry_20__exit_50__shared_hours_3,v5_30m__entry_macd_12_26_9__exit_sma_200__entry_hours_3__exit_hours_3,mr_30m__rsi_14__entry_20__exit_50__shared_hours_3,5,4
hybrid_pair__v5_30m__entry_macd_12_26_9__exit_sma_200__entry_hours_3__exit_hours_3__mr_30m__rsi_14__entry_20__exit_60__shared_hours_3,v5_30m__entry_macd_12_26_9__exit_sma_200__entry_hours_3__exit_hours_3,mr_30m__rsi_14__entry_20__exit_60__shared_hours_3,5,5
hybrid_pair__v5_30m__entry_macd_12_26_9__exit_sma_200__entry_hours_3__exit_hours_3__mr_30m__rsi_14__entry_20__exit_70__shared_hours_3,v5_30m__entry_macd_12_26_9__exit_sma_200__entry_hours_3__exit_hours_3,mr_30m__rsi_14__entry_20__exit_70__shared_hours_3,5,6
hybrid_pair__v5_30m__entry_macd_12_26_9__exit_sma_200__entry_hours_3__exit_hours_3__mr_30m__rsi_2__entry_10__exit_50__shared_hours_3,v5_30m__entry_macd_12_26_9__exit_sma_200__entry_hours_3__exit_hours_3,mr_30m__rsi_2__entry_10__exit_50__shared_hours_3,5,7
hybrid_pair__v5_30m__entry_macd_12_26_9__exit_sma_200__entry_hours_3__exit_hours_3__mr_30m__rsi_2__entry_10__exit_60__shared_hours_3,v5_30m__entry_macd_12_26_9__exit_sma_200__entry_hours_3__exit_hours_3,mr_30m__rsi_2__entry_10__exit_60__shared_hours_3,5,8
hybrid_pair__v5_30m__entry_macd_12_26_9__exit_sma_200__entry_hours_3__exit_hours_3__mr_30m__rsi_2__entry_10__exit_70__shared_hours_3,v5_30m__entry_macd_12_26_9__exit_sma_200__entry_hours_3__exit_hours_3,mr_30m__rsi_2__entry_10__exit_70__shared_hours_3,5,9
hybrid_pair__v5_30m__entry_macd_12_26_9__exit_sma_200__entry_hours_3__exit_hours_3__mr_30m__rsi_2__entry_20__exit_50__shared_hours_3,v5_30m__entry_macd_12_26_9__exit_sma_200__entry_hours_3__exit_hours_3,mr_30m__rsi_2__entry_20__exit_50__shared_hours_3,5,10
hybrid_pair__v5_30m__entry_macd_12_26_9__exit_sma_200__entry_hours_3__exit_hours_3__mr_30m__rsi_2__entry_20__exit_60__shared_hours_3,v5_30m__entry_macd_12_26_9__exit_sma_200__entry_hours_3__exit_hours_3,mr_30m__rsi_2__entry_20__exit_60__shared_hours_3,5,11
hybrid_pair__v5_30m__entry_macd_12_26_9__exit_sma_200__entry_hours_3__exit_hours_3__mr_30m__rsi_2__entry_20__exit_70__shared_hours_3,v5_30m__entry_macd_12_26_9__exit_sma_200__entry_hours_3__exit_hours_3,mr_30m__rsi_2__entry_20__exit_70__shared_hours_3,5,12
hybrid_pair__v5_30m__entry_macd_12_26_9__exit_sma_200__entry_hours_3__exit_hours_3__mr_30m__rsi_2__entry_30__exit_50__shared_hours_3,v5_30m__entry_macd_12_26_9__exit_sma_200__entry_hours_3__exit_hours_3,mr_30m__rsi_2__entry_30__exit_50__shared_hours_3,5,13
hybrid_pair__v5_30m__entry_macd_12_26_9__exit_sma_200__entry_hours_3__exit_hours_3__mr_30m__rsi_2__entry_30__exit_60__shared_hours_3,v5_30m__entry_macd_12_26_9__exit_sma_200__entry_hours_3__exit_hours_3,mr_30m__rsi_2__entry_30__exit_60__shared_hours_3,5,14
hybrid_pair__v5_30m__entry_macd_12_26_9__exit_sma_200__entry_hours_3__exit_hours_3__mr_30m__rsi_2__entry_30__exit_70__shared_hours_3,v5_30m__entry_macd_12_26_9__exit_sma_200__entry_hours_3__exit_hours_3,mr_30m__rsi_2__entry_30__exit_70__shared_hours_3,5,15
hybrid_pair__v5_30m__entry_macd_12_26_9__exit_sma_200__entry_hours_3__exit_hours_3__mr_30m__rsi_5__entry_10__exit_50__shared_hours_3,v5_30m__entry_macd_12_26_9__exit_sma_200__entry_hours_3__exit_hours_3,mr_30m__rsi_5__entry_10__exit_50__shared_hours_3,5,16
hybrid_pair__v5_30m__entry_macd_12_26_9__exit_sma_200__entry_hours_3__exit_hours_3__mr_30m__rsi_5__entry_10__exit_60__shared_hours_3,v5_30m__entry_macd_12_26_9__exit_sma_200__entry_hours_3__exit_hours_3,mr_30m__rsi_5__entry_10__exit_60__shared_hours_3,5,17
hybrid_pair__v5_30m__entry_macd_12_26_9__exit_sma_200__entry_hours_3__exit_hours_3__mr_30m__rsi_5__entry_10__exit_70__shared_hours_3,v5_30m__entry_macd_12_26_9__exit_sma_200__entry_hours_3__exit_hours_3,mr_30m__rsi_5__entry_10__exit_70__shared_hours_3,5,18
hybrid_pair__v5_30m__entry_macd_12_26_9__exit_sma_200__entry_hours_3__exit_hours_3__mr_30m__rsi_5__entry_20__exit_50__shared_hours_3,v5_30m__entry_macd_12_26_9__exit_sma_200__entry_hours_3__exit_hours_3,mr_30m__rsi_5__entry_20__exit_50__shared_hours_3,5,19
hybrid_pair__v5_30m__entry_macd_12_26_9__exit_sma_200__entry_hours_3__exit_hours_3__mr_30m__rsi_5__entry_30__exit_50__shared_hours_3,v5_30m__entry_macd_12_26_9__exit_sma_200__entry_hours_3__exit_hours_3,mr_30m__rsi_5__entry_30__exit_50__shared_hours_3,5,20
hybrid_pair__v5_30m__entry_macd_12_26_9__exit_sma_200__entry_hours_3__exit_hours_3__mr_30m__sma_distance_10__entry_m0p02__exit_0__shared_hours_3,v5_30m__entry_macd_12_26_9__exit_sma_200__entry_hours_3__exit_hours_3,mr_30m__sma_distance_10__entry_m0p02__exit_0__shared_hours_3,5,21
hybrid_pair__v5_30m__entry_macd_12_26_9__exit_sma_200__entry_hours_3__exit_hours_3__mr_30m__sma_distance_10__entry_m0p02__exit_0p01__shared_hours_3,v5_30m__entry_macd_12_26_9__exit_sma_200__entry_hours_3__exit_hours_3,mr_30m__sma_distance_10__entry_m0p02__exit_0p01__shared_hours_3,5,22
hybrid_pair__v5_30m__entry_macd_12_26_9__exit_sma_200__entry_hours_3__exit_hours_3__mr_30m__sma_distance_10__entry_m0p04__exit_0__shared_hours_3,v5_30m__entry_macd_12_26_9__exit_sma_200__entry_hours_3__exit_hours_3,mr_30m__sma_distance_10__entry_m0p04__exit_0__shared_hours_3,5,23
hybrid_pair__v5_30m__entry_macd_12_26_9__exit_sma_200__entry_hours_3__exit_hours_3__mr_30m__sma_distance_10__entry_m0p04__exit_0p01__shared_hours_3,v5_30m__entry_macd_12_26_9__exit_sma_200__entry_hours_3__exit_hours_3,mr_30m__sma_distance_10__entry_m0p04__exit_0p01__shared_hours_3,5,24
hybrid_pair__v5_30m__entry_macd_12_26_9__exit_sma_200__entry_hours_3__exit_hours_3__mr_30m__sma_distance_10__entry_m0p06__exit_0__shared_hours_3,v5_30m__entry_macd_12_26_9__exit_sma_200__entry_hours_3__exit_hours_3,mr_30m__sma_distance_10__entry_m0p06__exit_0__shared_hours_3,5,25
hybrid_pair__v5_30m__entry_macd_12_26_9__exit_sma_200__entry_hours_3__exit_hours_3__mr_30m__sma_distance_10__entry_m0p06__exit_0p01__shared_hours_3,v5_30m__entry_macd_12_26_9__exit_sma_200__entry_hours_3__exit_hours_3,mr_30m__sma_distance_10__entry_m0p06__exit_0p01__shared_hours_3,5,26
hybrid_pair__v5_30m__entry_macd_12_26_9__exit_sma_200__entry_hours_3__exit_hours_3__mr_30m__zscore_10__entry_m1p5__exit_0__shared_hours_3,v5_30m__entry_macd_12_26_9__exit_sma_200__entry_hours_3__exit_hours_3,mr_30m__zscore_10__entry_m1p5__exit_0__shared_hours_3,5,27
hybrid_pair__v5_30m__entry_macd_12_26_9__exit_sma_200__entry_hours_3__exit_hours_3__mr_30m__zscore_10__entry_m1p5__exit_m0p5__shared_hours_3,v5_30m__entry_macd_12_26_9__exit_sma_200__entry_hours_3__exit_hours_3,mr_30m__zscore_10__entry_m1p5__exit_m0p5__shared_hours_3,5,28
hybrid_pair__v5_30m__entry_macd_12_26_9__exit_sma_200__entry_hours_3__exit_hours_3__mr_30m__zscore_10__entry_m2__exit_0__shared_hours_3,v5_30m__entry_macd_12_26_9__exit_sma_200__entry_hours_3__exit_hours_3,mr_30m__zscore_10__entry_m2__exit_0__shared_hours_3,5,29
hybrid_pair__v5_30m__entry_macd_12_26_9__exit_sma_200__entry_hours_3__exit_hours_3__mr_30m__zscore_50__entry_m2p5__exit_0__shared_hours_3,v5_30m__entry_macd_12_26_9__exit_sma_200__entry_hours_3__exit_hours_3,mr_30m__zscore_50__entry_m2p5__exit_0__shared_hours_3,5,30
hybrid_pair__v5_30m__entry_macd_12_26_9__exit_sma_200__entry_hours_3__exit_hours_3__mr_30m__zscore_50__entry_m2p5__exit_0p5__shared_hours_3,v5_30m__entry_macd_12_26_9__exit_sma_200__entry_hours_3__exit_hours_3,mr_30m__zscore_50__entry_m2p5__exit_0p5__shared_hours_3,5,31
hybrid_pair__v5_30m__entry_macd_24_52_18__exit_sma_200__entry_hours_3__exit_hours_3__mr_30m__ema_distance_10__entry_m0p04__exit_0__shared_hours_3,v5_30m__entry_macd_24_52_18__exit_sma_200__entry_hours_3__exit_hours_3,mr_30m__ema_distance_10__entry_m0p04__exit_0__shared_hours_3,6,0
hybrid_pair__v5_30m__entry_macd_24_52_18__exit_sma_200__entry_hours_3__exit_hours_3__mr_30m__ema_distance_10__entry_m0p06__exit_0__shared_hours_3,v5_30m__entry_macd_24_52_18__exit_sma_200__entry_hours_3__exit_hours_3,mr_30m__ema_distance_10__entry_m0p06__exit_0__shared_hours_3,6,1
hybrid_pair__v5_30m__entry_macd_24_52_18__exit_sma_200__entry_hours_3__exit_hours_3__mr_30m__ema_distance_10__entry_m0p06__exit_0p01__shared_hours_3,v5_30m__entry_macd_24_52_18__exit_sma_200__entry_hours_3__exit_hours_3,mr_30m__ema_distance_10__entry_m0p06__exit_0p01__shared_hours_3,6,2
hybrid_pair__v5_30m__entry_macd_24_52_18__exit_sma_200__entry_hours_3__exit_hours_3__mr_30m__ema_distance_50__entry_m0p04__exit_0p01__shared_hours_3,v5_30m__entry_macd_24_52_18__exit_sma_200__entry_hours_3__exit_hours_3,mr_30m__ema_distance_50__entry_m0p04__exit_0p01__shared_hours_3,6,3
hybrid_pair__v5_30m__entry_macd_24_52_18__exit_sma_200__entry_hours_3__exit_hours_3__mr_30m__rsi_14__entry_20__exit_50__shared_hours_3,v5_30m__entry_macd_24_52_18__exit_sma_200__entry_hours_3__exit_hours_3,mr_30m__rsi_14__entry_20__exit_50__shared_hours_3,6,4
hybrid_pair__v5_30m__entry_macd_24_52_18__exit_sma_200__entry_hours_3__exit_hours_3__mr_30m__rsi_14__entry_20__exit_60__shared_hours_3,v5_30m__entry_macd_24_52_18__exit_sma_200__entry_hours_3__exit_hours_3,mr_30m__rsi_14__entry_20__exit_60__shared_hours_3,6,5
hybrid_pair__v5_30m__entry_macd_24_52_18__exit_sma_200__entry_hours_3__exit_hours_3__mr_30m__rsi_14__entry_20__exit_70__shared_hours_3,v5_30m__entry_macd_24_52_18__exit_sma_200__entry_hours_3__exit_hours_3,mr_30m__rsi_14__entry_20__exit_70__shared_hours_3,6,6
hybrid_pair__v5_30m__entry_macd_24_52_18__exit_sma_200__entry_hours_3__exit_hours_3__mr_30m__rsi_2__entry_10__exit_50__shared_hours_3,v5_30m__entry_macd_24_52_18__exit_sma_200__entry_hours_3__exit_hours_3,mr_30m__rsi_2__entry_10__exit_50__shared_hours_3,6,7
hybrid_pair__v5_30m__entry_macd_24_52_18__exit_sma_200__entry_hours_3__exit_hours_3__mr_30m__rsi_2__entry_10__exit_60__shared_hours_3,v5_30m__entry_macd_24_52_18__exit_sma_200__entry_hours_3__exit_hours_3,mr_30m__rsi_2__entry_10__exit_60__shared_hours_3,6,8
hybrid_pair__v5_30m__entry_macd_24_52_18__exit_sma_200__entry_hours_3__exit_hours_3__mr_30m__rsi_2__entry_10__exit_70__shared_hours_3,v5_30m__entry_macd_24_52_18__exit_sma_200__entry_hours_3__exit_hours_3,mr_30m__rsi_2__entry_10__exit_70__shared_hours_3,6,9
hybrid_pair__v5_30m__entry_macd_24_52_18__exit_sma_200__entry_hours_3__exit_hours_3__mr_30m__rsi_2__entry_20__exit_50__shared_hours_3,v5_30m__entry_macd_24_52_18__exit_sma_200__entry_hours_3__exit_hours_3,mr_30m__rsi_2__entry_20__exit_50__shared_hours_3,6,10
hybrid_pair__v5_30m__entry_macd_24_52_18__exit_sma_200__entry_hours_3__exit_hours_3__mr_30m__rsi_2__entry_20__exit_60__shared_hours_3,v5_30m__entry_macd_24_52_18__exit_sma_200__entry_hours_3__exit_hours_3,mr_30m__rsi_2__entry_20__exit_60__shared_hours_3,6,11
hybrid_pair__v5_30m__entry_macd_24_52_18__exit_sma_200__entry_hours_3__exit_hours_3__mr_30m__rsi_2__entry_20__exit_70__shared_hours_3,v5_30m__entry_macd_24_52_18__exit_sma_200__entry_hours_3__exit_hours_3,mr_30m__rsi_2__entry_20__exit_70__shared_hours_3,6,12
hybrid_pair__v5_30m__entry_macd_24_52_18__exit_sma_200__entry_hours_3__exit_hours_3__mr_30m__rsi_2__entry_30__exit_50__shared_hours_3,v5_30m__entry_macd_24_52_18__exit_sma_200__entry_hours_3__exit_hours_3,mr_30m__rsi_2__entry_30__exit_50__shared_hours_3,6,13
hybrid_pair__v5_30m__entry_macd_24_52_18__exit_sma_200__entry_hours_3__exit_hours_3__mr_30m__rsi_2__entry_30__exit_60__shared_hours_3,v5_30m__entry_macd_24_52_18__exit_sma_200__entry_hours_3__exit_hours_3,mr_30m__rsi_2__entry_30__exit_60__shared_hours_3,6,14
hybrid_pair__v5_30m__entry_macd_24_52_18__exit_sma_200__entry_hours_3__exit_hours_3__mr_30m__rsi_2__entry_30__exit_70__shared_hours_3,v5_30m__entry_macd_24_52_18__exit_sma_200__entry_hours_3__exit_hours_3,mr_30m__rsi_2__entry_30__exit_70__shared_hours_3,6,15
hybrid_pair__v5_30m__entry_macd_24_52_18__exit_sma_200__entry_hours_3__exit_hours_3__mr_30m__rsi_5__entry_10__exit_50__shared_hours_3,v5_30m__entry_macd_24_52_18__exit_sma_200__entry_hours_3__exit_hours_3,mr_30m__rsi_5__entry_10__exit_50__shared_hours_3,6,16
hybrid_pair__v5_30m__entry_macd_24_52_18__exit_sma_200__entry_hours_3__exit_hours_3__mr_30m__rsi_5__entry_10__exit_60__shared_hours_3,v5_30m__entry_macd_24_52_18__exit_sma_200__entry_hours_3__exit_hours_3,mr_30m__rsi_5__entry_10__exit_60__shared_hours_3,6,17
hybrid_pair__v5_30m__entry_macd_24_52_18__exit_sma_200__entry_hours_3__exit_hours_3__mr_30m__rsi_5__entry_10__exit_70__shared_hours_3,v5_30m__entry_macd_24_52_18__exit_sma_200__entry_hours_3__exit_hours_3,mr_30m__rsi_5__entry_10__exit_70__shared_hours_3,6,18
hybrid_pair__v5_30m__entry_macd_24_52_18__exit_sma_200__entry_hours_3__exit_hours_3__mr_30m__rsi_5__entry_20__exit_50__shared_hours_3,v5_30m__entry_macd_24_52_18__exit_sma_200__entry_hours_3__exit_hours_3,mr_30m__rsi_5__entry_20__exit_50__shared_hours_3,6,19
hybrid_pair__v5_30m__entry_macd_24_52_18__exit_sma_200__entry_hours_3__exit_hours_3__mr_30m__rsi_5__entry_30__exit_50__shared_hours_3,v5_30m__entry_macd_24_52_18__exit_sma_200__entry_hours_3__exit_hours_3,mr_30m__rsi_5__entry_30__exit_50__shared_hours_3,6,20
hybrid_pair__v5_30m__entry_macd_24_52_18__exit_sma_200__entry_hours_3__exit_hours_3__mr_30m__sma_distance_10__entry_m0p02__exit_0__shared_hours_3,v5_30m__entry_macd_24_52_18__exit_sma_200__entry_hours_3__exit_hours_3,mr_30m__sma_distance_10__entry_m0p02__exit_0__shared_hours_3,6,21
hybrid_pair__v5_30m__entry_macd_24_52_18__exit_sma_200__entry_hours_3__exit_hours_3__mr_30m__sma_distance_10__entry_m0p02__exit_0p01__shared_hours_3,v5_30m__entry_macd_24_52_18__exit_sma_200__entry_hours_3__exit_hours_3,mr_30m__sma_distance_10__entry_m0p02__exit_0p01__shared_hours_3,6,22
hybrid_pair__v5_30m__entry_macd_24_52_18__exit_sma_200__entry_hours_3__exit_hours_3__mr_30m__sma_distance_10__entry_m0p04__exit_0__shared_hours_3,v5_30m__entry_macd_24_52_18__exit_sma_200__entry_hours_3__exit_hours_3,mr_30m__sma_distance_10__entry_m0p04__exit_0__shared_hours_3,6,23
hybrid_pair__v5_30m__entry_macd_24_52_18__exit_sma_200__entry_hours_3__exit_hours_3__mr_30m__sma_distance_10__entry_m0p04__exit_0p01__shared_hours_3,v5_30m__entry_macd_24_52_18__exit_sma_200__entry_hours_3__exit_hours_3,mr_30m__sma_distance_10__entry_m0p04__exit_0p01__shared_hours_3,6,24
hybrid_pair__v5_30m__entry_macd_24_52_18__exit_sma_200__entry_hours_3__exit_hours_3__mr_30m__sma_distance_10__entry_m0p06__exit_0__shared_hours_3,v5_30m__entry_macd_24_52_18__exit_sma_200__entry_hours_3__exit_hours_3,mr_30m__sma_distance_10__entry_m0p06__exit_0__shared_hours_3,6,25
hybrid_pair__v5_30m__entry_macd_24_52_18__exit_sma_200__entry_hours_3__exit_hours_3__mr_30m__sma_distance_10__entry_m0p06__exit_0p01__shared_hours_3,v5_30m__entry_macd_24_52_18__exit_sma_200__entry_hours_3__exit_hours_3,mr_30m__sma_distance_10__entry_m0p06__exit_0p01__shared_hours_3,6,26
hybrid_pair__v5_30m__entry_macd_24_52_18__exit_sma_200__entry_hours_3__exit_hours_3__mr_30m__zscore_10__entry_m1p5__exit_0__shared_hours_3,v5_30m__entry_macd_24_52_18__exit_sma_200__entry_hours_3__exit_hours_3,mr_30m__zscore_10__entry_m1p5__exit_0__shared_hours_3,6,27
hybrid_pair__v5_30m__entry_macd_24_52_18__exit_sma_200__entry_hours_3__exit_hours_3__mr_30m__zscore_10__entry_m1p5__exit_m0p5__shared_hours_3,v5_30m__entry_macd_24_52_18__exit_sma_200__entry_hours_3__exit_hours_3,mr_30m__zscore_10__entry_m1p5__exit_m0p5__shared_hours_3,6,28
hybrid_pair__v5_30m__entry_macd_24_52_18__exit_sma_200__entry_hours_3__exit_hours_3__mr_30m__zscore_10__entry_m2__exit_0__shared_hours_3,v5_30m__entry_macd_24_52_18__exit_sma_200__entry_hours_3__exit_hours_3,mr_30m__zscore_10__entry_m2__exit_0__shared_hours_3,6,29
hybrid_pair__v5_30m__entry_macd_24_52_18__exit_sma_200__entry_hours_3__exit_hours_3__mr_30m__zscore_50__entry_m2p5__exit_0__shared_hours_3,v5_30m__entry_macd_24_52_18__exit_sma_200__entry_hours_3__exit_hours_3,mr_30m__zscore_50__entry_m2p5__exit_0__shared_hours_3,6,30
hybrid_pair__v5_30m__entry_macd_24_52_18__exit_sma_200__entry_hours_3__exit_hours_3__mr_30m__zscore_50__entry_m2p5__exit_0p5__shared_hours_3,v5_30m__entry_macd_24_52_18__exit_sma_200__entry_hours_3__exit_hours_3,mr_30m__zscore_50__entry_m2p5__exit_0p5__shared_hours_3,6,31
hybrid_pair__v5_30m__entry_sma_100__exit_sma_200__entry_hours_3__exit_hours_3__mr_30m__ema_distance_10__entry_m0p04__exit_0__shared_hours_3,v5_30m__entry_sma_100__exit_sma_200__entry_hours_3__exit_hours_3,mr_30m__ema_distance_10__entry_m0p04__exit_0__shared_hours_3,7,0
hybrid_pair__v5_30m__entry_sma_100__exit_sma_200__entry_hours_3__exit_hours_3__mr_30m__ema_distance_10__entry_m0p06__exit_0__shared_hours_3,v5_30m__entry_sma_100__exit_sma_200__entry_hours_3__exit_hours_3,mr_30m__ema_distance_10__entry_m0p06__exit_0__shared_hours_3,7,1
hybrid_pair__v5_30m__entry_sma_100__exit_sma_200__entry_hours_3__exit_hours_3__mr_30m__ema_distance_10__entry_m0p06__exit_0p01__shared_hours_3,v5_30m__entry_sma_100__exit_sma_200__entry_hours_3__exit_hours_3,mr_30m__ema_distance_10__entry_m0p06__exit_0p01__shared_hours_3,7,2
hybrid_pair__v5_30m__entry_sma_100__exit_sma_200__entry_hours_3__exit_hours_3__mr_30m__ema_distance_50__entry_m0p04__exit_0p01__shared_hours_3,v5_30m__entry_sma_100__exit_sma_200__entry_hours_3__exit_hours_3,mr_30m__ema_distance_50__entry_m0p04__exit_0p01__shared_hours_3,7,3
hybrid_pair__v5_30m__entry_sma_100__exit_sma_200__entry_hours_3__exit_hours_3__mr_30m__rsi_14__entry_20__exit_50__shared_hours_3,v5_30m__entry_sma_100__exit_sma_200__entry_hours_3__exit_hours_3,mr_30m__rsi_14__entry_20__exit_50__shared_hours_3,7,4
hybrid_pair__v5_30m__entry_sma_100__exit_sma_200__entry_hours_3__exit_hours_3__mr_30m__rsi_14__entry_20__exit_60__shared_hours_3,v5_30m__entry_sma_100__exit_sma_200__entry_hours_3__exit_hours_3,mr_30m__rsi_14__entry_20__exit_60__shared_hours_3,7,5
hybrid_pair__v5_30m__entry_sma_100__exit_sma_200__entry_hours_3__exit_hours_3__mr_30m__rsi_14__entry_20__exit_70__shared_hours_3,v5_30m__entry_sma_100__exit_sma_200__entry_hours_3__exit_hours_3,mr_30m__rsi_14__entry_20__exit_70__shared_hours_3,7,6
hybrid_pair__v5_30m__entry_sma_100__exit_sma_200__entry_hours_3__exit_hours_3__mr_30m__rsi_2__entry_10__exit_50__shared_hours_3,v5_30m__entry_sma_100__exit_sma_200__entry_hours_3__exit_hours_3,mr_30m__rsi_2__entry_10__exit_50__shared_hours_3,7,7
hybrid_pair__v5_30m__entry_sma_100__exit_sma_200__entry_hours_3__exit_hours_3__mr_30m__rsi_2__entry_10__exit_60__shared_hours_3,v5_30m__entry_sma_100__exit_sma_200__entry_hours_3__exit_hours_3,mr_30m__rsi_2__entry_10__exit_60__shared_hours_3,7,8
hybrid_pair__v5_30m__entry_sma_100__exit_sma_200__entry_hours_3__exit_hours_3__mr_30m__rsi_2__entry_10__exit_70__shared_hours_3,v5_30m__entry_sma_100__exit_sma_200__entry_hours_3__exit_hours_3,mr_30m__rsi_2__entry_10__exit_70__shared_hours_3,7,9
hybrid_pair__v5_30m__entry_sma_100__exit_sma_200__entry_hours_3__exit_hours_3__mr_30m__rsi_2__entry_20__exit_50__shared_hours_3,v5_30m__entry_sma_100__exit_sma_200__entry_hours_3__exit_hours_3,mr_30m__rsi_2__entry_20__exit_50__shared_hours_3,7,10
hybrid_pair__v5_30m__entry_sma_100__exit_sma_200__entry_hours_3__exit_hours_3__mr_30m__rsi_2__entry_20__exit_60__shared_hours_3,v5_30m__entry_sma_100__exit_sma_200__entry_hours_3__exit_hours_3,mr_30m__rsi_2__entry_20__exit_60__shared_hours_3,7,11
hybrid_pair__v5_30m__entry_sma_100__exit_sma_200__entry_hours_3__exit_hours_3__mr_30m__rsi_2__entry_20__exit_70__shared_hours_3,v5_30m__entry_sma_100__exit_sma_200__entry_hours_3__exit_hours_3,mr_30m__rsi_2__entry_20__exit_70__shared_hours_3,7,12
hybrid_pair__v5_30m__entry_sma_100__exit_sma_200__entry_hours_3__exit_hours_3__mr_30m__rsi_2__entry_30__exit_50__shared_hours_3,v5_30m__entry_sma_100__exit_sma_200__entry_hours_3__exit_hours_3,mr_30m__rsi_2__entry_30__exit_50__shared_hours_3,7,13
hybrid_pair__v5_30m__entry_sma_100__exit_sma_200__entry_hours_3__exit_hours_3__mr_30m__rsi_2__entry_30__exit_60__shared_hours_3,v5_30m__entry_sma_100__exit_sma_200__entry_hours_3__exit_hours_3,mr_30m__rsi_2__entry_30__exit_60__shared_hours_3,7,14
hybrid_pair__v5_30m__entry_sma_100__exit_sma_200__entry_hours_3__exit_hours_3__mr_30m__rsi_2__entry_30__exit_70__shared_hours_3,v5_30m__entry_sma_100__exit_sma_200__entry_hours_3__exit_hours_3,mr_30m__rsi_2__entry_30__exit_70__shared_hours_3,7,15
hybrid_pair__v5_30m__entry_sma_100__exit_sma_200__entry_hours_3__exit_hours_3__mr_30m__rsi_5__entry_10__exit_50__shared_hours_3,v5_30m__entry_sma_100__exit_sma_200__entry_hours_3__exit_hours_3,mr_30m__rsi_5__entry_10__exit_50__shared_hours_3,7,16
hybrid_pair__v5_30m__entry_sma_100__exit_sma_200__entry_hours_3__exit_hours_3__mr_30m__rsi_5__entry_10__exit_60__shared_hours_3,v5_30m__entry_sma_100__exit_sma_200__entry_hours_3__exit_hours_3,mr_30m__rsi_5__entry_10__exit_60__shared_hours_3,7,17
hybrid_pair__v5_30m__entry_sma_100__exit_sma_200__entry_hours_3__exit_hours_3__mr_30m__rsi_5__entry_10__exit_70__shared_hours_3,v5_30m__entry_sma_100__exit_sma_200__entry_hours_3__exit_hours_3,mr_30m__rsi_5__entry_10__exit_70__shared_hours_3,7,18
hybrid_pair__v5_30m__entry_sma_100__exit_sma_200__entry_hours_3__exit_hours_3__mr_30m__rsi_5__entry_20__exit_50__shared_hours_3,v5_30m__entry_sma_100__exit_sma_200__entry_hours_3__exit_hours_3,mr_30m__rsi_5__entry_20__exit_50__shared_hours_3,7,19
hybrid_pair__v5_30m__entry_sma_100__exit_sma_200__entry_hours_3__exit_hours_3__mr_30m__rsi_5__entry_30__exit_50__shared_hours_3,v5_30m__entry_sma_100__exit_sma_200__entry_hours_3__exit_hours_3,mr_30m__rsi_5__entry_30__exit_50__shared_hours_3,7,20
hybrid_pair__v5_30m__entry_sma_100__exit_sma_200__entry_hours_3__exit_hours_3__mr_30m__sma_distance_10__entry_m0p02__exit_0__shared_hours_3,v5_30m__entry_sma_100__exit_sma_200__entry_hours_3__exit_hours_3,mr_30m__sma_distance_10__entry_m0p02__exit_0__shared_hours_3,7,21
hybrid_pair__v5_30m__entry_sma_100__exit_sma_200__entry_hours_3__exit_hours_3__mr_30m__sma_distance_10__entry_m0p02__exit_0p01__shared_hours_3,v5_30m__entry_sma_100__exit_sma_200__entry_hours_3__exit_hours_3,mr_30m__sma_distance_10__entry_m0p02__exit_0p01__shared_hours_3,7,22
hybrid_pair__v5_30m__entry_sma_100__exit_sma_200__entry_hours_3__exit_hours_3__mr_30m__sma_distance_10__entry_m0p04__exit_0__shared_hours_3,v5_30m__entry_sma_100__exit_sma_200__entry_hours_3__exit_hours_3,mr_30m__sma_distance_10__entry_m0p04__exit_0__shared_hours_3,7,23
hybrid_pair__v5_30m__entry_sma_100__exit_sma_200__entry_hours_3__exit_hours_3__mr_30m__sma_distance_10__entry_m0p04__exit_0p01__shared_hours_3,v5_30m__entry_sma_100__exit_sma_200__entry_hours_3__exit_hours_3,mr_30m__sma_distance_10__entry_m0p04__exit_0p01__shared_hours_3,7,24
hybrid_pair__v5_30m__entry_sma_100__exit_sma_200__entry_hours_3__exit_hours_3__mr_30m__sma_distance_10__entry_m0p06__exit_0__shared_hours_3,v5_30m__entry_sma_100__exit_sma_200__entry_hours_3__exit_hours_3,mr_30m__sma_distance_10__entry_m0p06__exit_0__shared_hours_3,7,25
hybrid_pair__v5_30m__entry_sma_100__exit_sma_200__entry_hours_3__exit_hours_3__mr_30m__sma_distance_10__entry_m0p06__exit_0p01__shared_hours_3,v5_30m__entry_sma_100__exit_sma_200__entry_hours_3__exit_hours_3,mr_30m__sma_distance_10__entry_m0p06__exit_0p01__shared_hours_3,7,26
hybrid_pair__v5_30m__entry_sma_100__exit_sma_200__entry_hours_3__exit_hours_3__mr_30m__zscore_10__entry_m1p5__exit_0__shared_hours_3,v5_30m__entry_sma_100__exit_sma_200__entry_hours_3__exit_hours_3,mr_30m__zscore_10__entry_m1p5__exit_0__shared_hours_3,7,27
hybrid_pair__v5_30m__entry_sma_100__exit_sma_200__entry_hours_3__exit_hours_3__mr_30m__zscore_10__entry_m1p5__exit_m0p5__shared_hours_3,v5_30m__entry_sma_100__exit_sma_200__entry_hours_3__exit_hours_3,mr_30m__zscore_10__entry_m1p5__exit_m0p5__shared_hours_3,7,28
hybrid_pair__v5_30m__entry_sma_100__exit_sma_200__entry_hours_3__exit_hours_3__mr_30m__zscore_10__entry_m2__exit_0__shared_hours_3,v5_30m__entry_sma_100__exit_sma_200__entry_hours_3__exit_hours_3,mr_30m__zscore_10__entry_m2__exit_0__shared_hours_3,7,29
hybrid_pair__v5_30m__entry_sma_100__exit_sma_200__entry_hours_3__exit_hours_3__mr_30m__zscore_50__entry_m2p5__exit_0__shared_hours_3,v5_30m__entry_sma_100__exit_sma_200__entry_hours_3__exit_hours_3,mr_30m__zscore_50__entry_m2p5__exit_0__shared_hours_3,7,30
hybrid_pair__v5_30m__entry_sma_100__exit_sma_200__entry_hours_3__exit_hours_3__mr_30m__zscore_50__entry_m2p5__exit_0p5__shared_hours_3,v5_30m__entry_sma_100__exit_sma_200__entry_hours_3__exit_hours_3,mr_30m__zscore_50__entry_m2p5__exit_0p5__shared_hours_3,7,31
hybrid_pair__v5_30m__entry_sma_10__exit_sma_200__entry_hours_3__exit_hours_3__mr_30m__ema_distance_10__entry_m0p04__exit_0__shared_hours_3,v5_30m__entry_sma_10__exit_sma_200__entry_hours_3__exit_hours_3,mr_30m__ema_distance_10__entry_m0p04__exit_0__shared_hours_3,8,0
hybrid_pair__v5_30m__entry_sma_10__exit_sma_200__entry_hours_3__exit_hours_3__mr_30m__ema_distance_10__entry_m0p06__exit_0__shared_hours_3,v5_30m__entry_sma_10__exit_sma_200__entry_hours_3__exit_hours_3,mr_30m__ema_distance_10__entry_m0p06__exit_0__shared_hours_3,8,1
hybrid_pair__v5_30m__entry_sma_10__exit_sma_200__entry_hours_3__exit_hours_3__mr_30m__ema_distance_10__entry_m0p06__exit_0p01__shared_hours_3,v5_30m__entry_sma_10__exit_sma_200__entry_hours_3__exit_hours_3,mr_30m__ema_distance_10__entry_m0p06__exit_0p01__shared_hours_3,8,2
hybrid_pair__v5_30m__entry_sma_10__exit_sma_200__entry_hours_3__exit_hours_3__mr_30m__ema_distance_50__entry_m0p04__exit_0p01__shared_hours_3,v5_30m__entry_sma_10__exit_sma_200__entry_hours_3__exit_hours_3,mr_30m__ema_distance_50__entry_m0p04__exit_0p01__shared_hours_3,8,3
hybrid_pair__v5_30m__entry_sma_10__exit_sma_200__entry_hours_3__exit_hours_3__mr_30m__rsi_14__entry_20__exit_50__shared_hours_3,v5_30m__entry_sma_10__exit_sma_200__entry_hours_3__exit_hours_3,mr_30m__rsi_14__entry_20__exit_50__shared_hours_3,8,4
hybrid_pair__v5_30m__entry_sma_10__exit_sma_200__entry_hours_3__exit_hours_3__mr_30m__rsi_14__entry_20__exit_60__shared_hours_3,v5_30m__entry_sma_10__exit_sma_200__entry_hours_3__exit_hours_3,mr_30m__rsi_14__entry_20__exit_60__shared_hours_3,8,5
hybrid_pair__v5_30m__entry_sma_10__exit_sma_200__entry_hours_3__exit_hours_3__mr_30m__rsi_14__entry_20__exit_70__shared_hours_3,v5_30m__entry_sma_10__exit_sma_200__entry_hours_3__exit_hours_3,mr_30m__rsi_14__entry_20__exit_70__shared_hours_3,8,6
hybrid_pair__v5_30m__entry_sma_10__exit_sma_200__entry_hours_3__exit_hours_3__mr_30m__rsi_2__entry_10__exit_50__shared_hours_3,v5_30m__entry_sma_10__exit_sma_200__entry_hours_3__exit_hours_3,mr_30m__rsi_2__entry_10__exit_50__shared_hours_3,8,7
hybrid_pair__v5_30m__entry_sma_10__exit_sma_200__entry_hours_3__exit_hours_3__mr_30m__rsi_2__entry_10__exit_60__shared_hours_3,v5_30m__entry_sma_10__exit_sma_200__entry_hours_3__exit_hours_3,mr_30m__rsi_2__entry_10__exit_60__shared_hours_3,8,8
hybrid_pair__v5_30m__entry_sma_10__exit_sma_200__entry_hours_3__exit_hours_3__mr_30m__rsi_2__entry_10__exit_70__shared_hours_3,v5_30m__entry_sma_10__exit_sma_200__entry_hours_3__exit_hours_3,mr_30m__rsi_2__entry_10__exit_70__shared_hours_3,8,9
hybrid_pair__v5_30m__entry_sma_10__exit_sma_200__entry_hours_3__exit_hours_3__mr_30m__rsi_2__entry_20__exit_50__shared_hours_3,v5_30m__entry_sma_10__exit_sma_200__entry_hours_3__exit_hours_3,mr_30m__rsi_2__entry_20__exit_50__shared_hours_3,8,10
hybrid_pair__v5_30m__entry_sma_10__exit_sma_200__entry_hours_3__exit_hours_3__mr_30m__rsi_2__entry_20__exit_60__shared_hours_3,v5_30m__entry_sma_10__exit_sma_200__entry_hours_3__exit_hours_3,mr_30m__rsi_2__entry_20__exit_60__shared_hours_3,8,11
hybrid_pair__v5_30m__entry_sma_10__exit_sma_200__entry_hours_3__exit_hours_3__mr_30m__rsi_2__entry_20__exit_70__shared_hours_3,v5_30m__entry_sma_10__exit_sma_200__entry_hours_3__exit_hours_3,mr_30m__rsi_2__entry_20__exit_70__shared_hours_3,8,12
hybrid_pair__v5_30m__entry_sma_10__exit_sma_200__entry_hours_3__exit_hours_3__mr_30m__rsi_2__entry_30__exit_50__shared_hours_3,v5_30m__entry_sma_10__exit_sma_200__entry_hours_3__exit_hours_3,mr_30m__rsi_2__entry_30__exit_50__shared_hours_3,8,13
hybrid_pair__v5_30m__entry_sma_10__exit_sma_200__entry_hours_3__exit_hours_3__mr_30m__rsi_2__entry_30__exit_60__shared_hours_3,v5_30m__entry_sma_10__exit_sma_200__entry_hours_3__exit_hours_3,mr_30m__rsi_2__entry_30__exit_60__shared_hours_3,8,14
hybrid_pair__v5_30m__entry_sma_10__exit_sma_200__entry_hours_3__exit_hours_3__mr_30m__rsi_2__entry_30__exit_70__shared_hours_3,v5_30m__entry_sma_10__exit_sma_200__entry_hours_3__exit_hours_3,mr_30m__rsi_2__entry_30__exit_70__shared_hours_3,8,15
hybrid_pair__v5_30m__entry_sma_10__exit_sma_200__entry_hours_3__exit_hours_3__mr_30m__rsi_5__entry_10__exit_50__shared_hours_3,v5_30m__entry_sma_10__exit_sma_200__entry_hours_3__exit_hours_3,mr_30m__rsi_5__entry_10__exit_50__shared_hours_3,8,16
hybrid_pair__v5_30m__entry_sma_10__exit_sma_200__entry_hours_3__exit_hours_3__mr_30m__rsi_5__entry_10__exit_60__shared_hours_3,v5_30m__entry_sma_10__exit_sma_200__entry_hours_3__exit_hours_3,mr_30m__rsi_5__entry_10__exit_60__shared_hours_3,8,17
hybrid_pair__v5_30m__entry_sma_10__exit_sma_200__entry_hours_3__exit_hours_3__mr_30m__rsi_5__entry_10__exit_70__shared_hours_3,v5_30m__entry_sma_10__exit_sma_200__entry_hours_3__exit_hours_3,mr_30m__rsi_5__entry_10__exit_70__shared_hours_3,8,18
hybrid_pair__v5_30m__entry_sma_10__exit_sma_200__entry_hours_3__exit_hours_3__mr_30m__rsi_5__entry_20__exit_50__shared_hours_3,v5_30m__entry_sma_10__exit_sma_200__entry_hours_3__exit_hours_3,mr_30m__rsi_5__entry_20__exit_50__shared_hours_3,8,19
hybrid_pair__v5_30m__entry_sma_10__exit_sma_200__entry_hours_3__exit_hours_3__mr_30m__rsi_5__entry_30__exit_50__shared_hours_3,v5_30m__entry_sma_10__exit_sma_200__entry_hours_3__exit_hours_3,mr_30m__rsi_5__entry_30__exit_50__shared_hours_3,8,20
hybrid_pair__v5_30m__entry_sma_10__exit_sma_200__entry_hours_3__exit_hours_3__mr_30m__sma_distance_10__entry_m0p02__exit_0__shared_hours_3,v5_30m__entry_sma_10__exit_sma_200__entry_hours_3__exit_hours_3,mr_30m__sma_distance_10__entry_m0p02__exit_0__shared_hours_3,8,21
hybrid_pair__v5_30m__entry_sma_10__exit_sma_200__entry_hours_3__exit_hours_3__mr_30m__sma_distance_10__entry_m0p02__exit_0p01__shared_hours_3,v5_30m__entry_sma_10__exit_sma_200__entry_hours_3__exit_hours_3,mr_30m__sma_distance_10__entry_m0p02__exit_0p01__shared_hours_3,8,22
hybrid_pair__v5_30m__entry_sma_10__exit_sma_200__entry_hours_3__exit_hours_3__mr_30m__sma_distance_10__entry_m0p04__exit_0__shared_hours_3,v5_30m__entry_sma_10__exit_sma_200__entry_hours_3__exit_hours_3,mr_30m__sma_distance_10__entry_m0p04__exit_0__shared_hours_3,8,23
hybrid_pair__v5_30m__entry_sma_10__exit_sma_200__entry_hours_3__exit_hours_3__mr_30m__sma_distance_10__entry_m0p04__exit_0p01__shared_hours_3,v5_30m__entry_sma_10__exit_sma_200__entry_hours_3__exit_hours_3,mr_30m__sma_distance_10__entry_m0p04__exit_0p01__shared_hours_3,8,24
hybrid_pair__v5_30m__entry_sma_10__exit_sma_200__entry_hours_3__exit_hours_3__mr_30m__sma_distance_10__entry_m0p06__exit_0__shared_hours_3,v5_30m__entry_sma_10__exit_sma_200__entry_hours_3__exit_hours_3,mr_30m__sma_distance_10__entry_m0p06__exit_0__shared_hours_3,8,25
hybrid_pair__v5_30m__entry_sma_10__exit_sma_200__entry_hours_3__exit_hours_3__mr_30m__sma_distance_10__entry_m0p06__exit_0p01__shared_hours_3,v5_30m__entry_sma_10__exit_sma_200__entry_hours_3__exit_hours_3,mr_30m__sma_distance_10__entry_m0p06__exit_0p01__shared_hours_3,8,26
hybrid_pair__v5_30m__entry_sma_10__exit_sma_200__entry_hours_3__exit_hours_3__mr_30m__zscore_10__entry_m1p5__exit_0__shared_hours_3,v5_30m__entry_sma_10__exit_sma_200__entry_hours_3__exit_hours_3,mr_30m__zscore_10__entry_m1p5__exit_0__shared_hours_3,8,27
hybrid_pair__v5_30m__entry_sma_10__exit_sma_200__entry_hours_3__exit_hours_3__mr_30m__zscore_10__entry_m1p5__exit_m0p5__shared_hours_3,v5_30m__entry_sma_10__exit_sma_200__entry_hours_3__exit_hours_3,mr_30m__zscore_10__entry_m1p5__exit_m0p5__shared_hours_3,8,28
hybrid_pair__v5_30m__entry_sma_10__exit_sma_200__entry_hours_3__exit_hours_3__mr_30m__zscore_10__entry_m2__exit_0__shared_hours_3,v5_30m__entry_sma_10__exit_sma_200__entry_hours_3__exit_hours_3,mr_30m__zscore_10__entry_m2__exit_0__shared_hours_3,8,29
hybrid_pair__v5_30m__entry_sma_10__exit_sma_200__entry_hours_3__exit_hours_3__mr_30m__zscore_50__entry_m2p5__exit_0__shared_hours_3,v5_30m__entry_sma_10__exit_sma_200__entry_hours_3__exit_hours_3,mr_30m__zscore_50__entry_m2p5__exit_0__shared_hours_3,8,30
hybrid_pair__v5_30m__entry_sma_10__exit_sma_200__entry_hours_3__exit_hours_3__mr_30m__zscore_50__entry_m2p5__exit_0p5__shared_hours_3,v5_30m__entry_sma_10__exit_sma_200__entry_hours_3__exit_hours_3,mr_30m__zscore_50__entry_m2p5__exit_0p5__shared_hours_3,8,31
hybrid_pair__v5_30m__entry_sma_20__exit_sma_200__entry_hours_3__exit_hours_3__mr_30m__ema_distance_10__entry_m0p04__exit_0__shared_hours_3,v5_30m__entry_sma_20__exit_sma_200__entry_hours_3__exit_hours_3,mr_30m__ema_distance_10__entry_m0p04__exit_0__shared_hours_3,9,0
hybrid_pair__v5_30m__entry_sma_20__exit_sma_200__entry_hours_3__exit_hours_3__mr_30m__ema_distance_10__entry_m0p06__exit_0__shared_hours_3,v5_30m__entry_sma_20__exit_sma_200__entry_hours_3__exit_hours_3,mr_30m__ema_distance_10__entry_m0p06__exit_0__shared_hours_3,9,1
hybrid_pair__v5_30m__entry_sma_20__exit_sma_200__entry_hours_3__exit_hours_3__mr_30m__ema_distance_10__entry_m0p06__exit_0p01__shared_hours_3,v5_30m__entry_sma_20__exit_sma_200__entry_hours_3__exit_hours_3,mr_30m__ema_distance_10__entry_m0p06__exit_0p01__shared_hours_3,9,2
hybrid_pair__v5_30m__entry_sma_20__exit_sma_200__entry_hours_3__exit_hours_3__mr_30m__ema_distance_50__entry_m0p04__exit_0p01__shared_hours_3,v5_30m__entry_sma_20__exit_sma_200__entry_hours_3__exit_hours_3,mr_30m__ema_distance_50__entry_m0p04__exit_0p01__shared_hours_3,9,3
hybrid_pair__v5_30m__entry_sma_20__exit_sma_200__entry_hours_3__exit_hours_3__mr_30m__rsi_14__entry_20__exit_50__shared_hours_3,v5_30m__entry_sma_20__exit_sma_200__entry_hours_3__exit_hours_3,mr_30m__rsi_14__entry_20__exit_50__shared_hours_3,9,4
hybrid_pair__v5_30m__entry_sma_20__exit_sma_200__entry_hours_3__exit_hours_3__mr_30m__rsi_14__entry_20__exit_60__shared_hours_3,v5_30m__entry_sma_20__exit_sma_200__entry_hours_3__exit_hours_3,mr_30m__rsi_14__entry_20__exit_60__shared_hours_3,9,5
hybrid_pair__v5_30m__entry_sma_20__exit_sma_200__entry_hours_3__exit_hours_3__mr_30m__rsi_14__entry_20__exit_70__shared_hours_3,v5_30m__entry_sma_20__exit_sma_200__entry_hours_3__exit_hours_3,mr_30m__rsi_14__entry_20__exit_70__shared_hours_3,9,6
hybrid_pair__v5_30m__entry_sma_20__exit_sma_200__entry_hours_3__exit_hours_3__mr_30m__rsi_2__entry_10__exit_50__shared_hours_3,v5_30m__entry_sma_20__exit_sma_200__entry_hours_3__exit_hours_3,mr_30m__rsi_2__entry_10__exit_50__shared_hours_3,9,7
hybrid_pair__v5_30m__entry_sma_20__exit_sma_200__entry_hours_3__exit_hours_3__mr_30m__rsi_2__entry_10__exit_60__shared_hours_3,v5_30m__entry_sma_20__exit_sma_200__entry_hours_3__exit_hours_3,mr_30m__rsi_2__entry_10__exit_60__shared_hours_3,9,8
hybrid_pair__v5_30m__entry_sma_20__exit_sma_200__entry_hours_3__exit_hours_3__mr_30m__rsi_2__entry_10__exit_70__shared_hours_3,v5_30m__entry_sma_20__exit_sma_200__entry_hours_3__exit_hours_3,mr_30m__rsi_2__entry_10__exit_70__shared_hours_3,9,9
hybrid_pair__v5_30m__entry_sma_20__exit_sma_200__entry_hours_3__exit_hours_3__mr_30m__rsi_2__entry_20__exit_50__shared_hours_3,v5_30m__entry_sma_20__exit_sma_200__entry_hours_3__exit_hours_3,mr_30m__rsi_2__entry_20__exit_50__shared_hours_3,9,10
hybrid_pair__v5_30m__entry_sma_20__exit_sma_200__entry_hours_3__exit_hours_3__mr_30m__rsi_2__entry_20__exit_60__shared_hours_3,v5_30m__entry_sma_20__exit_sma_200__entry_hours_3__exit_hours_3,mr_30m__rsi_2__entry_20__exit_60__shared_hours_3,9,11
hybrid_pair__v5_30m__entry_sma_20__exit_sma_200__entry_hours_3__exit_hours_3__mr_30m__rsi_2__entry_20__exit_70__shared_hours_3,v5_30m__entry_sma_20__exit_sma_200__entry_hours_3__exit_hours_3,mr_30m__rsi_2__entry_20__exit_70__shared_hours_3,9,12
hybrid_pair__v5_30m__entry_sma_20__exit_sma_200__entry_hours_3__exit_hours_3__mr_30m__rsi_2__entry_30__exit_50__shared_hours_3,v5_30m__entry_sma_20__exit_sma_200__entry_hours_3__exit_hours_3,mr_30m__rsi_2__entry_30__exit_50__shared_hours_3,9,13
hybrid_pair__v5_30m__entry_sma_20__exit_sma_200__entry_hours_3__exit_hours_3__mr_30m__rsi_2__entry_30__exit_60__shared_hours_3,v5_30m__entry_sma_20__exit_sma_200__entry_hours_3__exit_hours_3,mr_30m__rsi_2__entry_30__exit_60__shared_hours_3,9,14
hybrid_pair__v5_30m__entry_sma_20__exit_sma_200__entry_hours_3__exit_hours_3__mr_30m__rsi_2__entry_30__exit_70__shared_hours_3,v5_30m__entry_sma_20__exit_sma_200__entry_hours_3__exit_hours_3,mr_30m__rsi_2__entry_30__exit_70__shared_hours_3,9,15
hybrid_pair__v5_30m__entry_sma_20__exit_sma_200__entry_hours_3__exit_hours_3__mr_30m__rsi_5__entry_10__exit_50__shared_hours_3,v5_30m__entry_sma_20__exit_sma_200__entry_hours_3__exit_hours_3,mr_30m__rsi_5__entry_10__exit_50__shared_hours_3,9,16
hybrid_pair__v5_30m__entry_sma_20__exit_sma_200__entry_hours_3__exit_hours_3__mr_30m__rsi_5__entry_10__exit_60__shared_hours_3,v5_30m__entry_sma_20__exit_sma_200__entry_hours_3__exit_hours_3,mr_30m__rsi_5__entry_10__exit_60__shared_hours_3,9,17
hybrid_pair__v5_30m__entry_sma_20__exit_sma_200__entry_hours_3__exit_hours_3__mr_30m__rsi_5__entry_10__exit_70__shared_hours_3,v5_30m__entry_sma_20__exit_sma_200__entry_hours_3__exit_hours_3,mr_30m__rsi_5__entry_10__exit_70__shared_hours_3,9,18
hybrid_pair__v5_30m__entry_sma_20__exit_sma_200__entry_hours_3__exit_hours_3__mr_30m__rsi_5__entry_20__exit_50__shared_hours_3,v5_30m__entry_sma_20__exit_sma_200__entry_hours_3__exit_hours_3,mr_30m__rsi_5__entry_20__exit_50__shared_hours_3,9,19
hybrid_pair__v5_30m__entry_sma_20__exit_sma_200__entry_hours_3__exit_hours_3__mr_30m__rsi_5__entry_30__exit_50__shared_hours_3,v5_30m__entry_sma_20__exit_sma_200__entry_hours_3__exit_hours_3,mr_30m__rsi_5__entry_30__exit_50__shared_hours_3,9,20
hybrid_pair__v5_30m__entry_sma_20__exit_sma_200__entry_hours_3__exit_hours_3__mr_30m__sma_distance_10__entry_m0p02__exit_0__shared_hours_3,v5_30m__entry_sma_20__exit_sma_200__entry_hours_3__exit_hours_3,mr_30m__sma_distance_10__entry_m0p02__exit_0__shared_hours_3,9,21
hybrid_pair__v5_30m__entry_sma_20__exit_sma_200__entry_hours_3__exit_hours_3__mr_30m__sma_distance_10__entry_m0p02__exit_0p01__shared_hours_3,v5_30m__entry_sma_20__exit_sma_200__entry_hours_3__exit_hours_3,mr_30m__sma_distance_10__entry_m0p02__exit_0p01__shared_hours_3,9,22
hybrid_pair__v5_30m__entry_sma_20__exit_sma_200__entry_hours_3__exit_hours_3__mr_30m__sma_distance_10__entry_m0p04__exit_0__shared_hours_3,v5_30m__entry_sma_20__exit_sma_200__entry_hours_3__exit_hours_3,mr_30m__sma_distance_10__entry_m0p04__exit_0__shared_hours_3,9,23
hybrid_pair__v5_30m__entry_sma_20__exit_sma_200__entry_hours_3__exit_hours_3__mr_30m__sma_distance_10__entry_m0p04__exit_0p01__shared_hours_3,v5_30m__entry_sma_20__exit_sma_200__entry_hours_3__exit_hours_3,mr_30m__sma_distance_10__entry_m0p04__exit_0p01__shared_hours_3,9,24
hybrid_pair__v5_30m__entry_sma_20__exit_sma_200__entry_hours_3__exit_hours_3__mr_30m__sma_distance_10__entry_m0p06__exit_0__shared_hours_3,v5_30m__entry_sma_20__exit_sma_200__entry_hours_3__exit_hours_3,mr_30m__sma_distance_10__entry_m0p06__exit_0__shared_hours_3,9,25
hybrid_pair__v5_30m__entry_sma_20__exit_sma_200__entry_hours_3__exit_hours_3__mr_30m__sma_distance_10__entry_m0p06__exit_0p01__shared_hours_3,v5_30m__entry_sma_20__exit_sma_200__entry_hours_3__exit_hours_3,mr_30m__sma_distance_10__entry_m0p06__exit_0p01__shared_hours_3,9,26
hybrid_pair__v5_30m__entry_sma_20__exit_sma_200__entry_hours_3__exit_hours_3__mr_30m__zscore_10__entry_m1p5__exit_0__shared_hours_3,v5_30m__entry_sma_20__exit_sma_200__entry_hours_3__exit_hours_3,mr_30m__zscore_10__entry_m1p5__exit_0__shared_hours_3,9,27
hybrid_pair__v5_30m__entry_sma_20__exit_sma_200__entry_hours_3__exit_hours_3__mr_30m__zscore_10__entry_m1p5__exit_m0p5__shared_hours_3,v5_30m__entry_sma_20__exit_sma_200__entry_hours_3__exit_hours_3,mr_30m__zscore_10__entry_m1p5__exit_m0p5__shared_hours_3,9,28
hybrid_pair__v5_30m__entry_sma_20__exit_sma_200__entry_hours_3__exit_hours_3__mr_30m__zscore_10__entry_m2__exit_0__shared_hours_3,v5_30m__entry_sma_20__exit_sma_200__entry_hours_3__exit_hours_3,mr_30m__zscore_10__entry_m2__exit_0__shared_hours_3,9,29
hybrid_pair__v5_30m__entry_sma_20__exit_sma_200__entry_hours_3__exit_hours_3__mr_30m__zscore_50__entry_m2p5__exit_0__shared_hours_3,v5_30m__entry_sma_20__exit_sma_200__entry_hours_3__exit_hours_3,mr_30m__zscore_50__entry_m2p5__exit_0__shared_hours_3,9,30
hybrid_pair__v5_30m__entry_sma_20__exit_sma_200__entry_hours_3__exit_hours_3__mr_30m__zscore_50__entry_m2p5__exit_0p5__shared_hours_3,v5_30m__entry_sma_20__exit_sma_200__entry_hours_3__exit_hours_3,mr_30m__zscore_50__entry_m2p5__exit_0p5__shared_hours_3,9,31
hybrid_pair__v5_30m__entry_sma_50__exit_ema_200__entry_hours_3__exit_hours_3__mr_30m__ema_distance_10__entry_m0p04__exit_0__shared_hours_3,v5_30m__entry_sma_50__exit_ema_200__entry_hours_3__exit_hours_3,mr_30m__ema_distance_10__entry_m0p04__exit_0__shared_hours_3,10,0
hybrid_pair__v5_30m__entry_sma_50__exit_ema_200__entry_hours_3__exit_hours_3__mr_30m__ema_distance_10__entry_m0p06__exit_0__shared_hours_3,v5_30m__entry_sma_50__exit_ema_200__entry_hours_3__exit_hours_3,mr_30m__ema_distance_10__entry_m0p06__exit_0__shared_hours_3,10,1
hybrid_pair__v5_30m__entry_sma_50__exit_ema_200__entry_hours_3__exit_hours_3__mr_30m__ema_distance_10__entry_m0p06__exit_0p01__shared_hours_3,v5_30m__entry_sma_50__exit_ema_200__entry_hours_3__exit_hours_3,mr_30m__ema_distance_10__entry_m0p06__exit_0p01__shared_hours_3,10,2
hybrid_pair__v5_30m__entry_sma_50__exit_ema_200__entry_hours_3__exit_hours_3__mr_30m__ema_distance_50__entry_m0p04__exit_0p01__shared_hours_3,v5_30m__entry_sma_50__exit_ema_200__entry_hours_3__exit_hours_3,mr_30m__ema_distance_50__entry_m0p04__exit_0p01__shared_hours_3,10,3
hybrid_pair__v5_30m__entry_sma_50__exit_ema_200__entry_hours_3__exit_hours_3__mr_30m__rsi_14__entry_20__exit_50__shared_hours_3,v5_30m__entry_sma_50__exit_ema_200__entry_hours_3__exit_hours_3,mr_30m__rsi_14__entry_20__exit_50__shared_hours_3,10,4
hybrid_pair__v5_30m__entry_sma_50__exit_ema_200__entry_hours_3__exit_hours_3__mr_30m__rsi_14__entry_20__exit_60__shared_hours_3,v5_30m__entry_sma_50__exit_ema_200__entry_hours_3__exit_hours_3,mr_30m__rsi_14__entry_20__exit_60__shared_hours_3,10,5
hybrid_pair__v5_30m__entry_sma_50__exit_ema_200__entry_hours_3__exit_hours_3__mr_30m__rsi_14__entry_20__exit_70__shared_hours_3,v5_30m__entry_sma_50__exit_ema_200__entry_hours_3__exit_hours_3,mr_30m__rsi_14__entry_20__exit_70__shared_hours_3,10,6
hybrid_pair__v5_30m__entry_sma_50__exit_ema_200__entry_hours_3__exit_hours_3__mr_30m__rsi_2__entry_10__exit_50__shared_hours_3,v5_30m__entry_sma_50__exit_ema_200__entry_hours_3__exit_hours_3,mr_30m__rsi_2__entry_10__exit_50__shared_hours_3,10,7
hybrid_pair__v5_30m__entry_sma_50__exit_ema_200__entry_hours_3__exit_hours_3__mr_30m__rsi_2__entry_10__exit_60__shared_hours_3,v5_30m__entry_sma_50__exit_ema_200__entry_hours_3__exit_hours_3,mr_30m__rsi_2__entry_10__exit_60__shared_hours_3,10,8
hybrid_pair__v5_30m__entry_sma_50__exit_ema_200__entry_hours_3__exit_hours_3__mr_30m__rsi_2__entry_10__exit_70__shared_hours_3,v5_30m__entry_sma_50__exit_ema_200__entry_hours_3__exit_hours_3,mr_30m__rsi_2__entry_10__exit_70__shared_hours_3,10,9
hybrid_pair__v5_30m__entry_sma_50__exit_ema_200__entry_hours_3__exit_hours_3__mr_30m__rsi_2__entry_20__exit_50__shared_hours_3,v5_30m__entry_sma_50__exit_ema_200__entry_hours_3__exit_hours_3,mr_30m__rsi_2__entry_20__exit_50__shared_hours_3,10,10
hybrid_pair__v5_30m__entry_sma_50__exit_ema_200__entry_hours_3__exit_hours_3__mr_30m__rsi_2__entry_20__exit_60__shared_hours_3,v5_30m__entry_sma_50__exit_ema_200__entry_hours_3__exit_hours_3,mr_30m__rsi_2__entry_20__exit_60__shared_hours_3,10,11
hybrid_pair__v5_30m__entry_sma_50__exit_ema_200__entry_hours_3__exit_hours_3__mr_30m__rsi_2__entry_20__exit_70__shared_hours_3,v5_30m__entry_sma_50__exit_ema_200__entry_hours_3__exit_hours_3,mr_30m__rsi_2__entry_20__exit_70__shared_hours_3,10,12
hybrid_pair__v5_30m__entry_sma_50__exit_ema_200__entry_hours_3__exit_hours_3__mr_30m__rsi_2__entry_30__exit_50__shared_hours_3,v5_30m__entry_sma_50__exit_ema_200__entry_hours_3__exit_hours_3,mr_30m__rsi_2__entry_30__exit_50__shared_hours_3,10,13
hybrid_pair__v5_30m__entry_sma_50__exit_ema_200__entry_hours_3__exit_hours_3__mr_30m__rsi_2__entry_30__exit_60__shared_hours_3,v5_30m__entry_sma_50__exit_ema_200__entry_hours_3__exit_hours_3,mr_30m__rsi_2__entry_30__exit_60__shared_hours_3,10,14
hybrid_pair__v5_30m__entry_sma_50__exit_ema_200__entry_hours_3__exit_hours_3__mr_30m__rsi_2__entry_30__exit_70__shared_hours_3,v5_30m__entry_sma_50__exit_ema_200__entry_hours_3__exit_hours_3,mr_30m__rsi_2__entry_30__exit_70__shared_hours_3,10,15
hybrid_pair__v5_30m__entry_sma_50__exit_ema_200__entry_hours_3__exit_hours_3__mr_30m__rsi_5__entry_10__exit_50__shared_hours_3,v5_30m__entry_sma_50__exit_ema_200__entry_hours_3__exit_hours_3,mr_30m__rsi_5__entry_10__exit_50__shared_hours_3,10,16
hybrid_pair__v5_30m__entry_sma_50__exit_ema_200__entry_hours_3__exit_hours_3__mr_30m__rsi_5__entry_10__exit_60__shared_hours_3,v5_30m__entry_sma_50__exit_ema_200__entry_hours_3__exit_hours_3,mr_30m__rsi_5__entry_10__exit_60__shared_hours_3,10,17
hybrid_pair__v5_30m__entry_sma_50__exit_ema_200__entry_hours_3__exit_hours_3__mr_30m__rsi_5__entry_10__exit_70__shared_hours_3,v5_30m__entry_sma_50__exit_ema_200__entry_hours_3__exit_hours_3,mr_30m__rsi_5__entry_10__exit_70__shared_hours_3,10,18
hybrid_pair__v5_30m__entry_sma_50__exit_ema_200__entry_hours_3__exit_hours_3__mr_30m__rsi_5__entry_20__exit_50__shared_hours_3,v5_30m__entry_sma_50__exit_ema_200__entry_hours_3__exit_hours_3,mr_30m__rsi_5__entry_20__exit_50__shared_hours_3,10,19
hybrid_pair__v5_30m__entry_sma_50__exit_ema_200__entry_hours_3__exit_hours_3__mr_30m__rsi_5__entry_30__exit_50__shared_hours_3,v5_30m__entry_sma_50__exit_ema_200__entry_hours_3__exit_hours_3,mr_30m__rsi_5__entry_30__exit_50__shared_hours_3,10,20
hybrid_pair__v5_30m__entry_sma_50__exit_ema_200__entry_hours_3__exit_hours_3__mr_30m__sma_distance_10__entry_m0p02__exit_0__shared_hours_3,v5_30m__entry_sma_50__exit_ema_200__entry_hours_3__exit_hours_3,mr_30m__sma_distance_10__entry_m0p02__exit_0__shared_hours_3,10,21
hybrid_pair__v5_30m__entry_sma_50__exit_ema_200__entry_hours_3__exit_hours_3__mr_30m__sma_distance_10__entry_m0p02__exit_0p01__shared_hours_3,v5_30m__entry_sma_50__exit_ema_200__entry_hours_3__exit_hours_3,mr_30m__sma_distance_10__entry_m0p02__exit_0p01__shared_hours_3,10,22
hybrid_pair__v5_30m__entry_sma_50__exit_ema_200__entry_hours_3__exit_hours_3__mr_30m__sma_distance_10__entry_m0p04__exit_0__shared_hours_3,v5_30m__entry_sma_50__exit_ema_200__entry_hours_3__exit_hours_3,mr_30m__sma_distance_10__entry_m0p04__exit_0__shared_hours_3,10,23
hybrid_pair__v5_30m__entry_sma_50__exit_ema_200__entry_hours_3__exit_hours_3__mr_30m__sma_distance_10__entry_m0p04__exit_0p01__shared_hours_3,v5_30m__entry_sma_50__exit_ema_200__entry_hours_3__exit_hours_3,mr_30m__sma_distance_10__entry_m0p04__exit_0p01__shared_hours_3,10,24
hybrid_pair__v5_30m__entry_sma_50__exit_ema_200__entry_hours_3__exit_hours_3__mr_30m__sma_distance_10__entry_m0p06__exit_0__shared_hours_3,v5_30m__entry_sma_50__exit_ema_200__entry_hours_3__exit_hours_3,mr_30m__sma_distance_10__entry_m0p06__exit_0__shared_hours_3,10,25
hybrid_pair__v5_30m__entry_sma_50__exit_ema_200__entry_hours_3__exit_hours_3__mr_30m__sma_distance_10__entry_m0p06__exit_0p01__shared_hours_3,v5_30m__entry_sma_50__exit_ema_200__entry_hours_3__exit_hours_3,mr_30m__sma_distance_10__entry_m0p06__exit_0p01__shared_hours_3,10,26
hybrid_pair__v5_30m__entry_sma_50__exit_ema_200__entry_hours_3__exit_hours_3__mr_30m__zscore_10__entry_m1p5__exit_0__shared_hours_3,v5_30m__entry_sma_50__exit_ema_200__entry_hours_3__exit_hours_3,mr_30m__zscore_10__entry_m1p5__exit_0__shared_hours_3,10,27
hybrid_pair__v5_30m__entry_sma_50__exit_ema_200__entry_hours_3__exit_hours_3__mr_30m__zscore_10__entry_m1p5__exit_m0p5__shared_hours_3,v5_30m__entry_sma_50__exit_ema_200__entry_hours_3__exit_hours_3,mr_30m__zscore_10__entry_m1p5__exit_m0p5__shared_hours_3,10,28
hybrid_pair__v5_30m__entry_sma_50__exit_ema_200__entry_hours_3__exit_hours_3__mr_30m__zscore_10__entry_m2__exit_0__shared_hours_3,v5_30m__entry_sma_50__exit_ema_200__entry_hours_3__exit_hours_3,mr_30m__zscore_10__entry_m2__exit_0__shared_hours_3,10,29
hybrid_pair__v5_30m__entry_sma_50__exit_ema_200__entry_hours_3__exit_hours_3__mr_30m__zscore_50__entry_m2p5__exit_0__shared_hours_3,v5_30m__entry_sma_50__exit_ema_200__entry_hours_3__exit_hours_3,mr_30m__zscore_50__entry_m2p5__exit_0__shared_hours_3,10,30
hybrid_pair__v5_30m__entry_sma_50__exit_ema_200__entry_hours_3__exit_hours_3__mr_30m__zscore_50__entry_m2p5__exit_0p5__shared_hours_3,v5_30m__entry_sma_50__exit_ema_200__entry_hours_3__exit_hours_3,mr_30m__zscore_50__entry_m2p5__exit_0p5__shared_hours_3,10,31
hybrid_pair__v5_30m__entry_sma_50__exit_sma_200__entry_hours_3__exit_hours_3__mr_30m__ema_distance_10__entry_m0p04__exit_0__shared_hours_3,v5_30m__entry_sma_50__exit_sma_200__entry_hours_3__exit_hours_3,mr_30m__ema_distance_10__entry_m0p04__exit_0__shared_hours_3,11,0
hybrid_pair__v5_30m__entry_sma_50__exit_sma_200__entry_hours_3__exit_hours_3__mr_30m__ema_distance_10__entry_m0p06__exit_0__shared_hours_3,v5_30m__entry_sma_50__exit_sma_200__entry_hours_3__exit_hours_3,mr_30m__ema_distance_10__entry_m0p06__exit_0__shared_hours_3,11,1
hybrid_pair__v5_30m__entry_sma_50__exit_sma_200__entry_hours_3__exit_hours_3__mr_30m__ema_distance_10__entry_m0p06__exit_0p01__shared_hours_3,v5_30m__entry_sma_50__exit_sma_200__entry_hours_3__exit_hours_3,mr_30m__ema_distance_10__entry_m0p06__exit_0p01__shared_hours_3,11,2
hybrid_pair__v5_30m__entry_sma_50__exit_sma_200__entry_hours_3__exit_hours_3__mr_30m__ema_distance_50__entry_m0p04__exit_0p01__shared_hours_3,v5_30m__entry_sma_50__exit_sma_200__entry_hours_3__exit_hours_3,mr_30m__ema_distance_50__entry_m0p04__exit_0p01__shared_hours_3,11,3
hybrid_pair__v5_30m__entry_sma_50__exit_sma_200__entry_hours_3__exit_hours_3__mr_30m__rsi_14__entry_20__exit_50__shared_hours_3,v5_30m__entry_sma_50__exit_sma_200__entry_hours_3__exit_hours_3,mr_30m__rsi_14__entry_20__exit_50__shared_hours_3,11,4
hybrid_pair__v5_30m__entry_sma_50__exit_sma_200__entry_hours_3__exit_hours_3__mr_30m__rsi_14__entry_20__exit_60__shared_hours_3,v5_30m__entry_sma_50__exit_sma_200__entry_hours_3__exit_hours_3,mr_30m__rsi_14__entry_20__exit_60__shared_hours_3,11,5
hybrid_pair__v5_30m__entry_sma_50__exit_sma_200__entry_hours_3__exit_hours_3__mr_30m__rsi_14__entry_20__exit_70__shared_hours_3,v5_30m__entry_sma_50__exit_sma_200__entry_hours_3__exit_hours_3,mr_30m__rsi_14__entry_20__exit_70__shared_hours_3,11,6
hybrid_pair__v5_30m__entry_sma_50__exit_sma_200__entry_hours_3__exit_hours_3__mr_30m__rsi_2__entry_10__exit_50__shared_hours_3,v5_30m__entry_sma_50__exit_sma_200__entry_hours_3__exit_hours_3,mr_30m__rsi_2__entry_10__exit_50__shared_hours_3,11,7
hybrid_pair__v5_30m__entry_sma_50__exit_sma_200__entry_hours_3__exit_hours_3__mr_30m__rsi_2__entry_10__exit_60__shared_hours_3,v5_30m__entry_sma_50__exit_sma_200__entry_hours_3__exit_hours_3,mr_30m__rsi_2__entry_10__exit_60__shared_hours_3,11,8
hybrid_pair__v5_30m__entry_sma_50__exit_sma_200__entry_hours_3__exit_hours_3__mr_30m__rsi_2__entry_10__exit_70__shared_hours_3,v5_30m__entry_sma_50__exit_sma_200__entry_hours_3__exit_hours_3,mr_30m__rsi_2__entry_10__exit_70__shared_hours_3,11,9
hybrid_pair__v5_30m__entry_sma_50__exit_sma_200__entry_hours_3__exit_hours_3__mr_30m__rsi_2__entry_20__exit_50__shared_hours_3,v5_30m__entry_sma_50__exit_sma_200__entry_hours_3__exit_hours_3,mr_30m__rsi_2__entry_20__exit_50__shared_hours_3,11,10
hybrid_pair__v5_30m__entry_sma_50__exit_sma_200__entry_hours_3__exit_hours_3__mr_30m__rsi_2__entry_20__exit_60__shared_hours_3,v5_30m__entry_sma_50__exit_sma_200__entry_hours_3__exit_hours_3,mr_30m__rsi_2__entry_20__exit_60__shared_hours_3,11,11
hybrid_pair__v5_30m__entry_sma_50__exit_sma_200__entry_hours_3__exit_hours_3__mr_30m__rsi_2__entry_20__exit_70__shared_hours_3,v5_30m__entry_sma_50__exit_sma_200__entry_hours_3__exit_hours_3,mr_30m__rsi_2__entry_20__exit_70__shared_hours_3,11,12
hybrid_pair__v5_30m__entry_sma_50__exit_sma_200__entry_hours_3__exit_hours_3__mr_30m__rsi_2__entry_30__exit_50__shared_hours_3,v5_30m__entry_sma_50__exit_sma_200__entry_hours_3__exit_hours_3,mr_30m__rsi_2__entry_30__exit_50__shared_hours_3,11,13
hybrid_pair__v5_30m__entry_sma_50__exit_sma_200__entry_hours_3__exit_hours_3__mr_30m__rsi_2__entry_30__exit_60__shared_hours_3,v5_30m__entry_sma_50__exit_sma_200__entry_hours_3__exit_hours_3,mr_30m__rsi_2__entry_30__exit_60__shared_hours_3,11,14
hybrid_pair__v5_30m__entry_sma_50__exit_sma_200__entry_hours_3__exit_hours_3__mr_30m__rsi_2__entry_30__exit_70__shared_hours_3,v5_30m__entry_sma_50__exit_sma_200__entry_hours_3__exit_hours_3,mr_30m__rsi_2__entry_30__exit_70__shared_hours_3,11,15
hybrid_pair__v5_30m__entry_sma_50__exit_sma_200__entry_hours_3__exit_hours_3__mr_30m__rsi_5__entry_10__exit_50__shared_hours_3,v5_30m__entry_sma_50__exit_sma_200__entry_hours_3__exit_hours_3,mr_30m__rsi_5__entry_10__exit_50__shared_hours_3,11,16
hybrid_pair__v5_30m__entry_sma_50__exit_sma_200__entry_hours_3__exit_hours_3__mr_30m__rsi_5__entry_10__exit_60__shared_hours_3,v5_30m__entry_sma_50__exit_sma_200__entry_hours_3__exit_hours_3,mr_30m__rsi_5__entry_10__exit_60__shared_hours_3,11,17
hybrid_pair__v5_30m__entry_sma_50__exit_sma_200__entry_hours_3__exit_hours_3__mr_30m__rsi_5__entry_10__exit_70__shared_hours_3,v5_30m__entry_sma_50__exit_sma_200__entry_hours_3__exit_hours_3,mr_30m__rsi_5__entry_10__exit_70__shared_hours_3,11,18
hybrid_pair__v5_30m__entry_sma_50__exit_sma_200__entry_hours_3__exit_hours_3__mr_30m__rsi_5__entry_20__exit_50__shared_hours_3,v5_30m__entry_sma_50__exit_sma_200__entry_hours_3__exit_hours_3,mr_30m__rsi_5__entry_20__exit_50__shared_hours_3,11,19
hybrid_pair__v5_30m__entry_sma_50__exit_sma_200__entry_hours_3__exit_hours_3__mr_30m__rsi_5__entry_30__exit_50__shared_hours_3,v5_30m__entry_sma_50__exit_sma_200__entry_hours_3__exit_hours_3,mr_30m__rsi_5__entry_30__exit_50__shared_hours_3,11,20
hybrid_pair__v5_30m__entry_sma_50__exit_sma_200__entry_hours_3__exit_hours_3__mr_30m__sma_distance_10__entry_m0p02__exit_0__shared_hours_3,v5_30m__entry_sma_50__exit_sma_200__entry_hours_3__exit_hours_3,mr_30m__sma_distance_10__entry_m0p02__exit_0__shared_hours_3,11,21
hybrid_pair__v5_30m__entry_sma_50__exit_sma_200__entry_hours_3__exit_hours_3__mr_30m__sma_distance_10__entry_m0p02__exit_0p01__shared_hours_3,v5_30m__entry_sma_50__exit_sma_200__entry_hours_3__exit_hours_3,mr_30m__sma_distance_10__entry_m0p02__exit_0p01__shared_hours_3,11,22
hybrid_pair__v5_30m__entry_sma_50__exit_sma_200__entry_hours_3__exit_hours_3__mr_30m__sma_distance_10__entry_m0p04__exit_0__shared_hours_3,v5_30m__entry_sma_50__exit_sma_200__entry_hours_3__exit_hours_3,mr_30m__sma_distance_10__entry_m0p04__exit_0__shared_hours_3,11,23
hybrid_pair__v5_30m__entry_sma_50__exit_sma_200__entry_hours_3__exit_hours_3__mr_30m__sma_distance_10__entry_m0p04__exit_0p01__shared_hours_3,v5_30m__entry_sma_50__exit_sma_200__entry_hours_3__exit_hours_3,mr_30m__sma_distance_10__entry_m0p04__exit_0p01__shared_hours_3,11,24
hybrid_pair__v5_30m__entry_sma_50__exit_sma_200__entry_hours_3__exit_hours_3__mr_30m__sma_distance_10__entry_m0p06__exit_0__shared_hours_3,v5_30m__entry_sma_50__exit_sma_200__entry_hours_3__exit_hours_3,mr_30m__sma_distance_10__entry_m0p06__exit_0__shared_hours_3,11,25
hybrid_pair__v5_30m__entry_sma_50__exit_sma_200__entry_hours_3__exit_hours_3__mr_30m__sma_distance_10__entry_m0p06__exit_0p01__shared_hours_3,v5_30m__entry_sma_50__exit_sma_200__entry_hours_3__exit_hours_3,mr_30m__sma_distance_10__entry_m0p06__exit_0p01__shared_hours_3,11,26
hybrid_pair__v5_30m__entry_sma_50__exit_sma_200__entry_hours_3__exit_hours_3__mr_30m__zscore_10__entry_m1p5__exit_0__shared_hours_3,v5_30m__entry_sma_50__exit_sma_200__entry_hours_3__exit_hours_3,mr_30m__zscore_10__entry_m1p5__exit_0__shared_hours_3,11,27
hybrid_pair__v5_30m__entry_sma_50__exit_sma_200__entry_hours_3__exit_hours_3__mr_30m__zscore_10__entry_m1p5__exit_m0p5__shared_hours_3,v5_30m__entry_sma_50__exit_sma_200__entry_hours_3__exit_hours_3,mr_30m__zscore_10__entry_m1p5__exit_m0p5__shared_hours_3,11,28
hybrid_pair__v5_30m__entry_sma_50__exit_sma_200__entry_hours_3__exit_hours_3__mr_30m__zscore_10__entry_m2__exit_0__shared_hours_3,v5_30m__entry_sma_50__exit_sma_200__entry_hours_3__exit_hours_3,mr_30m__zscore_10__entry_m2__exit_0__shared_hours_3,11,29
hybrid_pair__v5_30m__entry_sma_50__exit_sma_200__entry_hours_3__exit_hours_3__mr_30m__zscore_50__entry_m2p5__exit_0__shared_hours_3,v5_30m__entry_sma_50__exit_sma_200__entry_hours_3__exit_hours_3,mr_30m__zscore_50__entry_m2p5__exit_0__shared_hours_3,11,30
hybrid_pair__v5_30m__entry_sma_50__exit_sma_200__entry_hours_3__exit_hours_3__mr_30m__zscore_50__entry_m2p5__exit_0p5__shared_hours_3,v5_30m__entry_sma_50__exit_sma_200__entry_hours_3__exit_hours_3,mr_30m__zscore_50__entry_m2p5__exit_0p5__shared_hours_3,11,31
