asset,ex_date,pay_date,source_url,source_status,source_observed_at,source_sha256
QQQ,2024-12-23,2024-12-31,https://www.invesco.com/content/dam/invesco/us/en/documents/tax-document/ce-ici-primary-and-secondary-distribution-file-file-ivz-etf-2024-02-10-2025.xlsx,official_historical_tax_reporting,2026-10-06T01:43:06.478029Z,79f40d466b77539c4579d90bb1d0f15521cb01f26f6450f0dd3b88185ac4dd0f
QQQ,2025-03-24,2025-04-30,https://www.invesco.com/content/dam/invesco/us/en/documents/tax-documents/ICI-Primary-and-Secondary-and-NRA-File-IVZ-ETF-2025.xlsx,official_historical_tax_reporting,2026-10-06T01:43:07.075763Z,2a27df1879bac86a81363a01d731b446ea2cf1d581afc14198af951b04038798
QQQ,2025-06-23,2025-07-31,https://www.invesco.com/content/dam/invesco/us/en/documents/tax-documents/ICI-Primary-and-Secondary-and-NRA-File-IVZ-ETF-2025.xlsx,official_historical_tax_reporting,2026-10-06T01:43:07.075763Z,2a27df1879bac86a81363a01d731b446ea2cf1d581afc14198af951b04038798
QQQ,2025-09-22,2025-10-31,https://www.invesco.com/content/dam/invesco/us/en/documents/tax-documents/ICI-Primary-and-Secondary-and-NRA-File-IVZ-ETF-2025.xlsx,official_historical_tax_reporting,2026-10-06T01:43:07.075763Z,2a27df1879bac86a81363a01d731b446ea2cf1d581afc14198af951b04038798
QQQ,2025-12-22,2025-12-31,https://www.invesco.com/content/dam/invesco/us/en/documents/tax-documents/ICI-Primary-and-Secondary-and-NRA-File-IVZ-ETF-2025.xlsx,official_historical_tax_reporting,2026-10-06T01:43:07.075763Z,2a27df1879bac86a81363a01d731b446ea2cf1d581afc14198af951b04038798
QQQ,2026-03-23,2026-03-27,https://www.invesco.com/content/dam/invesco/us/en/documents/tax-documents/ETF-Dividend-Calendar-2026-05.xlsx,official_estimated_distribution_schedule,2026-10-06T01:43:07.696242Z,b29be9a67040a5e2a9a5aa39bebf0216698d721bafd4e30db0d199279c26794c
QQQ,2026-06-22,2026-07-10,https://www.invesco.com/content/dam/invesco/us/en/documents/tax-documents/ETF-Dividend-Calendar-2026-05.xlsx,official_estimated_distribution_schedule,2026-10-06T01:43:07.696242Z,b29be9a67040a5e2a9a5aa39bebf0216698d721bafd4e30db0d199279c26794c
QQQ,2026-09-21,2026-10-08,https://www.invesco.com/content/dam/invesco/us/en/documents/tax-documents/ETF-Dividend-Calendar-2026-05.xlsx,official_estimated_distribution_schedule,2026-10-06T01:43:07.696242Z,b29be9a67040a5e2a9a5aa39bebf0216698d721bafd4e30db0d199279c26794c
TQQQ,2024-12-23,2024-12-31,https://www.proshares.com/api/distributionsummary/?fund=TQQQ&year=2024,official_distribution_history_api,2026-10-06T01:43:08.029523Z,11f2de13b4c814a7c4d9ff0d1449c71575cd8b4c4ca127089252c02807669a61
TQQQ,2025-03-26,2025-04-01,https://www.proshares.com/api/distributionsummary/?fund=TQQQ&year=2025,official_distribution_history_api,2026-10-06T01:43:08.190314Z,cf43fd36cc518081819bf85d50970c68ccad48b05e5f8d4f22ba4d283b266b21
TQQQ,2025-06-25,2025-07-01,https://www.proshares.com/api/distributionsummary/?fund=TQQQ&year=2025,official_distribution_history_api,2026-10-06T01:43:08.190314Z,cf43fd36cc518081819bf85d50970c68ccad48b05e5f8d4f22ba4d283b266b21
TQQQ,2025-09-24,2025-09-30,https://www.proshares.com/api/distributionsummary/?fund=TQQQ&year=2025,official_distribution_history_api,2026-10-06T01:43:08.190314Z,cf43fd36cc518081819bf85d50970c68ccad48b05e5f8d4f22ba4d283b266b21
TQQQ,2025-12-24,2025-12-31,https://www.proshares.com/api/distributionsummary/?fund=TQQQ&year=2025,official_distribution_history_api,2026-10-06T01:43:08.190314Z,cf43fd36cc518081819bf85d50970c68ccad48b05e5f8d4f22ba4d283b266b21
TQQQ,2026-03-25,2026-03-31,https://www.proshares.com/api/distributionsummary/?fund=TQQQ&year=2026,official_distribution_history_api,2026-10-06T01:43:08.345586Z,90ce3d70a4fc14b4c2149d713235736f8e3901136c614aec7365d81c34d87e17
TQQQ,2026-06-24,2026-06-30,https://www.proshares.com/api/distributionsummary/?fund=TQQQ&year=2026,official_distribution_history_api,2026-10-06T01:43:08.345586Z,90ce3d70a4fc14b4c2149d713235736f8e3901136c614aec7365d81c34d87e17
TQQQ,2026-09-23,2026-09-29,https://www.proshares.com/api/distributionsummary/?fund=TQQQ&year=2026,official_distribution_history_api,2026-10-06T01:43:08.345586Z,90ce3d70a4fc14b4c2149d713235736f8e3901136c614aec7365d81c34d87e17
