timestamp,event_type,weight_before,weight_after,weight_delta,focus_rank,strategy,focus_peak,focus_trough,strategy_dd_at_event,qqq_vs_200ma_at_event
2010-05-25 14:00:00,exit,1.0,0.0,-1.0,1,current_preferred,2010-04-23 14:00:00,2010-08-11 12:00:00,-0.36742223005174135,-0.005247928860286577
2010-06-03 13:00:00,entry,0.0,1.0,1.0,1,current_preferred,2010-04-23 14:00:00,2010-08-11 12:00:00,-0.3632887708865209,0.03885411654724935
2010-06-08 12:00:00,exit,1.0,0.0,-1.0,1,current_preferred,2010-04-23 14:00:00,2010-08-11 12:00:00,-0.4513052463632886,-0.013910346136511431
2010-06-11 11:00:00,entry,0.0,1.0,1.0,1,current_preferred,2010-04-23 14:00:00,2010-08-11 12:00:00,-0.4481811439100628,0.007901175924466264
2010-06-29 14:00:00,exit,1.0,0.0,-1.0,1,current_preferred,2010-04-23 14:00:00,2010-08-11 12:00:00,-0.5026491899347978,-0.033999172637120156
2010-07-22 13:00:00,entry,0.0,1.0,1.0,1,current_preferred,2010-04-23 14:00:00,2010-08-11 12:00:00,-0.5029616618856192,0.009930909582644087
2010-08-11 14:00:00,exit,1.0,0.0,-1.0,1,current_preferred,2010-04-23 14:00:00,2010-08-11 12:00:00,-0.5183690087718058,-0.004226785368070085
2010-09-07 15:00:00,entry,0.0,1.0,1.0,1,current_preferred,2010-04-23 14:00:00,2010-08-11 12:00:00,-0.5166782214940099,-0.0005507868140736116
2011-02-16 12:00:00,reduce,1.0,0.5,-0.5,1,current_preferred,2010-04-23 14:00:00,2010-08-11 12:00:00,-0.00803136789857506,0.18512022948676754
2011-02-22 14:00:00,add,0.5,1.0,0.5,1,current_preferred,2010-04-23 14:00:00,2010-08-11 12:00:00,-0.04828199488871565,0.1484708357106599
2010-05-25 14:00:00,exit,1.0,0.0,-1.0,1,macd_signal_8d,2010-04-23 14:00:00,2010-08-11 12:00:00,-0.36742223005174135,-0.005247928860286577
2010-06-03 13:00:00,entry,0.0,1.0,1.0,1,macd_signal_8d,2010-04-23 14:00:00,2010-08-11 12:00:00,-0.363288770886521,0.03885411654724935
2010-06-08 12:00:00,exit,1.0,0.0,-1.0,1,macd_signal_8d,2010-04-23 14:00:00,2010-08-11 12:00:00,-0.4513052463632887,-0.013910346136511431
2010-06-11 11:00:00,entry,0.0,1.0,1.0,1,macd_signal_8d,2010-04-23 14:00:00,2010-08-11 12:00:00,-0.4481811439100628,0.007901175924466264
2010-06-29 14:00:00,exit,1.0,0.0,-1.0,1,macd_signal_8d,2010-04-23 14:00:00,2010-08-11 12:00:00,-0.5026491899347978,-0.033999172637120156
2010-07-22 13:00:00,entry,0.0,1.0,1.0,1,macd_signal_8d,2010-04-23 14:00:00,2010-08-11 12:00:00,-0.5029616618856192,0.009930909582644087
2010-08-11 14:00:00,exit,1.0,0.0,-1.0,1,macd_signal_8d,2010-04-23 14:00:00,2010-08-11 12:00:00,-0.518369008771805,-0.004226785368070085
2010-09-07 13:00:00,entry,0.0,1.0,1.0,1,macd_signal_8d,2010-04-23 14:00:00,2010-08-11 12:00:00,-0.515103091462453,0.0023511963320639317
2011-02-16 12:00:00,reduce,1.0,0.5,-0.5,1,macd_signal_8d,2010-04-23 14:00:00,2010-08-11 12:00:00,-0.008031367898574837,0.18512022948676754
2011-02-22 14:00:00,add,0.5,1.0,0.5,1,macd_signal_8d,2010-04-23 14:00:00,2010-08-11 12:00:00,-0.04828199488871532,0.1484708357106599
2010-05-25 14:00:00,exit,1.0,0.0,-1.0,1,macd_slow_24d,2010-04-23 14:00:00,2010-08-11 12:00:00,-0.3674222300517429,-0.005247928860286577
2010-06-03 11:00:00,entry,0.0,1.0,1.0,1,macd_slow_24d,2010-04-23 14:00:00,2010-08-11 12:00:00,-0.3661948681269841,0.04229318128331894
2010-06-08 12:00:00,exit,1.0,0.0,-1.0,1,macd_slow_24d,2010-04-23 14:00:00,2010-08-11 12:00:00,-0.458680906713155,-0.013910346136511431
2010-06-11 11:00:00,entry,0.0,1.0,1.0,1,macd_slow_24d,2010-04-23 14:00:00,2010-08-11 12:00:00,-0.4555987990456283,0.007901175924466264
2010-06-29 14:00:00,exit,1.0,0.0,-1.0,1,macd_slow_24d,2010-04-23 14:00:00,2010-08-11 12:00:00,-0.5093346751257144,-0.033999172637120156
2010-07-22 13:00:00,entry,0.0,1.0,1.0,1,macd_slow_24d,2010-04-23 14:00:00,2010-08-11 12:00:00,-0.5096429467685094,0.009930909582644087
2010-08-11 14:00:00,exit,1.0,0.0,-1.0,1,macd_slow_24d,2010-04-23 14:00:00,2010-08-11 12:00:00,-0.5248431851362134,-0.004226785368070085
2010-09-07 13:00:00,entry,0.0,1.0,1.0,1,macd_slow_24d,2010-04-23 14:00:00,2010-08-11 12:00:00,-0.5216211689151169,0.0023511963320639317
2011-02-16 12:00:00,reduce,1.0,0.5,-0.5,1,macd_slow_24d,2010-04-23 14:00:00,2010-08-11 12:00:00,-0.009955312970405195,0.18512022948676754
2011-02-22 14:00:00,add,0.5,1.0,0.5,1,macd_slow_24d,2010-04-23 14:00:00,2010-08-11 12:00:00,-0.05012787298047183,0.1484708357106599
2004-05-06 14:00:00,exit,1.0,0.0,-1.0,2,current_preferred,2004-01-20 14:00:00,2006-10-03 10:00:00,-0.2821879291523315,0.0009352710418482069
2004-05-25 15:00:00,entry,0.0,1.0,1.0,2,current_preferred,2004-01-20 14:00:00,2006-10-03 10:00:00,-0.26387439670954005,0.019395757131549285
2004-07-09 10:00:00,exit,1.0,0.0,-1.0,2,current_preferred,2004-01-20 14:00:00,2006-10-03 10:00:00,-0.2985177292830442,-0.0032653449817019453
2004-10-13 14:00:00,entry,0.0,1.0,1.0,2,current_preferred,2004-01-20 14:00:00,2006-10-03 10:00:00,-0.29041464198861466,-0.007531497220689021
2004-10-14 11:00:00,exit,1.0,0.0,-1.0,2,current_preferred,2004-01-20 14:00:00,2006-10-03 10:00:00,-0.2923204142634078,-0.010679495512417092
2004-10-18 15:00:00,entry,0.0,1.0,1.0,2,current_preferred,2004-01-20 14:00:00,2006-10-03 10:00:00,-0.2886445144961496,0.009894111071981015
2004-10-25 13:00:00,exit,1.0,0.0,-1.0,2,current_preferred,2004-01-20 14:00:00,2006-10-03 10:00:00,-0.3224767399979279,-0.0027536225205965215
2004-11-01 13:00:00,entry,0.0,1.0,1.0,2,current_preferred,2004-01-20 14:00:00,2006-10-03 10:00:00,-0.3281422716915503,0.033952178166390734
2005-03-23 12:00:00,exit,1.0,0.0,-1.0,2,current_preferred,2004-01-20 14:00:00,2006-10-03 10:00:00,-0.4146558599464669,-0.003314047818979038
2005-04-07 15:00:00,entry,0.0,1.0,1.0,2,current_preferred,2004-01-20 14:00:00,2006-10-03 10:00:00,-0.41336403716622705,0.011240738486067547
2005-04-12 11:00:00,exit,1.0,0.0,-1.0,2,current_preferred,2004-01-20 14:00:00,2006-10-03 10:00:00,-0.4492513380702825,-0.008597117676239718
2005-04-13 11:00:00,entry,0.0,1.0,1.0,2,current_preferred,2004-01-20 14:00:00,2006-10-03 10:00:00,-0.4492472243869833,-0.0033965158743478607
2005-04-14 10:00:00,exit,1.0,0.0,-1.0,2,current_preferred,2004-01-20 14:00:00,2006-10-03 10:00:00,-0.46512376938339384,-0.018864575175294607
2005-05-18 11:00:00,entry,0.0,1.0,1.0,2,current_preferred,2004-01-20 14:00:00,2006-10-03 10:00:00,-0.45921205298038226,0.01349984961543571
2005-06-27 11:00:00,exit,1.0,0.0,-1.0,2,current_preferred,2004-01-20 14:00:00,2006-10-03 10:00:00,-0.46422932660531346,-0.004295329358949718
2005-07-13 11:00:00,entry,0.0,1.0,1.0,2,current_preferred,2004-01-20 14:00:00,2006-10-03 10:00:00,-0.4596514498765333,0.029223363737153063
2005-10-12 14:00:00,exit,1.0,0.0,-1.0,2,current_preferred,2004-01-20 14:00:00,2006-10-03 10:00:00,-0.49446203233048835,-0.007233287494940899
2005-11-10 12:00:00,entry,0.0,1.0,1.0,2,current_preferred,2004-01-20 14:00:00,2006-10-03 10:00:00,-0.4917190292010527,0.06049950402983306
2006-05-12 14:00:00,exit,1.0,0.0,-1.0,2,current_preferred,2004-01-20 14:00:00,2006-10-03 10:00:00,-0.49529455743884687,-0.007116234557824397
2006-09-26 10:00:00,entry,0.0,1.0,1.0,2,current_preferred,2004-01-20 14:00:00,2006-10-03 10:00:00,-0.4893306849300775,0.01488669386664876
2007-08-16 15:00:00,exit,1.0,0.0,-1.0,2,current_preferred,2004-01-20 14:00:00,2006-10-03 10:00:00,-0.3400055922652101,0.004599766572805031
2007-08-23 12:00:00,entry,0.0,1.0,1.0,2,current_preferred,2004-01-20 14:00:00,2006-10-03 10:00:00,-0.3378691024068581,0.041272377892713985
2004-05-06 14:00:00,exit,1.0,0.0,-1.0,2,macd_signal_8d,2004-01-20 14:00:00,2006-10-03 10:00:00,-0.2821879291523285,0.0009352710418482069
2004-05-25 15:00:00,entry,0.0,1.0,1.0,2,macd_signal_8d,2004-01-20 14:00:00,2006-10-03 10:00:00,-0.26387439670953594,0.019395757131549285
2004-07-09 10:00:00,exit,1.0,0.0,-1.0,2,macd_signal_8d,2004-01-20 14:00:00,2006-10-03 10:00:00,-0.29851772928303943,-0.0032653449817019453
2004-10-13 14:00:00,entry,0.0,1.0,1.0,2,macd_signal_8d,2004-01-20 14:00:00,2006-10-03 10:00:00,-0.29041464198860956,-0.007531497220689021
2004-10-14 11:00:00,exit,1.0,0.0,-1.0,2,macd_signal_8d,2004-01-20 14:00:00,2006-10-03 10:00:00,-0.2923204142634026,-0.010679495512417092
2004-10-18 15:00:00,entry,0.0,1.0,1.0,2,macd_signal_8d,2004-01-20 14:00:00,2006-10-03 10:00:00,-0.2886445144961446,0.009894111071981015
2004-10-25 13:00:00,exit,1.0,0.0,-1.0,2,macd_signal_8d,2004-01-20 14:00:00,2006-10-03 10:00:00,-0.3224767399979229,-0.0027536225205965215
2004-11-01 11:00:00,entry,0.0,1.0,1.0,2,macd_signal_8d,2004-01-20 14:00:00,2006-10-03 10:00:00,-0.31816815182334457,0.03707660863688189
2005-03-23 12:00:00,exit,1.0,0.0,-1.0,2,macd_signal_8d,2004-01-20 14:00:00,2006-10-03 10:00:00,-0.41320087517257387,-0.003314047818979038
2005-04-07 13:00:00,entry,0.0,1.0,1.0,2,macd_signal_8d,2004-01-20 14:00:00,2006-10-03 10:00:00,-0.41583495194226494,0.0059886298350886324
2005-04-12 11:00:00,exit,1.0,0.0,-1.0,2,macd_signal_8d,2004-01-20 14:00:00,2006-10-03 10:00:00,-0.4430343137042907,-0.008597117676239718
2005-04-13 11:00:00,entry,0.0,1.0,1.0,2,macd_signal_8d,2004-01-20 14:00:00,2006-10-03 10:00:00,-0.44303015358443854,-0.0033965158743478607
2005-04-14 10:00:00,exit,1.0,0.0,-1.0,2,macd_signal_8d,2004-01-20 14:00:00,2006-10-03 10:00:00,-0.4590859180214276,-0.018864575175294607
2005-05-18 11:00:00,entry,0.0,1.0,1.0,2,macd_signal_8d,2004-01-20 14:00:00,2006-10-03 10:00:00,-0.45310746830163706,0.01349984961543571
2005-06-27 11:00:00,exit,1.0,0.0,-1.0,2,macd_signal_8d,2004-01-20 14:00:00,2006-10-03 10:00:00,-0.4581813784915453,-0.004295329358949718
2005-07-13 10:00:00,entry,0.0,1.0,1.0,2,macd_signal_8d,2004-01-20 14:00:00,2006-10-03 10:00:00,-0.46071460932504726,0.026625656987611324
2005-10-12 14:00:00,exit,1.0,0.0,-1.0,2,macd_signal_8d,2004-01-20 14:00:00,2006-10-03 10:00:00,-0.49148673568670576,-0.007233287494940899
2005-11-10 12:00:00,entry,0.0,1.0,1.0,2,macd_signal_8d,2004-01-20 14:00:00,2006-10-03 10:00:00,-0.48872758886772205,0.06049950402983306
2006-05-12 14:00:00,exit,1.0,0.0,-1.0,2,macd_signal_8d,2004-01-20 14:00:00,2006-10-03 10:00:00,-0.4923186360369065,-0.007116234557824397
2006-09-26 10:00:00,entry,0.0,1.0,1.0,2,macd_signal_8d,2004-01-20 14:00:00,2006-10-03 10:00:00,-0.4863195984311497,0.01488669386664876
2007-08-16 15:00:00,exit,1.0,0.0,-1.0,2,macd_signal_8d,2004-01-20 14:00:00,2006-10-03 10:00:00,-0.33611403232249515,0.004599766572805031
2007-08-23 11:00:00,entry,0.0,1.0,1.0,2,macd_signal_8d,2004-01-20 14:00:00,2006-10-03 10:00:00,-0.34928449684417073,0.040243880775728824
2004-05-06 14:00:00,exit,1.0,0.0,-1.0,2,macd_slow_24d,2004-01-20 14:00:00,2006-10-03 10:00:00,-0.2821879291523315,0.0009352710418482069
2004-05-25 15:00:00,entry,0.0,1.0,1.0,2,macd_slow_24d,2004-01-20 14:00:00,2006-10-03 10:00:00,-0.26387439670954005,0.019395757131549285
2004-07-09 10:00:00,exit,1.0,0.0,-1.0,2,macd_slow_24d,2004-01-20 14:00:00,2006-10-03 10:00:00,-0.2985177292830442,-0.0032653449817019453
2004-10-18 15:00:00,entry,0.0,1.0,1.0,2,macd_slow_24d,2004-01-20 14:00:00,2006-10-03 10:00:00,-0.28921342014257856,0.009894111071981015
2004-10-25 13:00:00,exit,1.0,0.0,-1.0,2,macd_slow_24d,2004-01-20 14:00:00,2006-10-03 10:00:00,-0.32301858836496333,-0.0027536225205965215
2004-11-02 14:00:00,entry,0.0,1.0,1.0,2,macd_slow_24d,2004-01-20 14:00:00,2006-10-03 10:00:00,-0.3303735862628223,0.043461042052359344
2005-03-23 12:00:00,exit,1.0,0.0,-1.0,2,macd_slow_24d,2004-01-20 14:00:00,2006-10-03 10:00:00,-0.4333508925635985,-0.003314047818979038
2005-04-07 13:00:00,entry,0.0,1.0,1.0,2,macd_slow_24d,2004-01-20 14:00:00,2006-10-03 10:00:00,-0.4358945181201356,0.0059886298350886324
2005-04-12 11:00:00,exit,1.0,0.0,-1.0,2,macd_slow_24d,2004-01-20 14:00:00,2006-10-03 10:00:00,-0.46215988460278756,-0.008597117676239718
2005-04-13 11:00:00,entry,0.0,1.0,1.0,2,macd_slow_24d,2004-01-20 14:00:00,2006-10-03 10:00:00,-0.46215586733673986,-0.0033965158743478607
2005-04-14 10:00:00,exit,1.0,0.0,-1.0,2,macd_slow_24d,2004-01-20 14:00:00,2006-10-03 10:00:00,-0.4776602950062676,-0.018864575175294607
2005-05-18 11:00:00,entry,0.0,1.0,1.0,2,macd_slow_24d,2004-01-20 14:00:00,2006-10-03 10:00:00,-0.47188713847920316,0.01349984961543571
2005-06-27 11:00:00,exit,1.0,0.0,-1.0,2,macd_slow_24d,2004-01-20 14:00:00,2006-10-03 10:00:00,-0.4767868163394411,-0.004295329358949718
2005-07-13 10:00:00,entry,0.0,1.0,1.0,2,macd_slow_24d,2004-01-20 14:00:00,2006-10-03 10:00:00,-0.4792330588950289,0.026625656987611324
2005-10-12 14:00:00,exit,1.0,0.0,-1.0,2,macd_slow_24d,2004-01-20 14:00:00,2006-10-03 10:00:00,-0.5089485052871526,-0.007233287494940899
2005-11-10 12:00:00,entry,0.0,1.0,1.0,2,macd_slow_24d,2004-01-20 14:00:00,2006-10-03 10:00:00,-0.5062841044451729,0.06049950402983306
2006-05-12 14:00:00,exit,1.0,0.0,-1.0,2,macd_slow_24d,2004-01-20 14:00:00,2006-10-03 10:00:00,-0.509751839121464,-0.007116234557824397
2006-09-26 10:00:00,entry,0.0,1.0,1.0,2,macd_slow_24d,2004-01-20 14:00:00,2006-10-03 10:00:00,-0.5039588016731222,0.01488669386664876
2007-08-16 15:00:00,exit,1.0,0.0,-1.0,2,macd_slow_24d,2004-01-20 14:00:00,2006-10-03 10:00:00,-0.35891112459542407,0.004599766572805031
2007-08-22 13:00:00,entry,0.0,1.0,1.0,2,macd_slow_24d,2004-01-20 14:00:00,2006-10-03 10:00:00,-0.35382813838713356,0.04599303436380242
2008-01-07 12:00:00,exit,1.0,0.0,-1.0,3,current_preferred,2007-10-31 15:00:00,2009-07-08 12:00:00,-0.35295916979444586,-0.005638123293946529
2008-05-02 11:00:00,entry,0.0,1.0,1.0,3,current_preferred,2007-10-31 15:00:00,2009-07-08 12:00:00,-0.3454948468966297,0.01057288189115102
2008-05-23 15:00:00,exit,1.0,0.0,-1.0,3,current_preferred,2007-10-31 15:00:00,2009-07-08 12:00:00,-0.36370794229882086,0.0020536594715827583
2009-05-07 11:00:00,entry,0.0,1.0,1.0,3,current_preferred,2007-10-31 15:00:00,2009-07-08 12:00:00,-0.349692114827985,0.013964546095864616
2009-05-13 14:00:00,exit,1.0,0.0,-1.0,3,current_preferred,2007-10-31 15:00:00,2009-07-08 12:00:00,-0.41354818593188336,-0.014044305429711024
2009-06-02 14:00:00,entry,0.0,1.0,1.0,3,current_preferred,2007-10-31 15:00:00,2009-07-08 12:00:00,-0.4134994680421139,0.10928427231753868
2008-01-07 12:00:00,exit,1.0,0.0,-1.0,3,macd_signal_8d,2007-10-31 15:00:00,2009-07-08 12:00:00,-0.35421818781567416,-0.005638123293946529
2008-05-02 11:00:00,entry,0.0,1.0,1.0,3,macd_signal_8d,2007-10-31 15:00:00,2009-07-08 12:00:00,-0.3467683890662667,0.01057288189115102
2008-05-23 15:00:00,exit,1.0,0.0,-1.0,3,macd_signal_8d,2007-10-31 15:00:00,2009-07-08 12:00:00,-0.36494604525927155,0.0020536594715827583
2009-05-07 11:00:00,entry,0.0,1.0,1.0,3,macd_signal_8d,2007-10-31 15:00:00,2009-07-08 12:00:00,-0.3509574899149296,0.013964546095864616
2009-05-13 14:00:00,exit,1.0,0.0,-1.0,3,macd_signal_8d,2007-10-31 15:00:00,2009-07-08 12:00:00,-0.41468930928612213,-0.014044305429711024
2009-06-02 12:00:00,entry,0.0,1.0,1.0,3,macd_signal_8d,2007-10-31 15:00:00,2009-07-08 12:00:00,-0.4127293290809815,0.10620395186679699
2008-01-07 12:00:00,exit,1.0,0.0,-1.0,3,macd_slow_24d,2007-10-31 15:00:00,2009-07-08 12:00:00,-0.35936360572575354,-0.005638123293946529
2008-05-02 11:00:00,entry,0.0,1.0,1.0,3,macd_slow_24d,2007-10-31 15:00:00,2009-07-08 12:00:00,-0.3519731649935416,0.01057288189115102
2008-05-23 15:00:00,exit,1.0,0.0,-1.0,3,macd_slow_24d,2007-10-31 15:00:00,2009-07-08 12:00:00,-0.3700059864513868,0.0020536594715827583
2009-05-08 14:00:00,entry,0.0,1.0,1.0,3,macd_slow_24d,2007-10-31 15:00:00,2009-07-08 12:00:00,-0.3390026292074102,0.01898643267926503
2009-05-13 14:00:00,exit,1.0,0.0,-1.0,3,macd_slow_24d,2007-10-31 15:00:00,2009-07-08 12:00:00,-0.4081283884304394,-0.014044305429711024
2009-06-02 12:00:00,entry,0.0,1.0,1.0,3,macd_slow_24d,2007-10-31 15:00:00,2009-07-08 12:00:00,-0.40614643822678576,0.10620395186679699
2011-06-16 10:00:00,exit,1.0,0.0,-1.0,4,current_preferred,2011-05-02 10:00:00,2012-01-13 10:00:00,-0.2377833847773546,-0.0017071374006174533
2011-06-28 10:00:00,entry,0.0,1.0,1.0,4,current_preferred,2011-05-02 10:00:00,2012-01-13 10:00:00,-0.21601102364684333,0.018611375170073385
2011-08-04 14:00:00,exit,1.0,0.0,-1.0,4,current_preferred,2011-05-02 10:00:00,2012-01-13 10:00:00,-0.2516693864522508,-0.016243883754813893
2011-09-16 10:00:00,entry,0.0,1.0,1.0,4,current_preferred,2011-05-02 10:00:00,2012-01-13 10:00:00,-0.2449902015027997,0.003714765963414246
2011-09-22 13:00:00,exit,1.0,0.0,-1.0,4,current_preferred,2011-05-02 10:00:00,2012-01-13 10:00:00,-0.33395774941503353,-0.05395836985089164
2011-10-17 10:00:00,entry,0.0,1.0,1.0,4,current_preferred,2011-05-02 10:00:00,2012-01-13 10:00:00,-0.3496417917170499,0.028477104741712278
2011-11-18 10:00:00,exit,1.0,0.0,-1.0,4,current_preferred,2011-05-02 10:00:00,2012-01-13 10:00:00,-0.42057806853400426,-0.008575885066420486
2012-01-13 10:00:00,entry,0.0,1.0,1.0,4,current_preferred,2011-05-02 10:00:00,2012-01-13 10:00:00,-0.46502472209631895,0.03414927327500816
2012-11-07 14:00:00,exit,1.0,0.0,-1.0,4,current_preferred,2011-05-02 10:00:00,2012-01-13 10:00:00,-0.2948187989162383,-0.00964793275512199
2012-11-27 14:00:00,entry,0.0,1.0,1.0,4,current_preferred,2011-05-02 10:00:00,2012-01-13 10:00:00,-0.3001689505566504,-0.0027467499783824234
2012-11-28 12:00:00,exit,1.0,0.0,-1.0,4,current_preferred,2011-05-02 10:00:00,2012-01-13 10:00:00,-0.304457386694754,-0.0005907166996970137
2012-11-29 11:00:00,entry,0.0,1.0,1.0,4,current_preferred,2011-05-02 10:00:00,2012-01-13 10:00:00,-0.31259908793631996,0.007617587039445706
2012-12-05 14:00:00,exit,1.0,0.0,-1.0,4,current_preferred,2011-05-02 10:00:00,2012-01-13 10:00:00,-0.3348929837348542,-0.0036172466289436933
2012-12-11 13:00:00,entry,0.0,1.0,1.0,4,current_preferred,2011-05-02 10:00:00,2012-01-13 10:00:00,-0.33471366135156055,0.012281483371475277
2012-12-14 10:00:00,exit,1.0,0.0,-1.0,4,current_preferred,2011-05-02 10:00:00,2012-01-13 10:00:00,-0.3609515431175456,-0.00842731980153233
2012-12-18 12:00:00,entry,0.0,1.0,1.0,4,current_preferred,2011-05-02 10:00:00,2012-01-13 10:00:00,-0.35352522629339433,0.018143675760715183
2012-12-21 14:00:00,exit,1.0,0.0,-1.0,4,current_preferred,2011-05-02 10:00:00,2012-01-13 10:00:00,-0.3889893112801328,-0.0010549753663462447
2013-01-08 14:00:00,entry,0.0,1.0,1.0,4,current_preferred,2011-05-02 10:00:00,2012-01-13 10:00:00,-0.40660771273134677,0.019762427429498297
2011-06-16 10:00:00,exit,1.0,0.0,-1.0,4,macd_signal_8d,2011-05-02 10:00:00,2012-01-13 10:00:00,-0.2377833847773545,-0.0017071374006174533
2011-06-27 14:00:00,entry,0.0,1.0,1.0,4,macd_signal_8d,2011-05-02 10:00:00,2012-01-13 10:00:00,-0.2275057846198867,0.013132548669775757
2011-08-04 14:00:00,exit,1.0,0.0,-1.0,4,macd_signal_8d,2011-05-02 10:00:00,2012-01-13 10:00:00,-0.24991817810206718,-0.016243883754813893
2011-09-16 10:00:00,entry,0.0,1.0,1.0,4,macd_signal_8d,2011-05-02 10:00:00,2012-01-13 10:00:00,-0.2432233628359567,0.003714765963414246
2011-09-22 13:00:00,exit,1.0,0.0,-1.0,4,macd_signal_8d,2011-05-02 10:00:00,2012-01-13 10:00:00,-0.3323991084484832,-0.05395836985089164
2011-10-14 13:00:00,entry,0.0,1.0,1.0,4,macd_signal_8d,2011-05-02 10:00:00,2012-01-13 10:00:00,-0.3233603012155679,0.03205115619840937
2011-11-18 10:00:00,exit,1.0,0.0,-1.0,4,macd_signal_8d,2011-05-02 10:00:00,2012-01-13 10:00:00,-0.4035219716626399,-0.008575885066420486
2012-01-13 10:00:00,entry,0.0,1.0,1.0,4,macd_signal_8d,2011-05-02 10:00:00,2012-01-13 10:00:00,-0.4517824521364918,0.03414927327500816
2012-11-07 14:00:00,exit,1.0,0.0,-1.0,4,macd_signal_8d,2011-05-02 10:00:00,2012-01-13 10:00:00,-0.27736341317965063,-0.00964793275512199
2012-11-27 14:00:00,entry,0.0,1.0,1.0,4,macd_signal_8d,2011-05-02 10:00:00,2012-01-13 10:00:00,-0.28284599739269656,-0.0027467499783824234
2012-11-28 12:00:00,exit,1.0,0.0,-1.0,4,macd_signal_8d,2011-05-02 10:00:00,2012-01-13 10:00:00,-0.2872405854062078,-0.0005907166996970137
2012-11-29 11:00:00,entry,0.0,1.0,1.0,4,macd_signal_8d,2011-05-02 10:00:00,2012-01-13 10:00:00,-0.29558381858808236,0.007617587039445706
2012-12-05 14:00:00,exit,1.0,0.0,-1.0,4,macd_signal_8d,2011-05-02 10:00:00,2012-01-13 10:00:00,-0.3184295563105598,-0.0036172466289436933
2012-12-11 13:00:00,entry,0.0,1.0,1.0,4,macd_signal_8d,2011-05-02 10:00:00,2012-01-13 10:00:00,-0.31824579515129325,0.012281483371475277
2012-12-14 10:00:00,exit,1.0,0.0,-1.0,4,macd_signal_8d,2011-05-02 10:00:00,2012-01-13 10:00:00,-0.3451331445242316,-0.00842731980153233
2013-01-07 12:00:00,entry,0.0,1.0,1.0,4,macd_signal_8d,2011-05-02 10:00:00,2012-01-13 10:00:00,-0.36857676666578687,0.020074633897814165
2011-06-16 10:00:00,exit,1.0,0.0,-1.0,4,macd_slow_24d,2011-05-02 10:00:00,2012-01-13 10:00:00,-0.23778338477735472,-0.0017071374006174533
2011-06-28 10:00:00,entry,0.0,1.0,1.0,4,macd_slow_24d,2011-05-02 10:00:00,2012-01-13 10:00:00,-0.21601102364684355,0.018611375170073385
2011-08-04 14:00:00,exit,1.0,0.0,-1.0,4,macd_slow_24d,2011-05-02 10:00:00,2012-01-13 10:00:00,-0.25166938645224946,-0.016243883754813893
2011-09-16 10:00:00,entry,0.0,1.0,1.0,4,macd_slow_24d,2011-05-02 10:00:00,2012-01-13 10:00:00,-0.24499020150279827,0.003714765963414246
2011-09-22 13:00:00,exit,1.0,0.0,-1.0,4,macd_slow_24d,2011-05-02 10:00:00,2012-01-13 10:00:00,-0.3339577494150321,-0.05395836985089164
2011-10-17 13:00:00,entry,0.0,1.0,1.0,4,macd_slow_24d,2011-05-02 10:00:00,2012-01-13 10:00:00,-0.33304176718744716,0.021390186337241435
2011-11-18 10:00:00,exit,1.0,0.0,-1.0,4,macd_slow_24d,2011-05-02 10:00:00,2012-01-13 10:00:00,-0.3933042426402682,-0.008575885066420486
2012-01-13 10:00:00,entry,0.0,1.0,1.0,4,macd_slow_24d,2011-05-02 10:00:00,2012-01-13 10:00:00,-0.44418224928665484,0.03414927327500816
2012-11-07 14:00:00,exit,1.0,0.0,-1.0,4,macd_slow_24d,2011-05-02 10:00:00,2012-01-13 10:00:00,-0.26734515552272065,-0.00964793275512199
2012-11-27 14:00:00,entry,0.0,1.0,1.0,4,macd_slow_24d,2011-05-02 10:00:00,2012-01-13 10:00:00,-0.27290374743074663,-0.0027467499783824234
2012-11-28 12:00:00,exit,1.0,0.0,-1.0,4,macd_slow_24d,2011-05-02 10:00:00,2012-01-13 10:00:00,-0.27735925972600384,-0.0005907166996970137
2012-11-29 11:00:00,entry,0.0,1.0,1.0,4,macd_slow_24d,2011-05-02 10:00:00,2012-01-13 10:00:00,-0.2858181591517861,0.007617587039445706
2012-12-05 14:00:00,exit,1.0,0.0,-1.0,4,macd_slow_24d,2011-05-02 10:00:00,2012-01-13 10:00:00,-0.308980618295571,-0.0036172466289436933
2012-12-11 13:00:00,entry,0.0,1.0,1.0,4,macd_slow_24d,2011-05-02 10:00:00,2012-01-13 10:00:00,-0.30879430956720233,0.012281483371475277
2012-12-14 10:00:00,exit,1.0,0.0,-1.0,4,macd_slow_24d,2011-05-02 10:00:00,2012-01-13 10:00:00,-0.336054411162548,-0.00842731980153233
2013-01-07 10:00:00,entry,0.0,1.0,1.0,4,macd_slow_24d,2011-05-02 10:00:00,2012-01-13 10:00:00,-0.3618628616330034,0.02193139096775476
2018-10-23 14:00:00,exit,0.75,0.0,-0.75,5,current_preferred,2018-10-01 10:00:00,2019-08-05 14:00:00,-0.19496706939025732,0.01234159881071517
2018-11-02 11:00:00,entry,0.0,1.0,1.0,5,current_preferred,2018-10-01 10:00:00,2019-08-05 14:00:00,-0.19910401907096476,-0.010576591402150837
2018-11-05 10:00:00,exit,1.0,0.0,-1.0,5,current_preferred,2018-10-01 10:00:00,2019-08-05 14:00:00,-0.2059407710468888,-0.020849132991799357
2018-11-07 13:00:00,entry,0.0,1.0,1.0,5,current_preferred,2018-10-01 10:00:00,2019-08-05 14:00:00,-0.20893092839361005,0.014442799183288502
2018-11-09 14:00:00,exit,1.0,0.0,-1.0,5,current_preferred,2018-10-01 10:00:00,2019-08-05 14:00:00,-0.2613883181005012,-0.003683580460684288
2019-02-15 10:00:00,entry,0.0,1.0,1.0,5,current_preferred,2018-10-01 10:00:00,2019-08-05 14:00:00,-0.3301412162390266,0.002513644389208869
2019-03-08 12:00:00,exit,1.0,0.0,-1.0,5,current_preferred,2018-10-01 10:00:00,2019-08-05 14:00:00,-0.3472757923301465,-0.011526418633191482
2019-03-20 10:00:00,entry,0.0,1.0,1.0,5,current_preferred,2018-10-01 10:00:00,2019-08-05 14:00:00,-0.3459991312682893,0.042898017269056954
2019-06-03 14:00:00,exit,1.0,0.0,-1.0,5,current_preferred,2018-10-01 10:00:00,2019-08-05 14:00:00,-0.44278624138344647,-0.02127309214240125
2019-06-10 10:00:00,entry,0.0,1.0,1.0,5,current_preferred,2018-10-01 10:00:00,2019-08-05 14:00:00,-0.4158632446427766,0.05858260169476015
2020-02-12 14:00:00,reduce,1.0,0.5,-0.5,5,current_preferred,2018-10-01 10:00:00,2019-08-05 14:00:00,-0.0023404730884175606,0.1956025891056874
2020-02-24 12:00:00,add,0.5,1.0,0.5,5,current_preferred,2018-10-01 10:00:00,2019-08-05 14:00:00,-0.10255601339559228,0.12288898836945328
2020-03-09 12:00:00,exit,1.0,0.0,-1.0,5,current_preferred,2018-10-01 10:00:00,2019-08-05 14:00:00,-0.3615003004251396,-0.00244840300223903
2018-10-23 14:00:00,exit,0.75,0.0,-0.75,5,macd_signal_8d,2018-10-01 10:00:00,2019-08-05 14:00:00,-0.19020247727669493,0.01234159881071517
2018-11-02 11:00:00,entry,0.0,1.0,1.0,5,macd_signal_8d,2018-10-01 10:00:00,2019-08-05 14:00:00,-0.1943639115183109,-0.010576591402150837
2018-11-05 10:00:00,exit,1.0,0.0,-1.0,5,macd_signal_8d,2018-10-01 10:00:00,2019-08-05 14:00:00,-0.20124112685083617,-0.020849132991799357
2018-11-07 13:00:00,entry,0.0,1.0,1.0,5,macd_signal_8d,2018-10-01 10:00:00,2019-08-05 14:00:00,-0.20424898146132275,0.014442799183288502
2018-11-09 14:00:00,exit,1.0,0.0,-1.0,5,macd_signal_8d,2018-10-01 10:00:00,2019-08-05 14:00:00,-0.25701684053635054,-0.003683580460684288
2019-02-14 15:00:00,entry,0.0,1.0,1.0,5,macd_signal_8d,2018-10-01 10:00:00,2019-08-05 14:00:00,-0.33651563649486416,-0.00015871482436569107
2019-03-08 12:00:00,exit,1.0,0.0,-1.0,5,macd_signal_8d,2018-10-01 10:00:00,2019-08-05 14:00:00,-0.3481890634618262,-0.011526418633191482
2019-03-19 12:00:00,entry,0.0,1.0,1.0,5,macd_signal_8d,2018-10-01 10:00:00,2019-08-05 14:00:00,-0.35095316245040076,0.045140617203399014
2019-06-03 14:00:00,exit,1.0,0.0,-1.0,5,macd_signal_8d,2018-10-01 10:00:00,2019-08-05 14:00:00,-0.45019935155414903,-0.02127309214240125
2019-06-10 10:00:00,entry,0.0,1.0,1.0,5,macd_signal_8d,2018-10-01 10:00:00,2019-08-05 14:00:00,-0.4236345353822063,0.05858260169476015
2020-02-12 14:00:00,reduce,1.0,0.5,-0.5,5,macd_signal_8d,2018-10-01 10:00:00,2019-08-05 14:00:00,-0.0023404730884174496,0.1956025891056874
2020-02-24 12:00:00,add,0.5,1.0,0.5,5,macd_signal_8d,2018-10-01 10:00:00,2019-08-05 14:00:00,-0.10255601339559173,0.12288898836945328
2020-03-09 12:00:00,exit,1.0,0.0,-1.0,5,macd_signal_8d,2018-10-01 10:00:00,2019-08-05 14:00:00,-0.3615003004251386,-0.00244840300223903
2018-10-23 14:00:00,exit,0.75,0.0,-0.75,5,macd_slow_24d,2018-10-01 10:00:00,2019-08-05 14:00:00,-0.19496706939025754,0.01234159881071517
2018-11-02 11:00:00,entry,0.0,1.0,1.0,5,macd_slow_24d,2018-10-01 10:00:00,2019-08-05 14:00:00,-0.19910401907096476,-0.010576591402150837
2018-11-05 10:00:00,exit,1.0,0.0,-1.0,5,macd_slow_24d,2018-10-01 10:00:00,2019-08-05 14:00:00,-0.2059407710468888,-0.020849132991799357
2018-11-07 13:00:00,entry,0.0,1.0,1.0,5,macd_slow_24d,2018-10-01 10:00:00,2019-08-05 14:00:00,-0.20893092839360994,0.014442799183288502
2018-11-09 14:00:00,exit,1.0,0.0,-1.0,5,macd_slow_24d,2018-10-01 10:00:00,2019-08-05 14:00:00,-0.26138831810050145,-0.003683580460684288
2019-02-14 15:00:00,entry,0.0,1.0,1.0,5,macd_slow_24d,2018-10-01 10:00:00,2019-08-05 14:00:00,-0.3374389617052431,-0.00015871482436569107
2019-03-08 12:00:00,exit,1.0,0.0,-1.0,5,macd_slow_24d,2018-10-01 10:00:00,2019-08-05 14:00:00,-0.3490961435728429,-0.011526418633191482
2019-03-20 12:00:00,entry,0.0,1.0,1.0,5,macd_slow_24d,2018-10-01 10:00:00,2019-08-05 14:00:00,-0.34619844907474817,0.0404343113803014
2019-06-03 14:00:00,exit,1.0,0.0,-1.0,5,macd_slow_24d,2018-10-01 10:00:00,2019-08-05 14:00:00,-0.43910773829762073,-0.02127309214240125
2019-06-07 13:00:00,entry,0.0,1.0,1.0,5,macd_slow_24d,2018-10-01 10:00:00,2019-08-05 14:00:00,-0.43955862438892535,0.04393839417650658
2020-02-12 14:00:00,reduce,1.0,0.5,-0.5,5,macd_slow_24d,2018-10-01 10:00:00,2019-08-05 14:00:00,-0.0023404730884177827,0.1956025891056874
2020-02-24 12:00:00,add,0.5,1.0,0.5,5,macd_slow_24d,2018-10-01 10:00:00,2019-08-05 14:00:00,-0.1025560133955915,0.12288898836945328
2020-03-09 12:00:00,exit,1.0,0.0,-1.0,5,macd_slow_24d,2018-10-01 10:00:00,2019-08-05 14:00:00,-0.3615003004251387,-0.00244840300223903
2020-02-12 14:00:00,reduce,1.0,0.5,-0.5,6,current_preferred,2020-02-19 14:00:00,2020-03-09 10:00:00,-0.0023404730884175606,0.1956025891056874
2020-02-24 12:00:00,add,0.5,1.0,0.5,6,current_preferred,2020-02-19 14:00:00,2020-03-09 10:00:00,-0.10255601339559228,0.12288898836945328
2020-03-09 12:00:00,exit,1.0,0.0,-1.0,6,current_preferred,2020-02-19 14:00:00,2020-03-09 10:00:00,-0.3615003004251396,-0.00244840300223903
2020-04-07 14:00:00,entry,0.0,1.0,1.0,6,current_preferred,2020-02-19 14:00:00,2020-03-09 10:00:00,-0.38432142091174537,-0.010610540497736465
2020-04-08 12:00:00,exit,1.0,0.0,-1.0,6,current_preferred,2020-02-19 14:00:00,2020-03-09 10:00:00,-0.36307231872080215,0.002471663697467541
2020-04-09 10:00:00,entry,0.0,1.0,1.0,6,current_preferred,2020-02-19 14:00:00,2020-03-09 10:00:00,-0.35992679315250553,0.009029733288326236
2020-07-07 12:00:00,reduce,1.0,0.5,-0.5,6,current_preferred,2020-02-19 14:00:00,2020-03-09 10:00:00,-0.004785743700136291,0.22945980133590416
2020-07-24 12:00:00,add,0.5,1.0,0.5,6,current_preferred,2020-02-19 14:00:00,2020-03-09 10:00:00,-0.09469597493994153,0.17889246497799727
2020-02-12 14:00:00,reduce,1.0,0.5,-0.5,6,macd_signal_8d,2020-02-19 14:00:00,2020-03-09 10:00:00,-0.0023404730884174496,0.1956025891056874
2020-02-24 12:00:00,add,0.5,1.0,0.5,6,macd_signal_8d,2020-02-19 14:00:00,2020-03-09 10:00:00,-0.10255601339559173,0.12288898836945328
2020-03-09 12:00:00,exit,1.0,0.0,-1.0,6,macd_signal_8d,2020-02-19 14:00:00,2020-03-09 10:00:00,-0.3615003004251386,-0.00244840300223903
2020-04-07 14:00:00,entry,0.0,1.0,1.0,6,macd_signal_8d,2020-02-19 14:00:00,2020-03-09 10:00:00,-0.3843214209117448,-0.010610540497736465
2020-04-08 12:00:00,exit,1.0,0.0,-1.0,6,macd_signal_8d,2020-02-19 14:00:00,2020-03-09 10:00:00,-0.3630723187208016,0.002471663697467541
2020-04-09 10:00:00,entry,0.0,1.0,1.0,6,macd_signal_8d,2020-02-19 14:00:00,2020-03-09 10:00:00,-0.3599267931525051,0.009029733288326236
2020-07-07 12:00:00,reduce,1.0,0.5,-0.5,6,macd_signal_8d,2020-02-19 14:00:00,2020-03-09 10:00:00,-0.004785743700136291,0.22945980133590416
2020-07-24 12:00:00,add,0.5,1.0,0.5,6,macd_signal_8d,2020-02-19 14:00:00,2020-03-09 10:00:00,-0.09469597493994142,0.17889246497799727
2020-02-12 14:00:00,reduce,1.0,0.5,-0.5,6,macd_slow_24d,2020-02-19 14:00:00,2020-03-09 10:00:00,-0.0023404730884177827,0.1956025891056874
2020-02-24 12:00:00,add,0.5,1.0,0.5,6,macd_slow_24d,2020-02-19 14:00:00,2020-03-09 10:00:00,-0.1025560133955915,0.12288898836945328
2020-03-09 12:00:00,exit,1.0,0.0,-1.0,6,macd_slow_24d,2020-02-19 14:00:00,2020-03-09 10:00:00,-0.3615003004251387,-0.00244840300223903
2020-04-07 14:00:00,entry,0.0,1.0,1.0,6,macd_slow_24d,2020-02-19 14:00:00,2020-03-09 10:00:00,-0.3843214209117445,-0.010610540497736465
2020-04-08 12:00:00,exit,1.0,0.0,-1.0,6,macd_slow_24d,2020-02-19 14:00:00,2020-03-09 10:00:00,-0.36307231872080115,0.002471663697467541
2020-04-09 10:00:00,entry,0.0,1.0,1.0,6,macd_slow_24d,2020-02-19 14:00:00,2020-03-09 10:00:00,-0.35992679315250453,0.009029733288326236
2020-07-07 12:00:00,reduce,1.0,0.5,-0.5,6,macd_slow_24d,2020-02-19 14:00:00,2020-03-09 10:00:00,-0.004785743700136291,0.22945980133590416
2020-07-24 12:00:00,add,0.5,1.0,0.5,6,macd_slow_24d,2020-02-19 14:00:00,2020-03-09 10:00:00,-0.0946959749399412,0.17889246497799727
