strategy,segment,parameters,cumulative_return,annualized_return,annualized_volatility,sharpe_ratio,max_drawdown,calmar_ratio,hit_rate,average_daily_turnover,number_of_trades,exposure_percentage,observations
sma_trend,in_sample,"{""window"": 50}",0.17185160432600144,0.01802527497178219,0.13092734561637148,0.20220200546231845,-0.21221036454783715,0.0849405966112408,0.5221278497988378,0.07372756881026885,1109,0.6055303659237496,2237
sma_trend,out_of_sample,"{""window"": 50}",0.9883305595877065,0.09764560574264247,0.15439455366110705,0.6810253571616651,-0.2765221227597382,0.35312041137295846,0.50080688542227,0.07346499654191961,972,0.6097364174287249,1859
sma_trend,full_sample,"{""window"": 50}",1.3300283561832744,0.05341942926181931,0.14208080365413514,0.43763844203243457,-0.2765221227597384,0.19318320259039024,0.512451171875,0.0736083984375,2081,0.6074393136160712,4096
sma_trend,in_sample,"{""window"": 100}",0.7788980905692917,0.0670376312583103,0.12738955678646136,0.5733166071606008,-0.1723498201772432,0.3889625831310374,0.5105051408135897,0.047608404112650875,929,0.6270834663771632,2237
sma_trend,out_of_sample,"{""window"": 100}",0.7444362752626696,0.07834562691553004,0.14877301880595056,0.5816845226133861,-0.2544279112715798,0.30792858583782834,0.516406670252824,0.04902789518174133,834,0.6255667409513561,1859
sma_trend,full_sample,"{""window"": 100}",2.1031743591845715,0.07215507751863348,0.1375079932752868,0.5757020016980243,-0.2544279112715794,0.2835973347342945,0.51318359375,0.04825265066964285,1763,0.6263950892857142,4096
sma_trend,in_sample,"{""window"": 150}",0.9858832526116386,0.0803506698231482,0.1321644975037984,0.6511564336093107,-0.17805725203333567,0.45126311287846366,0.5055878408582923,0.03521936266683696,739,0.6371735104412796,2237
sma_trend,out_of_sample,"{""window"": 150}",0.920201269590192,0.09247011417050732,0.15033256049689797,0.6638177442704105,-0.21693717130536705,0.4262529727574612,0.5180204410973642,0.037808345500653186,711,0.6381695227849074,1859
sma_trend,full_sample,"{""window"": 150}",2.813295542922753,0.08583441646329693,0.14070191471522633,0.6559461952248241,-0.21693717130536594,0.3956648643789789,0.51123046875,0.036394391741071425,1450,0.6376255580357141,4096
sma_trend,in_sample,"{""window"": 200}",0.7744024009179213,0.06673350983821824,0.12998582828719998,0.5622942864413486,-0.18541392059129413,0.3599163947636822,0.4921770227983907,0.02966345232773485,686,0.6258062456095534,2237
sma_trend,out_of_sample,"{""window"": 200}",1.1381777919963452,0.10851013238943619,0.14902876260948855,0.7661210760970046,-0.18837823377117402,0.5760226657674534,0.5094136632598171,0.03438868823484208,695,0.6395527549373702,1859
sma_trend,full_sample,"{""window"": 200}",2.7939878077077074,0.08549536232316912,0.1389583991223024,0.6601721880861562,-0.18837823377117346,0.4538494740693977,0.5,0.03180803571428571,1381,0.632045200892857,4096
sma_trend,in_sample,"{""window"": 250}",0.5652733915535084,0.051769943885329406,0.12983875390690736,0.45396590417402855,-0.19451768526127422,0.2661451775749466,0.4827894501564595,0.028130787406603228,665,0.6118845392426079,2237
sma_trend,out_of_sample,"{""window"": 250}",1.1461953264724216,0.10907267450853086,0.1488238359638517,0.7704005360169423,-0.20988372789935417,0.5196814236158157,0.5083378160301237,0.029931606854683775,607,0.6335587489433642,1859
sma_trend,full_sample,"{""window"": 250}",2.3593824376037733,0.07740079141225231,0.1387885327771262,0.6068764242600027,-0.2098837278993534,0.3687793817411548,0.494384765625,0.028948102678571425,1272,0.6217215401785712,4096
tsmom,in_sample,"{""lookback"": 63}",0.7753038952884568,0.06679454829188236,0.13389838371799923,0.5501459999871784,-0.1928387069335269,0.3463752135348377,0.5225748770675012,0.049715818379206834,913,0.6298933520659046,2237
tsmom,out_of_sample,"{""lookback"": 63}",0.7754405804176168,0.08092392764267076,0.15461551742748397,0.5809418788925006,-0.32399510598827863,0.24976898152775923,0.5088757396449705,0.05129485898716667,800,0.621340198263275,1859
tsmom,full_sample,"{""lookback"": 63}",2.1519465782686003,0.07318423576254496,0.1436726208618337,0.5637645344581277,-0.3239951059882775,0.22588068279399517,0.516357421875,0.05043247767857142,1713,0.6260114397321427,4096
tsmom,in_sample,"{""lookback"": 126}",1.1337090582680545,0.08912409782182729,0.13729488848527172,0.690809439214687,-0.14863388046050696,0.5996216848116818,0.5113991953509164,0.031323839325627434,717,0.6466888051599717,2237
tsmom,out_of_sample,"{""lookback"": 126}",1.0697383338113449,0.10363247428948119,0.15682156541697262,0.7076324873022679,-0.23321009788490188,0.4443738724410973,0.521785906401291,0.03454238069622684,656,0.6279489741028201,1859
tsmom,full_sample,"{""lookback"": 126}",3.416219431097902,0.09568504245630938,0.14648105167733158,0.6974564786068409,-0.23321009788490188,0.41029545171553256,0.51611328125,0.03278459821428571,1373,0.6381835937499999,4096
tsmom,in_sample,"{""lookback"": 189}",0.4480075729945934,0.042583804963387095,0.13845933127059798,0.37074337132377944,-0.2663195873352028,0.1598973826502256,0.49441215914170766,0.024075611469442492,558,0.6315856695829872,2237
tsmom,out_of_sample,"{""lookback"": 189}",1.1744935784656647,0.11104377884834116,0.15597274716741366,0.7535279635808264,-0.25441251050722413,0.4364713772406567,0.5169445938676708,0.028625220932913236,560,0.6302927841389377,1859
tsmom,full_sample,"{""lookback"": 189}",2.148683169046408,0.07311584166083085,0.14668202902687488,0.5547840838797524,-0.2663195873352028,0.27454173533546256,0.504638671875,0.026140485491071425,1118,0.6309988839285713,4096
tsmom,in_sample,"{""lookback"": 252}",0.49100746441240006,0.04602641716977085,0.14768263884669672,0.3789200515693968,-0.249697538752353,0.18432867780654935,0.4841305319624497,0.02892905038635928,696,0.639344785746216,2237
tsmom,out_of_sample,"{""lookback"": 252}",1.1133055172932318,0.10675331580073544,0.1582770205738029,0.7204699906575908,-0.24109412622890103,0.4427868794255944,0.5099515868746638,0.024552370706216856,514,0.6197648505340811,1859
tsmom,full_sample,"{""lookback"": 252}",2.150954300868122,0.07316344677720088,0.15259304319461778,0.5394557689967233,-0.249697538752353,0.2930082817106319,0.495849609375,0.02694266183035714,1210,0.630458286830357,4096
sma_crossover,in_sample,"{""long_window"": 100, ""short_window"": 20}",1.0972379528470415,0.08701088931943435,0.137013691152092,0.6777169791275794,-0.18180906749597825,0.4785838820792538,0.5181046043808673,0.012037805734721244,337,0.6297656299891435,2237
sma_crossover,out_of_sample,"{""long_window"": 100, ""short_window"": 20}",0.8477740986768345,0.0867910547787838,0.16786449686142618,0.5802143354373783,-0.2884836230159449,0.3008526233532041,0.5094136632598171,0.012833320525628217,304,0.6279105509874738,1859
sma_crossover,full_sample,"{""long_window"": 100, ""short_window"": 20}",2.875221968032781,0.08691111027097764,0.15179471574443668,0.6253012015711544,-0.288483623015944,0.3012687838649829,0.51416015625,0.012398856026785712,641,0.6289236886160713,4096
sma_crossover,in_sample,"{""long_window"": 150, ""short_window"": 20}",0.9354380661017132,0.07722378916845707,0.14197016352888983,0.5952873877190132,-0.21361713765670443,0.36150558899707913,0.5037997317836388,0.00973880835302382,276,0.6425697681844306,2237
sma_crossover,out_of_sample,"{""long_window"": 150, ""short_window"": 20}",0.7647525969269833,0.08003954810337932,0.1725643881988527,0.5332775902763701,-0.3019248375307131,0.2650975943482535,0.5190962883270576,0.00964420195189426,230,0.6382847921309457,1859
sma_crossover,full_sample,"{""long_window"": 150, ""short_window"": 20}",2.4155693533443334,0.07850083130621077,0.1565982947197486,0.5614510466271305,-0.301924837530713,0.2600012372225765,0.5107421875,0.009695870535714284,506,0.6406249999999998,4096
sma_crossover,in_sample,"{""long_window"": 200, ""short_window"": 20}",0.8596705219428069,0.0723886308185735,0.14344745986830415,0.5593588551394945,-0.23359929217428943,0.30988377637961345,0.4917299955297273,0.007663324605658088,210,0.6305319624497092,2237
sma_crossover,out_of_sample,"{""long_window"": 200, ""short_window"": 20}",0.6690768341477165,0.07190961951136199,0.17484270054785736,0.4856742600581575,-0.3527873140916665,0.20383278150607578,0.5094136632598171,0.008068854222700376,195,0.6395527549373702,1859
sma_crossover,full_sample,"{""long_window"": 200, ""short_window"": 20}",2.1039329873221337,0.0721712014578908,0.15846923986951275,0.5197333470707675,-0.35278731409166697,0.20457425359444217,0.499755859375,0.007847377232142856,405,0.6346261160714284,4096
sma_crossover,in_sample,"{""long_window"": 250, ""short_window"": 20}",0.6730624237715619,0.059690004786301376,0.145155361054735,0.47237882895663896,-0.25034970583925265,0.23842650258446002,0.4765310683951721,0.006865061625902037,194,0.6106392489941884,2237
sma_crossover,out_of_sample,"{""long_window"": 250, ""short_window"": 20}",0.8113706675467702,0.0838636102150856,0.17359621081343102,0.5517623748008775,-0.3530213620362046,0.23755959053402792,0.5137170521785906,0.007185122569737953,176,0.6342887881349418,1859
sma_crossover,full_sample,"{""long_window"": 250, ""short_window"": 20}",2.0305361993945255,0.07059382319026897,0.15869871331400515,0.5098988625820464,-0.3530213620362048,0.1999704006100035,0.493408203125,0.007010323660714284,370,0.6213727678571427,4096
sma_crossover,in_sample,"{""long_window"": 100, ""short_window"": 50}",1.3486935802713793,0.10096601388310056,0.14181164749546324,0.7495332947735885,-0.21483823565723525,0.46996296340930344,0.5221278497988378,0.009611086276262852,273,0.6360559422696211,2237
sma_crossover,out_of_sample,"{""long_window"": 100, ""short_window"": 50}",0.5395505498087569,0.06023592420892321,0.1952070485188953,0.39922523278747246,-0.4206701730730098,0.143190385400747,0.5137170521785906,0.009797894413279027,227,0.62875585952509,1859
sma_crossover,full_sample,"{""long_window"": 100, ""short_window"": 50}",2.6159324928390926,0.08228996726268734,0.16816245593832124,0.5555384715956113,-0.4206701730730096,0.19561635820661208,0.518310546875,0.009695870535714286,500,0.6327427455357142,4096
sma_crossover,in_sample,"{""long_window"": 150, ""short_window"": 50}",1.2772251968983053,0.09714011675603396,0.1432079338267692,0.7192967840498409,-0.2013111132183657,0.4825372787575039,0.5069289226642825,0.0062903122804776794,187,0.6413564084552013,2237
sma_crossover,out_of_sample,"{""long_window"": 150, ""short_window"": 50}",0.6672940771922655,0.07175434659403201,0.20048393110502,0.44881826870900676,-0.4669018202407609,0.1536818737545967,0.5142549757934374,0.0068777376469684156,169,0.6307538615230921,1859
sma_crossover,full_sample,"{""long_window"": 150, ""short_window"": 50}",2.7968040832215286,0.08554491835784517,0.17158961562902447,0.5658622223682769,-0.46690182024076043,0.18321821558488136,0.51025390625,0.006556919642857142,356,0.6365443638392856,4096
sma_crossover,in_sample,"{""long_window"": 200, ""short_window"": 50}",0.9857293416408133,0.08034123725176401,0.14973160225736587,0.5913410491230381,-0.22836179439678472,0.3518155804651323,0.4921770227983907,0.005300466185580177,142,0.6361198033080016,2237
sma_crossover,out_of_sample,"{""long_window"": 200, ""short_window"": 50}",0.6247094092488834,0.0680020061456792,0.2011805716740995,0.4305085265846851,-0.46805305326947766,0.14528696196011695,0.5153308230231307,0.005686621071236455,138,0.6365557519403672,1859
sma_crossover,full_sample,"{""long_window"": 200, ""short_window"": 50}",2.226233145585433,0.07472341536858917,0.17496722526905303,0.501038792392262,-0.46805305326947766,0.15964731956479256,0.502685546875,0.005475725446428571,280,0.636317661830357,4096
sma_crossover,in_sample,"{""long_window"": 250, ""short_window"": 50}",0.7285797404706615,0.06359410163269397,0.1501305161891814,0.4862572498448205,-0.2572089415133889,0.2472468540887938,0.4845775592311131,0.004534133725014369,128,0.6112778593779934,2237
sma_crossover,out_of_sample,"{""long_window"": 250, ""short_window"": 50}",0.6973859819275967,0.0743562461070173,0.2039965631326539,0.45635090254279587,-0.4620622362465332,0.16092257768354942,0.5121032813340506,0.004764466302927841,121,0.6298701298701297,1859
sma_crossover,full_sample,"{""long_window"": 250, ""short_window"": 50}",1.934067020118953,0.0684651543337571,0.1766269871059215,0.4649399287599539,-0.4620622362465334,0.14817301428898316,0.4970703125,0.004638671875,249,0.619716099330357,4096
sma_crossover,in_sample,"{""long_window"": 150, ""short_window"": 100}",0.9616644214196997,0.07885835511326866,0.15737321298884158,0.5613885992764149,-0.24847829337960492,0.31736516715685614,0.5113991953509164,0.006226451242097196,176,0.6433680311641865,2237
sma_crossover,out_of_sample,"{""long_window"": 150, ""short_window"": 100}",0.7052089050437031,0.07502612208031101,0.2154545897268567,0.44617169156987735,-0.48275314362562016,0.15541301609522923,0.514792899408284,0.007031430108353184,171,0.614923538000461,1859
sma_crossover,full_sample,"{""long_window"": 150, ""short_window"": 100}",2.3450476401122637,0.07711737753650616,0.18599563473054734,0.49398762517326533,-0.4907481518786485,0.15714247163497344,0.512939453125,0.006591796874999999,347,0.630458286830357,4096
sma_crossover,in_sample,"{""long_window"": 200, ""short_window"": 100}",0.8582882809119472,0.07229880983792047,0.16226413827890715,0.5118178886734798,-0.2549936286776734,0.28353182866898347,0.4997764863656683,0.004278689571492432,119,0.6395044383421673,2237
sma_crossover,out_of_sample,"{""long_window"": 200, ""short_window"": 100}",1.158692468961564,0.10994591159848843,0.21450624422865489,0.5957414522638805,-0.4705939776047722,0.23363221127072387,0.5174825174825175,0.005379236148466917,133,0.617305771151925,1859
sma_crossover,full_sample,"{""long_window"": 200, ""short_window"": 100}",3.0114729171641477,0.08922431492438787,0.18778983307935976,0.5503787291810243,-0.47059397760477206,0.18959935564522423,0.5078125,0.004778180803571428,252,0.6294294084821427,4096
sma_crossover,in_sample,"{""long_window"": 250, ""short_window"": 100}",0.5861679013064802,0.05334225705708895,0.16247328439883268,0.40168363637421334,-0.2789081878661652,0.19125382250407563,0.4908359409924005,0.003959384379590012,111,0.6157162015454369,2237
sma_crossover,out_of_sample,"{""long_window"": 250, ""short_window"": 100}",0.9279198962255506,0.09306436620997882,0.21649576743787052,0.5214173949804481,-0.47059397760477206,0.19775936505532343,0.5174825174825175,0.004188119572734956,105,0.6254898947206637,1859
sma_crossover,full_sample,"{""long_window"": 250, ""short_window"": 100}",2.058004655683076,0.07118830674790733,0.18892208278719597,0.45985289546793384,-0.47059397760477206,0.15127330594038066,0.5029296875,0.004063197544642857,216,0.6201520647321427,4096
