name,family,source_segment,tax_timing,audit_pass,tax_payment_year_count,positive_tax_payment_count,non_year_end_tax_payment_count,first_tax_payment_date,last_tax_payment_date,total_tax_paid_pct_initial_capital,total_cash_interest_earned_pct_initial_capital
preferred_q110_best_robustness_bear_filter_macd_slow24,current_preferred,official_start,annual_net_eoy,True,25,25,0,2002-12-31 15:00:00,2026-06-01 15:00:00,291.33107870149087,13.39571765622281
macd_standard_12_26_9,retained_macd_option,official_start,annual_net_eoy,True,25,25,0,2002-12-31 15:00:00,2026-06-01 15:00:00,257.6545273755054,11.89954711610577
macd_signal_8d,retained_macd_option,official_start,annual_net_eoy,True,25,25,0,2002-12-31 15:00:00,2026-06-01 15:00:00,290.35425944622455,13.356573612889072
macd_slow_24d,retained_macd_option,official_start,annual_net_eoy,True,25,25,0,2002-12-31 15:00:00,2026-06-01 15:00:00,291.33107870149087,13.39571765622281
long_ma_150d,trend_gate_long_ma,official_start,annual_net_eoy,True,25,25,0,2002-12-31 15:00:00,2026-06-01 15:00:00,53.206861348383356,3.5877337333320938
long_ma_200d,trend_gate_long_ma,official_start,annual_net_eoy,True,25,25,0,2002-12-31 15:00:00,2026-06-01 15:00:00,291.33107870149087,13.39571765622281
long_ma_250d,trend_gate_long_ma,official_start,annual_net_eoy,True,25,25,0,2002-12-31 15:00:00,2026-06-01 15:00:00,192.4199108536185,11.281222876222548
entry_confirm_1bar,entry_confirmation,official_start,annual_net_eoy,True,25,25,0,2002-12-31 15:00:00,2026-06-01 15:00:00,256.5193394743959,11.989181560097055
entry_confirm_2bar,entry_confirmation,official_start,annual_net_eoy,True,25,25,0,2002-12-31 15:00:00,2026-06-01 15:00:00,291.33107870149087,13.39571765622281
entry_confirm_3bar,entry_confirmation,official_start,annual_net_eoy,True,25,25,0,2002-12-31 15:00:00,2026-06-01 15:00:00,308.53515075223754,14.359520220974447
exit_confirm_1bar,exit_confirmation,official_start,annual_net_eoy,True,25,25,0,2002-12-31 15:00:00,2026-06-01 15:00:00,238.5071292332843,11.082050274896527
exit_confirm_2bar,exit_confirmation,official_start,annual_net_eoy,True,25,25,0,2002-12-31 15:00:00,2026-06-01 15:00:00,228.63599830294825,10.568592758162616
exit_confirm_3bar,exit_confirmation,official_start,annual_net_eoy,True,25,25,0,2002-12-31 15:00:00,2026-06-01 15:00:00,291.33107870149087,13.39571765622281
exit_confirm_4bar,exit_confirmation,official_start,annual_net_eoy,True,25,25,0,2002-12-31 15:00:00,2026-06-01 15:00:00,264.24669538426764,12.112183429975481
macd_fast_10d,macd_entry,official_start,annual_net_eoy,True,25,25,0,2002-12-31 15:00:00,2026-06-01 15:00:00,227.34289267393768,10.383739192091177
macd_fast_12d,macd_entry,official_start,annual_net_eoy,True,25,25,0,2002-12-31 15:00:00,2026-06-01 15:00:00,291.33107870149087,13.39571765622281
macd_fast_14d,macd_entry,official_start,annual_net_eoy,True,25,25,0,2002-12-31 15:00:00,2026-06-01 15:00:00,295.2480021367535,13.852482200297178
macd_slow_26d,macd_entry,official_start,annual_net_eoy,True,25,25,0,2002-12-31 15:00:00,2026-06-01 15:00:00,257.6545273755054,11.89954711610577
macd_slow_30d,macd_entry,official_start,annual_net_eoy,True,25,25,0,2002-12-31 15:00:00,2026-06-01 15:00:00,237.56177298211824,11.208513962823371
macd_signal_9d,macd_entry,official_start,annual_net_eoy,True,25,25,0,2002-12-31 15:00:00,2026-06-01 15:00:00,291.33107870149087,13.39571765622281
macd_signal_12d,macd_entry,official_start,annual_net_eoy,True,25,25,0,2002-12-31 15:00:00,2026-06-01 15:00:00,232.06830058785624,10.935992728927864
q100_activation_90,q100_activation,official_start,annual_net_eoy,True,25,25,0,2002-12-31 15:00:00,2026-06-01 15:00:00,291.5419300596381,13.708681031890606
q100_activation_100,q100_activation,official_start,annual_net_eoy,True,25,25,0,2002-12-31 15:00:00,2026-06-01 15:00:00,275.451683382023,12.735719255272032
q100_activation_110,q100_activation,official_start,annual_net_eoy,True,25,25,0,2002-12-31 15:00:00,2026-06-01 15:00:00,291.33107870149087,13.39571765622281
q100_activation_120,q100_activation,official_start,annual_net_eoy,True,25,25,0,2002-12-31 15:00:00,2026-06-01 15:00:00,270.509050346584,12.286834353404071
q100_activation_130,q100_activation,official_start,annual_net_eoy,True,24,24,0,2002-12-31 15:00:00,2026-06-01 15:00:00,250.16158711302774,11.45904205307458
q100_trim_to_50,q100_trim_weight,official_start,annual_net_eoy,True,25,25,0,2002-12-31 15:00:00,2026-06-01 15:00:00,291.33107870149087,13.39571765622281
q100_trim_to_60,q100_trim_weight,official_start,annual_net_eoy,True,25,25,0,2002-12-31 15:00:00,2026-06-01 15:00:00,271.70632091052875,12.504234582919533
q100_trim_to_75,q100_trim_weight,official_start,annual_net_eoy,True,25,25,0,2002-12-31 15:00:00,2026-06-01 15:00:00,245.05055465361883,11.315561617507662
q100_reentry_ma20,q100_reentry,official_start,annual_net_eoy,True,25,25,0,2002-12-31 15:00:00,2026-06-01 15:00:00,291.33107870149087,13.39571765622281
q100_reentry_ma50,q100_reentry,official_start,annual_net_eoy,True,25,25,0,2002-12-31 15:00:00,2026-06-01 15:00:00,285.3187620647101,13.21893803491546
bear_buf005bp_slope20,bear_filter,official_start,annual_net_eoy,True,25,25,0,2002-12-31 15:00:00,2026-06-01 15:00:00,207.2455003137291,9.806714180707441
bear_buf005bp_slope20_20gt50,bear_filter,official_start,annual_net_eoy,True,25,25,0,2002-12-31 15:00:00,2026-06-01 15:00:00,259.96047355736226,12.315040767329858
bear_buf005bp_slope30,bear_filter,official_start,annual_net_eoy,True,25,25,0,2002-12-31 15:00:00,2026-06-01 15:00:00,237.20197929263358,10.907382742979209
bear_buf005bp_slope30_20gt50,bear_filter,official_start,annual_net_eoy,True,25,25,0,2002-12-31 15:00:00,2026-06-01 15:00:00,288.27214864583556,13.27892426705563
bear_buf005bp_slope40,bear_filter,official_start,annual_net_eoy,True,25,25,0,2002-12-31 15:00:00,2026-06-01 15:00:00,227.21632436136545,10.90244284655854
bear_buf005bp_slope40_20gt50,bear_filter,official_start,annual_net_eoy,True,25,25,0,2002-12-31 15:00:00,2026-06-01 15:00:00,224.70044615419658,10.823476196236978
bear_buf010bp_slope20,bear_filter,official_start,annual_net_eoy,True,25,25,0,2002-12-31 15:00:00,2026-06-01 15:00:00,203.21141073142363,9.726584583655022
bear_buf010bp_slope20_20gt50,bear_filter,official_start,annual_net_eoy,True,25,25,0,2002-12-31 15:00:00,2026-06-01 15:00:00,262.65098617434427,12.4197922215804
bear_buf010bp_slope30,bear_filter,official_start,annual_net_eoy,True,25,25,0,2002-12-31 15:00:00,2026-06-01 15:00:00,232.64869759354718,10.819310679509403
bear_buf010bp_slope30_20gt50,bear_filter,official_start,annual_net_eoy,True,25,25,0,2002-12-31 15:00:00,2026-06-01 15:00:00,291.33107870149087,13.39571765622281
bear_buf010bp_slope40,bear_filter,official_start,annual_net_eoy,True,25,25,0,2002-12-31 15:00:00,2026-06-01 15:00:00,229.46283987522213,11.131668943709336
bear_buf010bp_slope40_20gt50,bear_filter,official_start,annual_net_eoy,True,25,25,0,2002-12-31 15:00:00,2026-06-01 15:00:00,233.75503839268129,11.236731870549523
bear_buf015bp_slope20,bear_filter,official_start,annual_net_eoy,True,25,25,0,2002-12-31 15:00:00,2026-06-01 15:00:00,200.54266360959667,9.639572838245588
bear_buf015bp_slope20_20gt50,bear_filter,official_start,annual_net_eoy,True,25,25,0,2002-12-31 15:00:00,2026-06-01 15:00:00,255.13179385527016,12.485393274681554
bear_buf015bp_slope30,bear_filter,official_start,annual_net_eoy,True,25,25,0,2002-12-31 15:00:00,2026-06-01 15:00:00,229.68929493807389,10.726209355762515
bear_buf015bp_slope30_20gt50,bear_filter,official_start,annual_net_eoy,True,25,25,0,2002-12-31 15:00:00,2026-06-01 15:00:00,283.15082358553286,13.467611739341741
bear_buf015bp_slope40,bear_filter,official_start,annual_net_eoy,True,25,25,0,2002-12-31 15:00:00,2026-06-01 15:00:00,224.42400394324312,10.932850854837605
bear_buf015bp_slope40_20gt50,bear_filter,official_start,annual_net_eoy,True,25,25,0,2002-12-31 15:00:00,2026-06-01 15:00:00,224.26695504258385,11.151470631618263
bear_buf020bp_slope20,bear_filter,official_start,annual_net_eoy,True,25,25,0,2002-12-31 15:00:00,2026-06-01 15:00:00,210.7565307764289,10.09119815009938
bear_buf020bp_slope20_20gt50,bear_filter,official_start,annual_net_eoy,True,25,25,0,2002-12-31 15:00:00,2026-06-01 15:00:00,242.02678422115795,11.85188739243063
bear_buf020bp_slope30,bear_filter,official_start,annual_net_eoy,True,25,25,0,2002-12-31 15:00:00,2026-06-01 15:00:00,241.4849173357396,11.234254780374787
bear_buf020bp_slope30_20gt50,bear_filter,official_start,annual_net_eoy,True,25,25,0,2002-12-31 15:00:00,2026-06-01 15:00:00,268.7174350678321,12.789422610235315
bear_buf020bp_slope40,bear_filter,official_start,annual_net_eoy,True,25,25,0,2002-12-31 15:00:00,2026-06-01 15:00:00,214.02870887363713,10.401618651248256
bear_buf020bp_slope40_20gt50,bear_filter,official_start,annual_net_eoy,True,25,25,0,2002-12-31 15:00:00,2026-06-01 15:00:00,212.59510304349865,10.578125051253041
peak_stop_35,peak_stop,official_start,annual_net_eoy,True,25,25,0,2002-12-31 15:00:00,2026-06-01 15:00:00,116.09533417493603,10.036201457446818
peak_stop_40,peak_stop,official_start,annual_net_eoy,True,25,25,0,2002-12-31 15:00:00,2026-06-01 15:00:00,291.33107870149087,13.39571765622281
peak_stop_45,peak_stop,official_start,annual_net_eoy,True,25,25,0,2002-12-31 15:00:00,2026-06-01 15:00:00,291.33107870149087,13.39571765622281
peak_stop_50,peak_stop,official_start,annual_net_eoy,True,25,25,0,2002-12-31 15:00:00,2026-06-01 15:00:00,262.8778625813359,12.167275472806502
profit_lock_none,profit_lock,official_start,annual_net_eoy,True,23,23,0,2002-12-31 15:00:00,2026-06-01 15:00:00,264.5260875693663,8.270600599916467
profit_lock_300_400,profit_lock,official_start,annual_net_eoy,True,25,25,0,2002-12-31 15:00:00,2026-06-01 15:00:00,291.33107870149087,13.39571765622281
profit_lock_300_500,profit_lock,official_start,annual_net_eoy,True,25,25,0,2002-12-31 15:00:00,2026-06-01 15:00:00,290.98559568246526,12.541841917923641
profit_lock_400_600,profit_lock,official_start,annual_net_eoy,True,25,25,0,2002-12-31 15:00:00,2026-06-01 15:00:00,288.35782125746806,10.049030647737808
QQQ_BH,benchmark,official_start,annual_net_eoy,True,1,1,0,2026-06-01 15:00:00,2026-06-01 15:00:00,4.841080578798781,0.0
