name,family,tax_timing,parameters,q100_trigger_count,bear_blocked_entry_count,stop_trigger_count
preferred_q110_best_robustness_bear_filter_macd_slow24,current_preferred,annual_net_eoy,"{'long_ma_days': 200.0, 'entry_confirm_bars': 2, 'exit_confirm_bars': 3, 'macd_fast_days': 12.0, 'macd_slow_days': 24.0, 'macd_signal_days': 9.0, 'average_type': 'sma', 'peak_stop_drawdown': 0.4, 'profit_lock_scheme': ((3.0, 0.75), (4.0, 0.5)), 'q100_activation_gain': 1.1, 'q100_trim_weight': 0.5, 'q100_distance_quantile': 1.0, 'q100_reentry_rule': 'ma20', 'bear_filter_buffer': 0.01, 'bear_filter_slope_days': 30, 'bear_filter_require_20gt50': True}",15,506,1
macd_standard_12_26_9,retained_macd_option,annual_net_eoy,"{'long_ma_days': 200.0, 'entry_confirm_bars': 2, 'exit_confirm_bars': 3, 'macd_fast_days': 12.0, 'macd_slow_days': 26.0, 'macd_signal_days': 9.0, 'average_type': 'sma', 'peak_stop_drawdown': 0.4, 'profit_lock_scheme': ((3.0, 0.75), (4.0, 0.5)), 'q100_activation_gain': 1.1, 'q100_trim_weight': 0.5, 'q100_distance_quantile': 1.0, 'q100_reentry_rule': 'ma20', 'bear_filter_buffer': 0.01, 'bear_filter_slope_days': 30, 'bear_filter_require_20gt50': True}",15,503,1
macd_signal_8d,retained_macd_option,annual_net_eoy,"{'long_ma_days': 200.0, 'entry_confirm_bars': 2, 'exit_confirm_bars': 3, 'macd_fast_days': 12.0, 'macd_slow_days': 26.0, 'macd_signal_days': 8.0, 'average_type': 'sma', 'peak_stop_drawdown': 0.4, 'profit_lock_scheme': ((3.0, 0.75), (4.0, 0.5)), 'q100_activation_gain': 1.1, 'q100_trim_weight': 0.5, 'q100_distance_quantile': 1.0, 'q100_reentry_rule': 'ma20', 'bear_filter_buffer': 0.01, 'bear_filter_slope_days': 30, 'bear_filter_require_20gt50': True}",15,522,1
macd_slow_24d,retained_macd_option,annual_net_eoy,"{'long_ma_days': 200.0, 'entry_confirm_bars': 2, 'exit_confirm_bars': 3, 'macd_fast_days': 12.0, 'macd_slow_days': 24.0, 'macd_signal_days': 9.0, 'average_type': 'sma', 'peak_stop_drawdown': 0.4, 'profit_lock_scheme': ((3.0, 0.75), (4.0, 0.5)), 'q100_activation_gain': 1.1, 'q100_trim_weight': 0.5, 'q100_distance_quantile': 1.0, 'q100_reentry_rule': 'ma20', 'bear_filter_buffer': 0.01, 'bear_filter_slope_days': 30, 'bear_filter_require_20gt50': True}",15,506,1
long_ma_150d,trend_gate_long_ma,annual_net_eoy,"{'long_ma_days': 150.0, 'entry_confirm_bars': 2, 'exit_confirm_bars': 3, 'macd_fast_days': 12.0, 'macd_slow_days': 24.0, 'macd_signal_days': 9.0, 'average_type': 'sma', 'peak_stop_drawdown': 0.4, 'profit_lock_scheme': ((3.0, 0.75), (4.0, 0.5)), 'q100_activation_gain': 1.1, 'q100_trim_weight': 0.5, 'q100_distance_quantile': 1.0, 'q100_reentry_rule': 'ma20', 'bear_filter_buffer': 0.01, 'bear_filter_slope_days': 30, 'bear_filter_require_20gt50': True}",10,975,1
long_ma_200d,trend_gate_long_ma,annual_net_eoy,"{'long_ma_days': 200.0, 'entry_confirm_bars': 2, 'exit_confirm_bars': 3, 'macd_fast_days': 12.0, 'macd_slow_days': 24.0, 'macd_signal_days': 9.0, 'average_type': 'sma', 'peak_stop_drawdown': 0.4, 'profit_lock_scheme': ((3.0, 0.75), (4.0, 0.5)), 'q100_activation_gain': 1.1, 'q100_trim_weight': 0.5, 'q100_distance_quantile': 1.0, 'q100_reentry_rule': 'ma20', 'bear_filter_buffer': 0.01, 'bear_filter_slope_days': 30, 'bear_filter_require_20gt50': True}",15,506,1
long_ma_250d,trend_gate_long_ma,annual_net_eoy,"{'long_ma_days': 250.0, 'entry_confirm_bars': 2, 'exit_confirm_bars': 3, 'macd_fast_days': 12.0, 'macd_slow_days': 24.0, 'macd_signal_days': 9.0, 'average_type': 'sma', 'peak_stop_drawdown': 0.4, 'profit_lock_scheme': ((3.0, 0.75), (4.0, 0.5)), 'q100_activation_gain': 1.1, 'q100_trim_weight': 0.5, 'q100_distance_quantile': 1.0, 'q100_reentry_rule': 'ma20', 'bear_filter_buffer': 0.01, 'bear_filter_slope_days': 30, 'bear_filter_require_20gt50': True}",35,186,2
entry_confirm_1bar,entry_confirmation,annual_net_eoy,"{'long_ma_days': 200.0, 'entry_confirm_bars': 1, 'exit_confirm_bars': 3, 'macd_fast_days': 12.0, 'macd_slow_days': 24.0, 'macd_signal_days': 9.0, 'average_type': 'sma', 'peak_stop_drawdown': 0.4, 'profit_lock_scheme': ((3.0, 0.75), (4.0, 0.5)), 'q100_activation_gain': 1.1, 'q100_trim_weight': 0.5, 'q100_distance_quantile': 1.0, 'q100_reentry_rule': 'ma20', 'bear_filter_buffer': 0.01, 'bear_filter_slope_days': 30, 'bear_filter_require_20gt50': True}",15,525,1
entry_confirm_2bar,entry_confirmation,annual_net_eoy,"{'long_ma_days': 200.0, 'entry_confirm_bars': 2, 'exit_confirm_bars': 3, 'macd_fast_days': 12.0, 'macd_slow_days': 24.0, 'macd_signal_days': 9.0, 'average_type': 'sma', 'peak_stop_drawdown': 0.4, 'profit_lock_scheme': ((3.0, 0.75), (4.0, 0.5)), 'q100_activation_gain': 1.1, 'q100_trim_weight': 0.5, 'q100_distance_quantile': 1.0, 'q100_reentry_rule': 'ma20', 'bear_filter_buffer': 0.01, 'bear_filter_slope_days': 30, 'bear_filter_require_20gt50': True}",15,506,1
entry_confirm_3bar,entry_confirmation,annual_net_eoy,"{'long_ma_days': 200.0, 'entry_confirm_bars': 3, 'exit_confirm_bars': 3, 'macd_fast_days': 12.0, 'macd_slow_days': 24.0, 'macd_signal_days': 9.0, 'average_type': 'sma', 'peak_stop_drawdown': 0.4, 'profit_lock_scheme': ((3.0, 0.75), (4.0, 0.5)), 'q100_activation_gain': 1.1, 'q100_trim_weight': 0.5, 'q100_distance_quantile': 1.0, 'q100_reentry_rule': 'ma20', 'bear_filter_buffer': 0.01, 'bear_filter_slope_days': 30, 'bear_filter_require_20gt50': True}",15,488,1
exit_confirm_1bar,exit_confirmation,annual_net_eoy,"{'long_ma_days': 200.0, 'entry_confirm_bars': 2, 'exit_confirm_bars': 1, 'macd_fast_days': 12.0, 'macd_slow_days': 24.0, 'macd_signal_days': 9.0, 'average_type': 'sma', 'peak_stop_drawdown': 0.4, 'profit_lock_scheme': ((3.0, 0.75), (4.0, 0.5)), 'q100_activation_gain': 1.1, 'q100_trim_weight': 0.5, 'q100_distance_quantile': 1.0, 'q100_reentry_rule': 'ma20', 'bear_filter_buffer': 0.01, 'bear_filter_slope_days': 30, 'bear_filter_require_20gt50': True}",14,477,0
exit_confirm_2bar,exit_confirmation,annual_net_eoy,"{'long_ma_days': 200.0, 'entry_confirm_bars': 2, 'exit_confirm_bars': 2, 'macd_fast_days': 12.0, 'macd_slow_days': 24.0, 'macd_signal_days': 9.0, 'average_type': 'sma', 'peak_stop_drawdown': 0.4, 'profit_lock_scheme': ((3.0, 0.75), (4.0, 0.5)), 'q100_activation_gain': 1.1, 'q100_trim_weight': 0.5, 'q100_distance_quantile': 1.0, 'q100_reentry_rule': 'ma20', 'bear_filter_buffer': 0.01, 'bear_filter_slope_days': 30, 'bear_filter_require_20gt50': True}",14,493,1
exit_confirm_3bar,exit_confirmation,annual_net_eoy,"{'long_ma_days': 200.0, 'entry_confirm_bars': 2, 'exit_confirm_bars': 3, 'macd_fast_days': 12.0, 'macd_slow_days': 24.0, 'macd_signal_days': 9.0, 'average_type': 'sma', 'peak_stop_drawdown': 0.4, 'profit_lock_scheme': ((3.0, 0.75), (4.0, 0.5)), 'q100_activation_gain': 1.1, 'q100_trim_weight': 0.5, 'q100_distance_quantile': 1.0, 'q100_reentry_rule': 'ma20', 'bear_filter_buffer': 0.01, 'bear_filter_slope_days': 30, 'bear_filter_require_20gt50': True}",15,506,1
exit_confirm_4bar,exit_confirmation,annual_net_eoy,"{'long_ma_days': 200.0, 'entry_confirm_bars': 2, 'exit_confirm_bars': 4, 'macd_fast_days': 12.0, 'macd_slow_days': 24.0, 'macd_signal_days': 9.0, 'average_type': 'sma', 'peak_stop_drawdown': 0.4, 'profit_lock_scheme': ((3.0, 0.75), (4.0, 0.5)), 'q100_activation_gain': 1.1, 'q100_trim_weight': 0.5, 'q100_distance_quantile': 1.0, 'q100_reentry_rule': 'ma20', 'bear_filter_buffer': 0.01, 'bear_filter_slope_days': 30, 'bear_filter_require_20gt50': True}",15,514,1
macd_fast_10d,macd_entry,annual_net_eoy,"{'long_ma_days': 200.0, 'entry_confirm_bars': 2, 'exit_confirm_bars': 3, 'macd_fast_days': 10.0, 'macd_slow_days': 24.0, 'macd_signal_days': 9.0, 'average_type': 'sma', 'peak_stop_drawdown': 0.4, 'profit_lock_scheme': ((3.0, 0.75), (4.0, 0.5)), 'q100_activation_gain': 1.1, 'q100_trim_weight': 0.5, 'q100_distance_quantile': 1.0, 'q100_reentry_rule': 'ma20', 'bear_filter_buffer': 0.01, 'bear_filter_slope_days': 30, 'bear_filter_require_20gt50': True}",15,475,1
macd_fast_12d,macd_entry,annual_net_eoy,"{'long_ma_days': 200.0, 'entry_confirm_bars': 2, 'exit_confirm_bars': 3, 'macd_fast_days': 12.0, 'macd_slow_days': 24.0, 'macd_signal_days': 9.0, 'average_type': 'sma', 'peak_stop_drawdown': 0.4, 'profit_lock_scheme': ((3.0, 0.75), (4.0, 0.5)), 'q100_activation_gain': 1.1, 'q100_trim_weight': 0.5, 'q100_distance_quantile': 1.0, 'q100_reentry_rule': 'ma20', 'bear_filter_buffer': 0.01, 'bear_filter_slope_days': 30, 'bear_filter_require_20gt50': True}",15,506,1
macd_fast_14d,macd_entry,annual_net_eoy,"{'long_ma_days': 200.0, 'entry_confirm_bars': 2, 'exit_confirm_bars': 3, 'macd_fast_days': 14.0, 'macd_slow_days': 24.0, 'macd_signal_days': 9.0, 'average_type': 'sma', 'peak_stop_drawdown': 0.4, 'profit_lock_scheme': ((3.0, 0.75), (4.0, 0.5)), 'q100_activation_gain': 1.1, 'q100_trim_weight': 0.5, 'q100_distance_quantile': 1.0, 'q100_reentry_rule': 'ma20', 'bear_filter_buffer': 0.01, 'bear_filter_slope_days': 30, 'bear_filter_require_20gt50': True}",15,542,1
macd_slow_26d,macd_entry,annual_net_eoy,"{'long_ma_days': 200.0, 'entry_confirm_bars': 2, 'exit_confirm_bars': 3, 'macd_fast_days': 12.0, 'macd_slow_days': 26.0, 'macd_signal_days': 9.0, 'average_type': 'sma', 'peak_stop_drawdown': 0.4, 'profit_lock_scheme': ((3.0, 0.75), (4.0, 0.5)), 'q100_activation_gain': 1.1, 'q100_trim_weight': 0.5, 'q100_distance_quantile': 1.0, 'q100_reentry_rule': 'ma20', 'bear_filter_buffer': 0.01, 'bear_filter_slope_days': 30, 'bear_filter_require_20gt50': True}",15,503,1
macd_slow_30d,macd_entry,annual_net_eoy,"{'long_ma_days': 200.0, 'entry_confirm_bars': 2, 'exit_confirm_bars': 3, 'macd_fast_days': 12.0, 'macd_slow_days': 30.0, 'macd_signal_days': 9.0, 'average_type': 'sma', 'peak_stop_drawdown': 0.4, 'profit_lock_scheme': ((3.0, 0.75), (4.0, 0.5)), 'q100_activation_gain': 1.1, 'q100_trim_weight': 0.5, 'q100_distance_quantile': 1.0, 'q100_reentry_rule': 'ma20', 'bear_filter_buffer': 0.01, 'bear_filter_slope_days': 30, 'bear_filter_require_20gt50': True}",12,535,1
macd_signal_9d,macd_entry,annual_net_eoy,"{'long_ma_days': 200.0, 'entry_confirm_bars': 2, 'exit_confirm_bars': 3, 'macd_fast_days': 12.0, 'macd_slow_days': 24.0, 'macd_signal_days': 9.0, 'average_type': 'sma', 'peak_stop_drawdown': 0.4, 'profit_lock_scheme': ((3.0, 0.75), (4.0, 0.5)), 'q100_activation_gain': 1.1, 'q100_trim_weight': 0.5, 'q100_distance_quantile': 1.0, 'q100_reentry_rule': 'ma20', 'bear_filter_buffer': 0.01, 'bear_filter_slope_days': 30, 'bear_filter_require_20gt50': True}",15,506,1
macd_signal_12d,macd_entry,annual_net_eoy,"{'long_ma_days': 200.0, 'entry_confirm_bars': 2, 'exit_confirm_bars': 3, 'macd_fast_days': 12.0, 'macd_slow_days': 24.0, 'macd_signal_days': 12.0, 'average_type': 'sma', 'peak_stop_drawdown': 0.4, 'profit_lock_scheme': ((3.0, 0.75), (4.0, 0.5)), 'q100_activation_gain': 1.1, 'q100_trim_weight': 0.5, 'q100_distance_quantile': 1.0, 'q100_reentry_rule': 'ma20', 'bear_filter_buffer': 0.01, 'bear_filter_slope_days': 30, 'bear_filter_require_20gt50': True}",12,480,1
q100_activation_90,q100_activation,annual_net_eoy,"{'long_ma_days': 200.0, 'entry_confirm_bars': 2, 'exit_confirm_bars': 3, 'macd_fast_days': 12.0, 'macd_slow_days': 24.0, 'macd_signal_days': 9.0, 'average_type': 'sma', 'peak_stop_drawdown': 0.4, 'profit_lock_scheme': ((3.0, 0.75), (4.0, 0.5)), 'q100_activation_gain': 0.9, 'q100_trim_weight': 0.5, 'q100_distance_quantile': 1.0, 'q100_reentry_rule': 'ma20', 'bear_filter_buffer': 0.01, 'bear_filter_slope_days': 30, 'bear_filter_require_20gt50': True}",58,506,1
q100_activation_100,q100_activation,annual_net_eoy,"{'long_ma_days': 200.0, 'entry_confirm_bars': 2, 'exit_confirm_bars': 3, 'macd_fast_days': 12.0, 'macd_slow_days': 24.0, 'macd_signal_days': 9.0, 'average_type': 'sma', 'peak_stop_drawdown': 0.4, 'profit_lock_scheme': ((3.0, 0.75), (4.0, 0.5)), 'q100_activation_gain': 1.0, 'q100_trim_weight': 0.5, 'q100_distance_quantile': 1.0, 'q100_reentry_rule': 'ma20', 'bear_filter_buffer': 0.01, 'bear_filter_slope_days': 30, 'bear_filter_require_20gt50': True}",21,506,1
q100_activation_110,q100_activation,annual_net_eoy,"{'long_ma_days': 200.0, 'entry_confirm_bars': 2, 'exit_confirm_bars': 3, 'macd_fast_days': 12.0, 'macd_slow_days': 24.0, 'macd_signal_days': 9.0, 'average_type': 'sma', 'peak_stop_drawdown': 0.4, 'profit_lock_scheme': ((3.0, 0.75), (4.0, 0.5)), 'q100_activation_gain': 1.1, 'q100_trim_weight': 0.5, 'q100_distance_quantile': 1.0, 'q100_reentry_rule': 'ma20', 'bear_filter_buffer': 0.01, 'bear_filter_slope_days': 30, 'bear_filter_require_20gt50': True}",15,506,1
q100_activation_120,q100_activation,annual_net_eoy,"{'long_ma_days': 200.0, 'entry_confirm_bars': 2, 'exit_confirm_bars': 3, 'macd_fast_days': 12.0, 'macd_slow_days': 24.0, 'macd_signal_days': 9.0, 'average_type': 'sma', 'peak_stop_drawdown': 0.4, 'profit_lock_scheme': ((3.0, 0.75), (4.0, 0.5)), 'q100_activation_gain': 1.2, 'q100_trim_weight': 0.5, 'q100_distance_quantile': 1.0, 'q100_reentry_rule': 'ma20', 'bear_filter_buffer': 0.01, 'bear_filter_slope_days': 30, 'bear_filter_require_20gt50': True}",10,506,1
q100_activation_130,q100_activation,annual_net_eoy,"{'long_ma_days': 200.0, 'entry_confirm_bars': 2, 'exit_confirm_bars': 3, 'macd_fast_days': 12.0, 'macd_slow_days': 24.0, 'macd_signal_days': 9.0, 'average_type': 'sma', 'peak_stop_drawdown': 0.4, 'profit_lock_scheme': ((3.0, 0.75), (4.0, 0.5)), 'q100_activation_gain': 1.3, 'q100_trim_weight': 0.5, 'q100_distance_quantile': 1.0, 'q100_reentry_rule': 'ma20', 'bear_filter_buffer': 0.01, 'bear_filter_slope_days': 30, 'bear_filter_require_20gt50': True}",5,506,1
q100_trim_to_50,q100_trim_weight,annual_net_eoy,"{'long_ma_days': 200.0, 'entry_confirm_bars': 2, 'exit_confirm_bars': 3, 'macd_fast_days': 12.0, 'macd_slow_days': 24.0, 'macd_signal_days': 9.0, 'average_type': 'sma', 'peak_stop_drawdown': 0.4, 'profit_lock_scheme': ((3.0, 0.75), (4.0, 0.5)), 'q100_activation_gain': 1.1, 'q100_trim_weight': 0.5, 'q100_distance_quantile': 1.0, 'q100_reentry_rule': 'ma20', 'bear_filter_buffer': 0.01, 'bear_filter_slope_days': 30, 'bear_filter_require_20gt50': True}",15,506,1
q100_trim_to_60,q100_trim_weight,annual_net_eoy,"{'long_ma_days': 200.0, 'entry_confirm_bars': 2, 'exit_confirm_bars': 3, 'macd_fast_days': 12.0, 'macd_slow_days': 24.0, 'macd_signal_days': 9.0, 'average_type': 'sma', 'peak_stop_drawdown': 0.4, 'profit_lock_scheme': ((3.0, 0.75), (4.0, 0.5)), 'q100_activation_gain': 1.1, 'q100_trim_weight': 0.6, 'q100_distance_quantile': 1.0, 'q100_reentry_rule': 'ma20', 'bear_filter_buffer': 0.01, 'bear_filter_slope_days': 30, 'bear_filter_require_20gt50': True}",15,506,1
q100_trim_to_75,q100_trim_weight,annual_net_eoy,"{'long_ma_days': 200.0, 'entry_confirm_bars': 2, 'exit_confirm_bars': 3, 'macd_fast_days': 12.0, 'macd_slow_days': 24.0, 'macd_signal_days': 9.0, 'average_type': 'sma', 'peak_stop_drawdown': 0.4, 'profit_lock_scheme': ((3.0, 0.75), (4.0, 0.5)), 'q100_activation_gain': 1.1, 'q100_trim_weight': 0.75, 'q100_distance_quantile': 1.0, 'q100_reentry_rule': 'ma20', 'bear_filter_buffer': 0.01, 'bear_filter_slope_days': 30, 'bear_filter_require_20gt50': True}",15,506,1
q100_reentry_ma20,q100_reentry,annual_net_eoy,"{'long_ma_days': 200.0, 'entry_confirm_bars': 2, 'exit_confirm_bars': 3, 'macd_fast_days': 12.0, 'macd_slow_days': 24.0, 'macd_signal_days': 9.0, 'average_type': 'sma', 'peak_stop_drawdown': 0.4, 'profit_lock_scheme': ((3.0, 0.75), (4.0, 0.5)), 'q100_activation_gain': 1.1, 'q100_trim_weight': 0.5, 'q100_distance_quantile': 1.0, 'q100_reentry_rule': 'ma20', 'bear_filter_buffer': 0.01, 'bear_filter_slope_days': 30, 'bear_filter_require_20gt50': True}",15,506,1
q100_reentry_ma50,q100_reentry,annual_net_eoy,"{'long_ma_days': 200.0, 'entry_confirm_bars': 2, 'exit_confirm_bars': 3, 'macd_fast_days': 12.0, 'macd_slow_days': 24.0, 'macd_signal_days': 9.0, 'average_type': 'sma', 'peak_stop_drawdown': 0.4, 'profit_lock_scheme': ((3.0, 0.75), (4.0, 0.5)), 'q100_activation_gain': 1.1, 'q100_trim_weight': 0.5, 'q100_distance_quantile': 1.0, 'q100_reentry_rule': 'ma50', 'bear_filter_buffer': 0.01, 'bear_filter_slope_days': 30, 'bear_filter_require_20gt50': True}",10,506,1
bear_buf005bp_slope20,bear_filter,annual_net_eoy,"{'long_ma_days': 200.0, 'entry_confirm_bars': 2, 'exit_confirm_bars': 3, 'macd_fast_days': 12.0, 'macd_slow_days': 24.0, 'macd_signal_days': 9.0, 'average_type': 'sma', 'peak_stop_drawdown': 0.4, 'profit_lock_scheme': ((3.0, 0.75), (4.0, 0.5)), 'q100_activation_gain': 1.1, 'q100_trim_weight': 0.5, 'q100_distance_quantile': 1.0, 'q100_reentry_rule': 'ma20', 'bear_filter_buffer': 0.005, 'bear_filter_slope_days': 20, 'bear_filter_require_20gt50': False}",15,234,1
bear_buf005bp_slope20_20gt50,bear_filter,annual_net_eoy,"{'long_ma_days': 200.0, 'entry_confirm_bars': 2, 'exit_confirm_bars': 3, 'macd_fast_days': 12.0, 'macd_slow_days': 24.0, 'macd_signal_days': 9.0, 'average_type': 'sma', 'peak_stop_drawdown': 0.4, 'profit_lock_scheme': ((3.0, 0.75), (4.0, 0.5)), 'q100_activation_gain': 1.1, 'q100_trim_weight': 0.5, 'q100_distance_quantile': 1.0, 'q100_reentry_rule': 'ma20', 'bear_filter_buffer': 0.005, 'bear_filter_slope_days': 20, 'bear_filter_require_20gt50': True}",15,392,1
bear_buf005bp_slope30,bear_filter,annual_net_eoy,"{'long_ma_days': 200.0, 'entry_confirm_bars': 2, 'exit_confirm_bars': 3, 'macd_fast_days': 12.0, 'macd_slow_days': 24.0, 'macd_signal_days': 9.0, 'average_type': 'sma', 'peak_stop_drawdown': 0.4, 'profit_lock_scheme': ((3.0, 0.75), (4.0, 0.5)), 'q100_activation_gain': 1.1, 'q100_trim_weight': 0.5, 'q100_distance_quantile': 1.0, 'q100_reentry_rule': 'ma20', 'bear_filter_buffer': 0.005, 'bear_filter_slope_days': 30, 'bear_filter_require_20gt50': False}",15,314,1
bear_buf005bp_slope30_20gt50,bear_filter,annual_net_eoy,"{'long_ma_days': 200.0, 'entry_confirm_bars': 2, 'exit_confirm_bars': 3, 'macd_fast_days': 12.0, 'macd_slow_days': 24.0, 'macd_signal_days': 9.0, 'average_type': 'sma', 'peak_stop_drawdown': 0.4, 'profit_lock_scheme': ((3.0, 0.75), (4.0, 0.5)), 'q100_activation_gain': 1.1, 'q100_trim_weight': 0.5, 'q100_distance_quantile': 1.0, 'q100_reentry_rule': 'ma20', 'bear_filter_buffer': 0.005, 'bear_filter_slope_days': 30, 'bear_filter_require_20gt50': True}",15,494,1
bear_buf005bp_slope40,bear_filter,annual_net_eoy,"{'long_ma_days': 200.0, 'entry_confirm_bars': 2, 'exit_confirm_bars': 3, 'macd_fast_days': 12.0, 'macd_slow_days': 24.0, 'macd_signal_days': 9.0, 'average_type': 'sma', 'peak_stop_drawdown': 0.4, 'profit_lock_scheme': ((3.0, 0.75), (4.0, 0.5)), 'q100_activation_gain': 1.1, 'q100_trim_weight': 0.5, 'q100_distance_quantile': 1.0, 'q100_reentry_rule': 'ma20', 'bear_filter_buffer': 0.005, 'bear_filter_slope_days': 40, 'bear_filter_require_20gt50': False}",15,404,1
bear_buf005bp_slope40_20gt50,bear_filter,annual_net_eoy,"{'long_ma_days': 200.0, 'entry_confirm_bars': 2, 'exit_confirm_bars': 3, 'macd_fast_days': 12.0, 'macd_slow_days': 24.0, 'macd_signal_days': 9.0, 'average_type': 'sma', 'peak_stop_drawdown': 0.4, 'profit_lock_scheme': ((3.0, 0.75), (4.0, 0.5)), 'q100_activation_gain': 1.1, 'q100_trim_weight': 0.5, 'q100_distance_quantile': 1.0, 'q100_reentry_rule': 'ma20', 'bear_filter_buffer': 0.005, 'bear_filter_slope_days': 40, 'bear_filter_require_20gt50': True}",15,630,1
bear_buf010bp_slope20,bear_filter,annual_net_eoy,"{'long_ma_days': 200.0, 'entry_confirm_bars': 2, 'exit_confirm_bars': 3, 'macd_fast_days': 12.0, 'macd_slow_days': 24.0, 'macd_signal_days': 9.0, 'average_type': 'sma', 'peak_stop_drawdown': 0.4, 'profit_lock_scheme': ((3.0, 0.75), (4.0, 0.5)), 'q100_activation_gain': 1.1, 'q100_trim_weight': 0.5, 'q100_distance_quantile': 1.0, 'q100_reentry_rule': 'ma20', 'bear_filter_buffer': 0.01, 'bear_filter_slope_days': 20, 'bear_filter_require_20gt50': False}",15,246,1
bear_buf010bp_slope20_20gt50,bear_filter,annual_net_eoy,"{'long_ma_days': 200.0, 'entry_confirm_bars': 2, 'exit_confirm_bars': 3, 'macd_fast_days': 12.0, 'macd_slow_days': 24.0, 'macd_signal_days': 9.0, 'average_type': 'sma', 'peak_stop_drawdown': 0.4, 'profit_lock_scheme': ((3.0, 0.75), (4.0, 0.5)), 'q100_activation_gain': 1.1, 'q100_trim_weight': 0.5, 'q100_distance_quantile': 1.0, 'q100_reentry_rule': 'ma20', 'bear_filter_buffer': 0.01, 'bear_filter_slope_days': 20, 'bear_filter_require_20gt50': True}",15,404,1
bear_buf010bp_slope30,bear_filter,annual_net_eoy,"{'long_ma_days': 200.0, 'entry_confirm_bars': 2, 'exit_confirm_bars': 3, 'macd_fast_days': 12.0, 'macd_slow_days': 24.0, 'macd_signal_days': 9.0, 'average_type': 'sma', 'peak_stop_drawdown': 0.4, 'profit_lock_scheme': ((3.0, 0.75), (4.0, 0.5)), 'q100_activation_gain': 1.1, 'q100_trim_weight': 0.5, 'q100_distance_quantile': 1.0, 'q100_reentry_rule': 'ma20', 'bear_filter_buffer': 0.01, 'bear_filter_slope_days': 30, 'bear_filter_require_20gt50': False}",15,326,1
bear_buf010bp_slope30_20gt50,bear_filter,annual_net_eoy,"{'long_ma_days': 200.0, 'entry_confirm_bars': 2, 'exit_confirm_bars': 3, 'macd_fast_days': 12.0, 'macd_slow_days': 24.0, 'macd_signal_days': 9.0, 'average_type': 'sma', 'peak_stop_drawdown': 0.4, 'profit_lock_scheme': ((3.0, 0.75), (4.0, 0.5)), 'q100_activation_gain': 1.1, 'q100_trim_weight': 0.5, 'q100_distance_quantile': 1.0, 'q100_reentry_rule': 'ma20', 'bear_filter_buffer': 0.01, 'bear_filter_slope_days': 30, 'bear_filter_require_20gt50': True}",15,506,1
bear_buf010bp_slope40,bear_filter,annual_net_eoy,"{'long_ma_days': 200.0, 'entry_confirm_bars': 2, 'exit_confirm_bars': 3, 'macd_fast_days': 12.0, 'macd_slow_days': 24.0, 'macd_signal_days': 9.0, 'average_type': 'sma', 'peak_stop_drawdown': 0.4, 'profit_lock_scheme': ((3.0, 0.75), (4.0, 0.5)), 'q100_activation_gain': 1.1, 'q100_trim_weight': 0.5, 'q100_distance_quantile': 1.0, 'q100_reentry_rule': 'ma20', 'bear_filter_buffer': 0.01, 'bear_filter_slope_days': 40, 'bear_filter_require_20gt50': False}",15,414,1
bear_buf010bp_slope40_20gt50,bear_filter,annual_net_eoy,"{'long_ma_days': 200.0, 'entry_confirm_bars': 2, 'exit_confirm_bars': 3, 'macd_fast_days': 12.0, 'macd_slow_days': 24.0, 'macd_signal_days': 9.0, 'average_type': 'sma', 'peak_stop_drawdown': 0.4, 'profit_lock_scheme': ((3.0, 0.75), (4.0, 0.5)), 'q100_activation_gain': 1.1, 'q100_trim_weight': 0.5, 'q100_distance_quantile': 1.0, 'q100_reentry_rule': 'ma20', 'bear_filter_buffer': 0.01, 'bear_filter_slope_days': 40, 'bear_filter_require_20gt50': True}",15,640,1
bear_buf015bp_slope20,bear_filter,annual_net_eoy,"{'long_ma_days': 200.0, 'entry_confirm_bars': 2, 'exit_confirm_bars': 3, 'macd_fast_days': 12.0, 'macd_slow_days': 24.0, 'macd_signal_days': 9.0, 'average_type': 'sma', 'peak_stop_drawdown': 0.4, 'profit_lock_scheme': ((3.0, 0.75), (4.0, 0.5)), 'q100_activation_gain': 1.1, 'q100_trim_weight': 0.5, 'q100_distance_quantile': 1.0, 'q100_reentry_rule': 'ma20', 'bear_filter_buffer': 0.015, 'bear_filter_slope_days': 20, 'bear_filter_require_20gt50': False}",15,282,1
bear_buf015bp_slope20_20gt50,bear_filter,annual_net_eoy,"{'long_ma_days': 200.0, 'entry_confirm_bars': 2, 'exit_confirm_bars': 3, 'macd_fast_days': 12.0, 'macd_slow_days': 24.0, 'macd_signal_days': 9.0, 'average_type': 'sma', 'peak_stop_drawdown': 0.4, 'profit_lock_scheme': ((3.0, 0.75), (4.0, 0.5)), 'q100_activation_gain': 1.1, 'q100_trim_weight': 0.5, 'q100_distance_quantile': 1.0, 'q100_reentry_rule': 'ma20', 'bear_filter_buffer': 0.015, 'bear_filter_slope_days': 20, 'bear_filter_require_20gt50': True}",15,432,1
bear_buf015bp_slope30,bear_filter,annual_net_eoy,"{'long_ma_days': 200.0, 'entry_confirm_bars': 2, 'exit_confirm_bars': 3, 'macd_fast_days': 12.0, 'macd_slow_days': 24.0, 'macd_signal_days': 9.0, 'average_type': 'sma', 'peak_stop_drawdown': 0.4, 'profit_lock_scheme': ((3.0, 0.75), (4.0, 0.5)), 'q100_activation_gain': 1.1, 'q100_trim_weight': 0.5, 'q100_distance_quantile': 1.0, 'q100_reentry_rule': 'ma20', 'bear_filter_buffer': 0.015, 'bear_filter_slope_days': 30, 'bear_filter_require_20gt50': False}",15,362,1
bear_buf015bp_slope30_20gt50,bear_filter,annual_net_eoy,"{'long_ma_days': 200.0, 'entry_confirm_bars': 2, 'exit_confirm_bars': 3, 'macd_fast_days': 12.0, 'macd_slow_days': 24.0, 'macd_signal_days': 9.0, 'average_type': 'sma', 'peak_stop_drawdown': 0.4, 'profit_lock_scheme': ((3.0, 0.75), (4.0, 0.5)), 'q100_activation_gain': 1.1, 'q100_trim_weight': 0.5, 'q100_distance_quantile': 1.0, 'q100_reentry_rule': 'ma20', 'bear_filter_buffer': 0.015, 'bear_filter_slope_days': 30, 'bear_filter_require_20gt50': True}",15,534,1
bear_buf015bp_slope40,bear_filter,annual_net_eoy,"{'long_ma_days': 200.0, 'entry_confirm_bars': 2, 'exit_confirm_bars': 3, 'macd_fast_days': 12.0, 'macd_slow_days': 24.0, 'macd_signal_days': 9.0, 'average_type': 'sma', 'peak_stop_drawdown': 0.4, 'profit_lock_scheme': ((3.0, 0.75), (4.0, 0.5)), 'q100_activation_gain': 1.1, 'q100_trim_weight': 0.5, 'q100_distance_quantile': 1.0, 'q100_reentry_rule': 'ma20', 'bear_filter_buffer': 0.015, 'bear_filter_slope_days': 40, 'bear_filter_require_20gt50': False}",15,443,1
bear_buf015bp_slope40_20gt50,bear_filter,annual_net_eoy,"{'long_ma_days': 200.0, 'entry_confirm_bars': 2, 'exit_confirm_bars': 3, 'macd_fast_days': 12.0, 'macd_slow_days': 24.0, 'macd_signal_days': 9.0, 'average_type': 'sma', 'peak_stop_drawdown': 0.4, 'profit_lock_scheme': ((3.0, 0.75), (4.0, 0.5)), 'q100_activation_gain': 1.1, 'q100_trim_weight': 0.5, 'q100_distance_quantile': 1.0, 'q100_reentry_rule': 'ma20', 'bear_filter_buffer': 0.015, 'bear_filter_slope_days': 40, 'bear_filter_require_20gt50': True}",15,663,1
bear_buf020bp_slope20,bear_filter,annual_net_eoy,"{'long_ma_days': 200.0, 'entry_confirm_bars': 2, 'exit_confirm_bars': 3, 'macd_fast_days': 12.0, 'macd_slow_days': 24.0, 'macd_signal_days': 9.0, 'average_type': 'sma', 'peak_stop_drawdown': 0.4, 'profit_lock_scheme': ((3.0, 0.75), (4.0, 0.5)), 'q100_activation_gain': 1.1, 'q100_trim_weight': 0.5, 'q100_distance_quantile': 1.0, 'q100_reentry_rule': 'ma20', 'bear_filter_buffer': 0.02, 'bear_filter_slope_days': 20, 'bear_filter_require_20gt50': False}",15,345,1
bear_buf020bp_slope20_20gt50,bear_filter,annual_net_eoy,"{'long_ma_days': 200.0, 'entry_confirm_bars': 2, 'exit_confirm_bars': 3, 'macd_fast_days': 12.0, 'macd_slow_days': 24.0, 'macd_signal_days': 9.0, 'average_type': 'sma', 'peak_stop_drawdown': 0.4, 'profit_lock_scheme': ((3.0, 0.75), (4.0, 0.5)), 'q100_activation_gain': 1.1, 'q100_trim_weight': 0.5, 'q100_distance_quantile': 1.0, 'q100_reentry_rule': 'ma20', 'bear_filter_buffer': 0.02, 'bear_filter_slope_days': 20, 'bear_filter_require_20gt50': True}",15,468,1
bear_buf020bp_slope30,bear_filter,annual_net_eoy,"{'long_ma_days': 200.0, 'entry_confirm_bars': 2, 'exit_confirm_bars': 3, 'macd_fast_days': 12.0, 'macd_slow_days': 24.0, 'macd_signal_days': 9.0, 'average_type': 'sma', 'peak_stop_drawdown': 0.4, 'profit_lock_scheme': ((3.0, 0.75), (4.0, 0.5)), 'q100_activation_gain': 1.1, 'q100_trim_weight': 0.5, 'q100_distance_quantile': 1.0, 'q100_reentry_rule': 'ma20', 'bear_filter_buffer': 0.02, 'bear_filter_slope_days': 30, 'bear_filter_require_20gt50': False}",15,425,1
bear_buf020bp_slope30_20gt50,bear_filter,annual_net_eoy,"{'long_ma_days': 200.0, 'entry_confirm_bars': 2, 'exit_confirm_bars': 3, 'macd_fast_days': 12.0, 'macd_slow_days': 24.0, 'macd_signal_days': 9.0, 'average_type': 'sma', 'peak_stop_drawdown': 0.4, 'profit_lock_scheme': ((3.0, 0.75), (4.0, 0.5)), 'q100_activation_gain': 1.1, 'q100_trim_weight': 0.5, 'q100_distance_quantile': 1.0, 'q100_reentry_rule': 'ma20', 'bear_filter_buffer': 0.02, 'bear_filter_slope_days': 30, 'bear_filter_require_20gt50': True}",15,570,1
bear_buf020bp_slope40,bear_filter,annual_net_eoy,"{'long_ma_days': 200.0, 'entry_confirm_bars': 2, 'exit_confirm_bars': 3, 'macd_fast_days': 12.0, 'macd_slow_days': 24.0, 'macd_signal_days': 9.0, 'average_type': 'sma', 'peak_stop_drawdown': 0.4, 'profit_lock_scheme': ((3.0, 0.75), (4.0, 0.5)), 'q100_activation_gain': 1.1, 'q100_trim_weight': 0.5, 'q100_distance_quantile': 1.0, 'q100_reentry_rule': 'ma20', 'bear_filter_buffer': 0.02, 'bear_filter_slope_days': 40, 'bear_filter_require_20gt50': False}",15,458,1
bear_buf020bp_slope40_20gt50,bear_filter,annual_net_eoy,"{'long_ma_days': 200.0, 'entry_confirm_bars': 2, 'exit_confirm_bars': 3, 'macd_fast_days': 12.0, 'macd_slow_days': 24.0, 'macd_signal_days': 9.0, 'average_type': 'sma', 'peak_stop_drawdown': 0.4, 'profit_lock_scheme': ((3.0, 0.75), (4.0, 0.5)), 'q100_activation_gain': 1.1, 'q100_trim_weight': 0.5, 'q100_distance_quantile': 1.0, 'q100_reentry_rule': 'ma20', 'bear_filter_buffer': 0.02, 'bear_filter_slope_days': 40, 'bear_filter_require_20gt50': True}",15,676,1
peak_stop_35,peak_stop,annual_net_eoy,"{'long_ma_days': 200.0, 'entry_confirm_bars': 2, 'exit_confirm_bars': 3, 'macd_fast_days': 12.0, 'macd_slow_days': 24.0, 'macd_signal_days': 9.0, 'average_type': 'sma', 'peak_stop_drawdown': 0.35, 'profit_lock_scheme': ((3.0, 0.75), (4.0, 0.5)), 'q100_activation_gain': 1.1, 'q100_trim_weight': 0.5, 'q100_distance_quantile': 1.0, 'q100_reentry_rule': 'ma20', 'bear_filter_buffer': 0.01, 'bear_filter_slope_days': 30, 'bear_filter_require_20gt50': True}",14,506,4
peak_stop_40,peak_stop,annual_net_eoy,"{'long_ma_days': 200.0, 'entry_confirm_bars': 2, 'exit_confirm_bars': 3, 'macd_fast_days': 12.0, 'macd_slow_days': 24.0, 'macd_signal_days': 9.0, 'average_type': 'sma', 'peak_stop_drawdown': 0.4, 'profit_lock_scheme': ((3.0, 0.75), (4.0, 0.5)), 'q100_activation_gain': 1.1, 'q100_trim_weight': 0.5, 'q100_distance_quantile': 1.0, 'q100_reentry_rule': 'ma20', 'bear_filter_buffer': 0.01, 'bear_filter_slope_days': 30, 'bear_filter_require_20gt50': True}",15,506,1
peak_stop_45,peak_stop,annual_net_eoy,"{'long_ma_days': 200.0, 'entry_confirm_bars': 2, 'exit_confirm_bars': 3, 'macd_fast_days': 12.0, 'macd_slow_days': 24.0, 'macd_signal_days': 9.0, 'average_type': 'sma', 'peak_stop_drawdown': 0.45, 'profit_lock_scheme': ((3.0, 0.75), (4.0, 0.5)), 'q100_activation_gain': 1.1, 'q100_trim_weight': 0.5, 'q100_distance_quantile': 1.0, 'q100_reentry_rule': 'ma20', 'bear_filter_buffer': 0.01, 'bear_filter_slope_days': 30, 'bear_filter_require_20gt50': True}",15,506,1
peak_stop_50,peak_stop,annual_net_eoy,"{'long_ma_days': 200.0, 'entry_confirm_bars': 2, 'exit_confirm_bars': 3, 'macd_fast_days': 12.0, 'macd_slow_days': 24.0, 'macd_signal_days': 9.0, 'average_type': 'sma', 'peak_stop_drawdown': 0.5, 'profit_lock_scheme': ((3.0, 0.75), (4.0, 0.5)), 'q100_activation_gain': 1.1, 'q100_trim_weight': 0.5, 'q100_distance_quantile': 1.0, 'q100_reentry_rule': 'ma20', 'bear_filter_buffer': 0.01, 'bear_filter_slope_days': 30, 'bear_filter_require_20gt50': True}",15,506,0
profit_lock_none,profit_lock,annual_net_eoy,"{'long_ma_days': 200.0, 'entry_confirm_bars': 2, 'exit_confirm_bars': 3, 'macd_fast_days': 12.0, 'macd_slow_days': 24.0, 'macd_signal_days': 9.0, 'average_type': 'sma', 'peak_stop_drawdown': 0.4, 'profit_lock_scheme': (), 'q100_activation_gain': 1.1, 'q100_trim_weight': 0.5, 'q100_distance_quantile': 1.0, 'q100_reentry_rule': 'ma20', 'bear_filter_buffer': 0.01, 'bear_filter_slope_days': 30, 'bear_filter_require_20gt50': True}",15,506,1
profit_lock_300_400,profit_lock,annual_net_eoy,"{'long_ma_days': 200.0, 'entry_confirm_bars': 2, 'exit_confirm_bars': 3, 'macd_fast_days': 12.0, 'macd_slow_days': 24.0, 'macd_signal_days': 9.0, 'average_type': 'sma', 'peak_stop_drawdown': 0.4, 'profit_lock_scheme': ((3.0, 0.75), (4.0, 0.5)), 'q100_activation_gain': 1.1, 'q100_trim_weight': 0.5, 'q100_distance_quantile': 1.0, 'q100_reentry_rule': 'ma20', 'bear_filter_buffer': 0.01, 'bear_filter_slope_days': 30, 'bear_filter_require_20gt50': True}",15,506,1
profit_lock_300_500,profit_lock,annual_net_eoy,"{'long_ma_days': 200.0, 'entry_confirm_bars': 2, 'exit_confirm_bars': 3, 'macd_fast_days': 12.0, 'macd_slow_days': 24.0, 'macd_signal_days': 9.0, 'average_type': 'sma', 'peak_stop_drawdown': 0.4, 'profit_lock_scheme': ((3.0, 0.75), (5.0, 0.5)), 'q100_activation_gain': 1.1, 'q100_trim_weight': 0.5, 'q100_distance_quantile': 1.0, 'q100_reentry_rule': 'ma20', 'bear_filter_buffer': 0.01, 'bear_filter_slope_days': 30, 'bear_filter_require_20gt50': True}",15,506,1
profit_lock_400_600,profit_lock,annual_net_eoy,"{'long_ma_days': 200.0, 'entry_confirm_bars': 2, 'exit_confirm_bars': 3, 'macd_fast_days': 12.0, 'macd_slow_days': 24.0, 'macd_signal_days': 9.0, 'average_type': 'sma', 'peak_stop_drawdown': 0.4, 'profit_lock_scheme': ((4.0, 0.75), (6.0, 0.5)), 'q100_activation_gain': 1.1, 'q100_trim_weight': 0.5, 'q100_distance_quantile': 1.0, 'q100_reentry_rule': 'ma20', 'bear_filter_buffer': 0.01, 'bear_filter_slope_days': 30, 'bear_filter_require_20gt50': True}",15,506,1
